Date,Province,Commodity,Price
2020-01-01,,Chili (bird's eye),6561.0
2020-01-01,,Chili (red),6349.0
2020-01-01,ACEH,Chili (bird's eye),39381.943333333336
2020-01-01,ACEH,"Chili (bird's eye, green)",39305.555
2020-01-01,ACEH,"Chili (bird's eye, red)",44400.0
2020-01-01,ACEH,Chili (red),29663.333999999995
2020-01-01,ACEH,"Chili (red, curly)",30155.556666666667
2020-01-01,ACEH,"Chili (red, large)",29000.0
2020-01-01,BALI,Chili (bird's eye),45390.7375
2020-01-01,BALI,"Chili (bird's eye, green)",33128.700000000004
2020-01-01,BALI,"Chili (bird's eye, red)",57652.7775
2020-01-01,BALI,Chili (red),47188.8875
2020-01-01,BALI,"Chili (red, curly)",45416.245
2020-01-01,BALI,"Chili (red, large)",48308.3325
2020-01-01,BANTEN,Chili (bird's eye),58705.46
2020-01-01,BANTEN,"Chili (bird's eye, green)",36183.333999999995
2020-01-01,BANTEN,"Chili (bird's eye, red)",80175.0
2020-01-01,BANTEN,Chili (red),68962.5
2020-01-01,BANTEN,"Chili (red, curly)",66269.44333333334
2020-01-01,BANTEN,"Chili (red, large)",72410.0
2020-01-01,BENGKULU,Chili (bird's eye),40916.13
2020-01-01,BENGKULU,"Chili (bird's eye, green)",41334.7675
2020-01-01,BENGKULU,"Chili (bird's eye, red)",44009.0525
2020-01-01,BENGKULU,Chili (red),47171.5525
2020-01-01,BENGKULU,"Chili (red, curly)",50577.4425
2020-01-01,BENGKULU,"Chili (red, large)",43765.66
2020-01-01,DAERAH ISTIMEWA YOGYAKARTA,Chili (bird's eye),49683.33
2020-01-01,DAERAH ISTIMEWA YOGYAKARTA,"Chili (bird's eye, green)",36141.665
2020-01-01,DAERAH ISTIMEWA YOGYAKARTA,"Chili (bird's eye, red)",63125.0
2020-01-01,DAERAH ISTIMEWA YOGYAKARTA,Chili (red),56279.17
2020-01-01,DAERAH ISTIMEWA YOGYAKARTA,"Chili (red, curly)",48233.335
2020-01-01,DAERAH ISTIMEWA YOGYAKARTA,"Chili (red, large)",64325.0
2020-01-01,DKI JAKARTA,Chili (bird's eye),63083.333333333336
2020-01-01,DKI JAKARTA,"Chili (bird's eye, green)",41944.443333333336
2020-01-01,DKI JAKARTA,"Chili (bird's eye, red)",84222.22333333333
2020-01-01,DKI JAKARTA,Chili (red),75319.44333333334
2020-01-01,DKI JAKARTA,"Chili (red, curly)",67055.55666666666
2020-01-01,DKI JAKARTA,"Chili (red, large)",83583.33333333333
2020-01-01,GORONTALO,Chili (bird's eye),57625.0
2020-01-01,GORONTALO,"Chili (bird's eye, green)",48775.863333333335
2020-01-01,GORONTALO,"Chili (bird's eye, red)",59770.11666666667
2020-01-01,GORONTALO,Chili (red),28000.0
2020-01-01,GORONTALO,"Chili (red, curly)",28388.89
2020-01-01,GORONTALO,"Chili (red, large)",26319.445
2020-01-01,JAMBI,Chili (bird's eye),59112.5025
2020-01-01,JAMBI,"Chili (bird's eye, green)",40000.0
2020-01-01,JAMBI,"Chili (bird's eye, red)",80283.3325
2020-01-01,JAMBI,Chili (red),37466.67
2020-01-01,JAMBI,"Chili (red, curly)",41045.832500000004
2020-01-01,JAMBI,"Chili (red, large)",40162.5
2020-01-01,JAWA BARAT,Chili (bird's eye),54727.56875
2020-01-01,JAWA BARAT,"Chili (bird's eye, green)",33536.278125
2020-01-01,JAWA BARAT,"Chili (bird's eye, red)",76791.76166666666
2020-01-01,JAWA BARAT,Chili (red),60951.977647058826
2020-01-01,JAWA BARAT,"Chili (red, curly)",57493.32611111111
2020-01-01,JAWA BARAT,"Chili (red, large)",64359.482777777775
2020-01-01,JAWA TENGAH,Chili (bird's eye),50223.10666666667
2020-01-01,JAWA TENGAH,"Chili (bird's eye, green)",33257.68875
2020-01-01,JAWA TENGAH,"Chili (bird's eye, red)",67249.69347826087
2020-01-01,JAWA TENGAH,Chili (red),51582.62772727273
2020-01-01,JAWA TENGAH,"Chili (red, curly)",52103.323913043474
2020-01-01,JAWA TENGAH,"Chili (red, large)",51573.99333333334
2020-01-01,JAWA TIMUR,Chili (bird's eye),44582.08888888889
2020-01-01,JAWA TIMUR,"Chili (bird's eye, green)",30952.358947368426
2020-01-01,JAWA TIMUR,"Chili (bird's eye, red)",62374.60375
2020-01-01,JAWA TIMUR,Chili (red),55710.21777777778
2020-01-01,JAWA TIMUR,"Chili (red, curly)",52714.04142857143
2020-01-01,JAWA TIMUR,"Chili (red, large)",57270.20578947368
2020-01-01,KALIMANTAN BARAT,Chili (bird's eye),61456.9
2020-01-01,KALIMANTAN BARAT,"Chili (bird's eye, green)",56080.556666666664
2020-01-01,KALIMANTAN BARAT,"Chili (bird's eye, red)",67050.0
2020-01-01,KALIMANTAN BARAT,Chili (red),41870.835
2020-01-01,KALIMANTAN BARAT,"Chili (red, curly)",44158.332500000004
2020-01-01,KALIMANTAN BARAT,"Chili (red, large)",40047.223333333335
2020-01-01,KALIMANTAN SELATAN,Chili (bird's eye),38255.746666666666
2020-01-01,KALIMANTAN SELATAN,"Chili (bird's eye, green)",27316.666666666668
2020-01-01,KALIMANTAN SELATAN,"Chili (bird's eye, red)",49872.22333333333
2020-01-01,KALIMANTAN SELATAN,Chili (red),37558.333333333336
2020-01-01,KALIMANTAN SELATAN,"Chili (red, curly)",36338.886666666665
2020-01-01,KALIMANTAN SELATAN,"Chili (red, large)",38777.776666666665
2020-01-01,KALIMANTAN TENGAH,Chili (bird's eye),43177.082500000004
2020-01-01,KALIMANTAN TENGAH,"Chili (bird's eye, green)",32326.39
2020-01-01,KALIMANTAN TENGAH,"Chili (bird's eye, red)",54027.7775
2020-01-01,KALIMANTAN TENGAH,Chili (red),50162.0375
2020-01-01,KALIMANTAN TENGAH,"Chili (red, curly)",48956.0175
2020-01-01,KALIMANTAN TENGAH,"Chili (red, large)",51368.057499999995
2020-01-01,KALIMANTAN TIMUR,Chili (bird's eye),48636.49333333334
2020-01-01,KALIMANTAN TIMUR,"Chili (bird's eye, green)",48836.111666666664
2020-01-01,KALIMANTAN TIMUR,"Chili (bird's eye, red)",48633.333333333336
2020-01-01,KALIMANTAN TIMUR,Chili (red),39075.0
2020-01-01,KALIMANTAN TIMUR,"Chili (red, curly)",33788.888333333336
2020-01-01,KALIMANTAN TIMUR,"Chili (red, large)",44361.111666666664
2020-01-01,KALIMANTAN UTARA,Chili (bird's eye),66606.32
2020-01-01,KALIMANTAN UTARA,"Chili (bird's eye, green)",66282.84
2020-01-01,KALIMANTAN UTARA,"Chili (bird's eye, red)",66594.83
2020-01-01,KALIMANTAN UTARA,Chili (red),46992.457500000004
2020-01-01,KALIMANTAN UTARA,"Chili (red, curly)",44907.3275
2020-01-01,KALIMANTAN UTARA,"Chili (red, large)",48936.78
2020-01-01,KEPULAUAN BANGKA BELITUNG,Chili (bird's eye),51162.5
2020-01-01,KEPULAUAN BANGKA BELITUNG,"Chili (bird's eye, green)",40170.835
2020-01-01,KEPULAUAN BANGKA BELITUNG,"Chili (bird's eye, red)",65737.5025
2020-01-01,KEPULAUAN BANGKA BELITUNG,Chili (red),65676.7225
2020-01-01,KEPULAUAN BANGKA BELITUNG,"Chili (red, curly)",54900.0
2020-01-01,KEPULAUAN BANGKA BELITUNG,"Chili (red, large)",76375.0
2020-01-01,KEPULAUAN RIAU,Chili (bird's eye),49320.832500000004
2020-01-01,KEPULAUAN RIAU,"Chili (bird's eye, green)",49403.332
2020-01-01,KEPULAUAN RIAU,Chili (red),60425.0
2020-01-01,KEPULAUAN RIAU,"Chili (red, curly)",60796.666000000005
2020-01-01,LAMPUNG,Chili (bird's eye),55290.9475
2020-01-01,LAMPUNG,"Chili (bird's eye, green)",41875.0
2020-01-01,LAMPUNG,"Chili (bird's eye, red)",68266.66500000001
2020-01-01,LAMPUNG,Chili (red),50430.556666666664
2020-01-01,LAMPUNG,"Chili (red, curly)",48495.832500000004
2020-01-01,LAMPUNG,"Chili (red, large)",54749.996666666666
2020-01-01,MALUKU,Chili (bird's eye),56350.573333333334
2020-01-01,MALUKU,"Chili (bird's eye, green)",25130.95
2020-01-01,MALUKU,"Chili (bird's eye, red)",69895.8325
2020-01-01,MALUKU,Chili (red),56218.7525
2020-01-01,MALUKU,"Chili (red, curly)",53437.5025
2020-01-01,MALUKU,"Chili (red, large)",45000.0
2020-01-01,MALUKU UTARA,Chili (bird's eye),73083.33499999999
2020-01-01,MALUKU UTARA,"Chili (bird's eye, green)",74500.0
2020-01-01,MALUKU UTARA,"Chili (bird's eye, red)",73333.33
2020-01-01,MALUKU UTARA,Chili (red),32887.93
2020-01-01,MALUKU UTARA,"Chili (red, curly)",35166.67
2020-01-01,MALUKU UTARA,"Chili (red, large)",30416.67
2020-01-01,NUSA TENGGARA BARAT,Chili (bird's eye),46619.998
2020-01-01,NUSA TENGGARA BARAT,"Chili (bird's eye, green)",29804.1675
2020-01-01,NUSA TENGGARA BARAT,"Chili (bird's eye, red)",57830.0
2020-01-01,NUSA TENGGARA BARAT,Chili (red),45079.167499999996
2020-01-01,NUSA TENGGARA BARAT,"Chili (red, curly)",43620.0
2020-01-01,NUSA TENGGARA BARAT,"Chili (red, large)",48125.0
2020-01-01,NUSA TENGGARA TIMUR,Chili (bird's eye),78861.2075
2020-01-01,NUSA TENGGARA TIMUR,"Chili (bird's eye, green)",47104.167499999996
2020-01-01,NUSA TENGGARA TIMUR,"Chili (bird's eye, red)",110783.75
2020-01-01,NUSA TENGGARA TIMUR,Chili (red),62242.77666666667
2020-01-01,NUSA TENGGARA TIMUR,"Chili (red, curly)",59773.75
2020-01-01,NUSA TENGGARA TIMUR,"Chili (red, large)",53458.75
2020-01-01,PAPUA,Chili (bird's eye),31014.058
2020-01-01,PAPUA,"Chili (bird's eye, green)",25516.358333333334
2020-01-01,PAPUA,"Chili (bird's eye, red)",38293.21
2020-01-01,PAPUA,Chili (red),44184.84666666667
2020-01-01,PAPUA,"Chili (red, curly)",34340.74
2020-01-01,PAPUA,"Chili (red, large)",53033.025
2020-01-01,PAPUA BARAT,Chili (bird's eye),48098.957500000004
2020-01-01,PAPUA BARAT,"Chili (bird's eye, green)",34101.63333333333
2020-01-01,PAPUA BARAT,"Chili (bird's eye, red)",60010.415
2020-01-01,PAPUA BARAT,Chili (red),47421.875
2020-01-01,PAPUA BARAT,"Chili (red, curly)",43875.0
2020-01-01,PAPUA BARAT,"Chili (red, large)",55111.11000000001
2020-01-01,RIAU,Chili (bird's eye),45096.42857142857
2020-01-01,RIAU,"Chili (bird's eye, green)",38469.04857142857
2020-01-01,RIAU,"Chili (bird's eye, red)",81067.545
2020-01-01,RIAU,Chili (red),41812.5
2020-01-01,RIAU,"Chili (red, curly)",44756.25
2020-01-01,RIAU,"Chili (red, large)",36205.556666666664
2020-01-01,SULAWESI BARAT,Chili (bird's eye),29892.8575
2020-01-01,SULAWESI BARAT,"Chili (bird's eye, green)",22961.11333333333
2020-01-01,SULAWESI BARAT,"Chili (bird's eye, red)",34162.5
2020-01-01,SULAWESI BARAT,Chili (red),28891.666666666668
2020-01-01,SULAWESI BARAT,"Chili (red, curly)",29237.5
2020-01-01,SULAWESI BARAT,"Chili (red, large)",29520.8325
2020-01-01,SULAWESI SELATAN,Chili (bird's eye),41522.917
2020-01-01,SULAWESI SELATAN,"Chili (bird's eye, red)",41522.917
2020-01-01,SULAWESI SELATAN,Chili (red),28752.314444444448
2020-01-01,SULAWESI SELATAN,"Chili (red, curly)",27304.166000000005
2020-01-01,SULAWESI SELATAN,"Chili (red, large)",29268.517777777783
2020-01-01,SULAWESI TENGAH,Chili (bird's eye),51825.0
2020-01-01,SULAWESI TENGAH,"Chili (bird's eye, green)",48500.0
2020-01-01,SULAWESI TENGAH,"Chili (bird's eye, red)",55150.0
2020-01-01,SULAWESI TENGAH,Chili (red),21825.0
2020-01-01,SULAWESI TENGAH,"Chili (red, curly)",21241.67
2020-01-01,SULAWESI TENGAH,"Chili (red, large)",45000.0
2020-01-01,SULAWESI TENGGARA,Chili (bird's eye),76370.6875
2020-01-01,SULAWESI TENGGARA,"Chili (bird's eye, green)",66895.8325
2020-01-01,SULAWESI TENGGARA,"Chili (bird's eye, red)",86129.1675
2020-01-01,SULAWESI TENGGARA,Chili (red),38020.835
2020-01-01,SULAWESI TENGGARA,"Chili (red, curly)",33833.335
2020-01-01,SULAWESI TENGGARA,"Chili (red, large)",38874.9975
2020-01-01,SULAWESI UTARA,Chili (bird's eye),43581.895000000004
2020-01-01,SULAWESI UTARA,"Chili (bird's eye, green)",32637.93
2020-01-01,SULAWESI UTARA,"Chili (bird's eye, red)",54525.86
2020-01-01,SULAWESI UTARA,Chili (red),21068.97
2020-01-01,SULAWESI UTARA,"Chili (red, curly)",22137.93
2020-01-01,SUMATERA BARAT,Chili (bird's eye),41237.067500000005
2020-01-01,SUMATERA BARAT,"Chili (bird's eye, green)",41512.5
2020-01-01,SUMATERA BARAT,Chili (red),43441.665
2020-01-01,SUMATERA BARAT,"Chili (red, curly)",43441.665
2020-01-01,SUMATERA SELATAN,Chili (bird's eye),73333.33499999999
2020-01-01,SUMATERA SELATAN,"Chili (bird's eye, green)",56194.443333333336
2020-01-01,SUMATERA SELATAN,"Chili (bird's eye, red)",64838.88999999999
2020-01-01,SUMATERA SELATAN,Chili (red),56002.87333333333
2020-01-01,SUMATERA SELATAN,"Chili (red, curly)",58016.666666666664
2020-01-01,SUMATERA SELATAN,"Chili (red, large)",53877.77666666667
2020-01-01,SUMATERA UTARA,Chili (bird's eye),36581.8975
2020-01-01,SUMATERA UTARA,"Chili (bird's eye, green)",36651.667
2020-01-01,SUMATERA UTARA,"Chili (bird's eye, red)",36112.4975
2020-01-01,SUMATERA UTARA,Chili (red),32320.689000000002
2020-01-01,SUMATERA UTARA,"Chili (red, curly)",32374.24181818182
2020-02-01,,Chili (bird's eye),67821.0
2020-02-01,,Chili (red),71312.0
2020-02-01,ACEH,Chili (bird's eye),36800.28833333333
2020-02-01,ACEH,"Chili (bird's eye, green)",37570.69
2020-02-01,ACEH,Chili (red),36125.0
2020-02-01,ACEH,"Chili (red, curly)",36306.138333333336
2020-02-01,BALI,Chili (bird's eye),43786.229999999996
2020-02-01,BALI,"Chili (bird's eye, green)",30117.754999999997
2020-02-01,BALI,"Chili (bird's eye, red)",52987.92
2020-02-01,BALI,Chili (red),59926.932499999995
2020-02-01,BALI,"Chili (red, curly)",54182.87
2020-02-01,BALI,"Chili (red, large)",64535.125
2020-02-01,BANTEN,Chili (bird's eye),52475.575000000004
2020-02-01,BANTEN,"Chili (bird's eye, green)",38244.828
2020-02-01,BANTEN,"Chili (bird's eye, red)",66295.97833333333
2020-02-01,BANTEN,Chili (red),69750.0
2020-02-01,BANTEN,"Chili (red, curly)",62178.16
2020-02-01,BANTEN,"Chili (red, large)",75752.87333333334
2020-02-01,BENGKULU,Chili (bird's eye),41982.759999999995
2020-02-01,BENGKULU,"Chili (bird's eye, green)",38530.1725
2020-02-01,BENGKULU,"Chili (bird's eye, red)",47211.6375
2020-02-01,BENGKULU,Chili (red),41616.380000000005
2020-02-01,BENGKULU,"Chili (red, curly)",44609.19666666666
2020-02-01,BENGKULU,"Chili (red, large)",38150.8625
2020-02-01,DAERAH ISTIMEWA YOGYAKARTA,Chili (bird's eye),46982.76
2020-02-01,DAERAH ISTIMEWA YOGYAKARTA,"Chili (bird's eye, green)",35655.175
2020-02-01,DAERAH ISTIMEWA YOGYAKARTA,"Chili (bird's eye, red)",54698.274999999994
2020-02-01,DAERAH ISTIMEWA YOGYAKARTA,Chili (red),60754.31
2020-02-01,DAERAH ISTIMEWA YOGYAKARTA,"Chili (red, curly)",49137.93
2020-02-01,DAERAH ISTIMEWA YOGYAKARTA,"Chili (red, large)",72370.69
2020-02-01,DKI JAKARTA,Chili (bird's eye),59612.07
2020-02-01,DKI JAKARTA,"Chili (bird's eye, green)",43678.159999999996
2020-02-01,DKI JAKARTA,"Chili (bird's eye, red)",72816.09
2020-02-01,DKI JAKARTA,Chili (red),76853.44666666667
2020-02-01,DKI JAKARTA,"Chili (red, curly)",65833.33333333333
2020-02-01,DKI JAKARTA,"Chili (red, large)",87873.56333333334
2020-02-01,GORONTALO,Chili (bird's eye),49094.82666666666
2020-02-01,GORONTALO,"Chili (bird's eye, green)",39413.79
2020-02-01,GORONTALO,"Chili (bird's eye, red)",50471.263333333336
2020-02-01,GORONTALO,Chili (red),28908.046666666665
2020-02-01,GORONTALO,"Chili (red, curly)",28908.046666666665
2020-02-01,JAMBI,Chili (bird's eye),58325.4325
2020-02-01,JAMBI,"Chili (bird's eye, green)",37719.8275
2020-02-01,JAMBI,"Chili (bird's eye, red)",78931.035
2020-02-01,JAMBI,Chili (red),41327.585
2020-02-01,JAMBI,"Chili (red, curly)",42206.8975
2020-02-01,JAMBI,"Chili (red, large)",41198.275
2020-02-01,JAWA BARAT,Chili (bird's eye),52574.28857142857
2020-02-01,JAWA BARAT,"Chili (bird's eye, green)",34306.28764705882
2020-02-01,JAWA BARAT,"Chili (bird's eye, red)",69549.4661111111
2020-02-01,JAWA BARAT,Chili (red),64442.754
2020-02-01,JAWA BARAT,"Chili (red, curly)",58389.812222222215
2020-02-01,JAWA BARAT,"Chili (red, large)",70622.05888888889
2020-02-01,JAWA TENGAH,Chili (bird's eye),41622.347727272725
2020-02-01,JAWA TENGAH,"Chili (bird's eye, green)",29826.06625
2020-02-01,JAWA TENGAH,"Chili (bird's eye, red)",53636.02416666667
2020-02-01,JAWA TENGAH,Chili (red),52773.28904761905
2020-02-01,JAWA TENGAH,"Chili (red, curly)",48673.163043478264
2020-02-01,JAWA TENGAH,"Chili (red, large)",55838.887083333335
2020-02-01,JAWA TIMUR,Chili (bird's eye),34685.823333333334
2020-02-01,JAWA TIMUR,"Chili (bird's eye, green)",25607.98578947368
2020-02-01,JAWA TIMUR,"Chili (bird's eye, red)",44764.008125
2020-02-01,JAWA TIMUR,Chili (red),56144.252
2020-02-01,JAWA TIMUR,"Chili (red, curly)",52827.58571428571
2020-02-01,JAWA TIMUR,"Chili (red, large)",59195.099473684204
2020-02-01,KALIMANTAN BARAT,Chili (bird's eye),65372.12666666667
2020-02-01,KALIMANTAN BARAT,"Chili (bird's eye, green)",60474.136666666665
2020-02-01,KALIMANTAN BARAT,"Chili (bird's eye, red)",70270.115
2020-02-01,KALIMANTAN BARAT,Chili (red),50979.886666666665
2020-02-01,KALIMANTAN BARAT,"Chili (red, curly)",57047.4175
2020-02-01,KALIMANTAN BARAT,"Chili (red, large)",51232.75833333333
2020-02-01,KALIMANTAN SELATAN,Chili (bird's eye),40910.920000000006
2020-02-01,KALIMANTAN SELATAN,"Chili (bird's eye, green)",30614.943333333333
2020-02-01,KALIMANTAN SELATAN,"Chili (bird's eye, red)",51206.89666666667
2020-02-01,KALIMANTAN SELATAN,Chili (red),40853.45
2020-02-01,KALIMANTAN SELATAN,"Chili (red, curly)",40477.01
2020-02-01,KALIMANTAN SELATAN,"Chili (red, large)",41229.88333333333
2020-02-01,KALIMANTAN TENGAH,Chili (bird's eye),43419.543333333335
2020-02-01,KALIMANTAN TENGAH,"Chili (bird's eye, green)",34633.62
2020-02-01,KALIMANTAN TENGAH,"Chili (bird's eye, red)",58861.6075
2020-02-01,KALIMANTAN TENGAH,Chili (red),55075.43
2020-02-01,KALIMANTAN TENGAH,"Chili (red, curly)",55129.31
2020-02-01,KALIMANTAN TENGAH,"Chili (red, large)",55021.55
2020-02-01,KALIMANTAN TIMUR,Chili (bird's eye),46344.255000000005
2020-02-01,KALIMANTAN TIMUR,"Chili (bird's eye, green)",44482.75833333333
2020-02-01,KALIMANTAN TIMUR,"Chili (bird's eye, red)",46243.45
2020-02-01,KALIMANTAN TIMUR,Chili (red),47044.828
2020-02-01,KALIMANTAN TIMUR,"Chili (red, curly)",41402.299999999996
2020-02-01,KALIMANTAN TIMUR,"Chili (red, large)",50186.78
2020-02-01,KALIMANTAN UTARA,Chili (bird's eye),83146.55
2020-02-01,KALIMANTAN UTARA,"Chili (bird's eye, green)",85948.275
2020-02-01,KALIMANTAN UTARA,"Chili (bird's eye, red)",80344.8275
2020-02-01,KALIMANTAN UTARA,Chili (red),55377.1575
2020-02-01,KALIMANTAN UTARA,"Chili (red, curly)",52715.5175
2020-02-01,KALIMANTAN UTARA,"Chili (red, large)",58038.795
2020-02-01,KEPULAUAN BANGKA BELITUNG,Chili (bird's eye),59866.07
2020-02-01,KEPULAUAN BANGKA BELITUNG,"Chili (bird's eye, green)",44767.8575
2020-02-01,KEPULAUAN BANGKA BELITUNG,"Chili (bird's eye, red)",58723.2125
2020-02-01,KEPULAUAN BANGKA BELITUNG,Chili (red),63770.090000000004
2020-02-01,KEPULAUAN BANGKA BELITUNG,"Chili (red, curly)",52540.1775
2020-02-01,KEPULAUAN BANGKA BELITUNG,"Chili (red, large)",75000.0
2020-02-01,KEPULAUAN RIAU,Chili (bird's eye),46048.276
2020-02-01,KEPULAUAN RIAU,"Chili (bird's eye, green)",46048.276
2020-02-01,KEPULAUAN RIAU,Chili (red),50406.896
2020-02-01,KEPULAUAN RIAU,"Chili (red, curly)",50406.896
2020-02-01,LAMPUNG,Chili (bird's eye),51926.7275
2020-02-01,LAMPUNG,"Chili (bird's eye, green)",36366.3775
2020-02-01,LAMPUNG,"Chili (bird's eye, red)",67487.07
2020-02-01,LAMPUNG,Chili (red),48456.89750000001
2020-02-01,LAMPUNG,"Chili (red, curly)",43655.1725
2020-02-01,LAMPUNG,"Chili (red, large)",55500.0
2020-02-01,MALUKU,Chili (bird's eye),48907.73666666667
2020-02-01,MALUKU,"Chili (bird's eye, green)",32285.71
2020-02-01,MALUKU,"Chili (bird's eye, red)",54606.48
2020-02-01,MALUKU,Chili (red),49140.6225
2020-02-01,MALUKU,"Chili (red, curly)",46383.9275
2020-02-01,MALUKU,"Chili (red, large)",50000.0
2020-02-01,MALUKU UTARA,Chili (bird's eye),70344.825
2020-02-01,MALUKU UTARA,"Chili (bird's eye, green)",71034.48
2020-02-01,MALUKU UTARA,"Chili (bird's eye, red)",66896.55
2020-02-01,MALUKU UTARA,Chili (red),39224.135
2020-02-01,MALUKU UTARA,"Chili (red, curly)",43534.48
2020-02-01,MALUKU UTARA,"Chili (red, large)",34913.79
2020-02-01,NUSA TENGGARA BARAT,Chili (bird's eye),38110.344
2020-02-01,NUSA TENGGARA BARAT,"Chili (bird's eye, green)",22064.655
2020-02-01,NUSA TENGGARA BARAT,"Chili (bird's eye, red)",48206.896
2020-02-01,NUSA TENGGARA BARAT,Chili (red),50879.31
2020-02-01,NUSA TENGGARA BARAT,"Chili (red, curly)",48893.102
2020-02-01,NUSA TENGGARA BARAT,"Chili (red, large)",54824.138
2020-02-01,NUSA TENGGARA TIMUR,Chili (bird's eye),77653.0175
2020-02-01,NUSA TENGGARA TIMUR,"Chili (bird's eye, green)",53426.725
2020-02-01,NUSA TENGGARA TIMUR,"Chili (bird's eye, red)",101861.2075
2020-02-01,NUSA TENGGARA TIMUR,Chili (red),66493.9675
2020-02-01,NUSA TENGGARA TIMUR,"Chili (red, curly)",67189.6575
2020-02-01,NUSA TENGGARA TIMUR,"Chili (red, large)",65794.39499999999
2020-02-01,PAPUA,Chili (bird's eye),50473.60400000001
2020-02-01,PAPUA,"Chili (bird's eye, green)",37437.88833333333
2020-02-01,PAPUA,"Chili (bird's eye, red)",63466.40166666667
2020-02-01,PAPUA,Chili (red),77488.39333333333
2020-02-01,PAPUA,"Chili (red, curly)",68703.35833333334
2020-02-01,PAPUA,"Chili (red, large)",86273.43166666666
2020-02-01,PAPUA BARAT,Chili (bird's eye),43867.707500000004
2020-02-01,PAPUA BARAT,"Chili (bird's eye, green)",28782.05
2020-02-01,PAPUA BARAT,"Chili (bird's eye, red)",55804.045
2020-02-01,PAPUA BARAT,Chili (red),48817.416666666664
2020-02-01,PAPUA BARAT,"Chili (red, curly)",37170.64333333333
2020-02-01,PAPUA BARAT,"Chili (red, large)",51925.28666666666
2020-02-01,RIAU,Chili (bird's eye),42525.865
2020-02-01,RIAU,"Chili (bird's eye, green)",36862.06857142857
2020-02-01,RIAU,"Chili (bird's eye, red)",67859.9125
2020-02-01,RIAU,Chili (red),44267.23875
2020-02-01,RIAU,"Chili (red, curly)",46390.08625
2020-02-01,RIAU,"Chili (red, large)",40494.253333333334
2020-02-01,SULAWESI BARAT,Chili (bird's eye),38545.2575
2020-02-01,SULAWESI BARAT,"Chili (bird's eye, green)",30668.1025
2020-02-01,SULAWESI BARAT,"Chili (bird's eye, red)",46422.415
2020-02-01,SULAWESI BARAT,Chili (red),39549.57
2020-02-01,SULAWESI BARAT,"Chili (red, curly)",38314.6525
2020-02-01,SULAWESI BARAT,"Chili (red, large)",40784.485
2020-02-01,SULAWESI SELATAN,Chili (bird's eye),42350.4
2020-02-01,SULAWESI SELATAN,"Chili (bird's eye, red)",42350.4
2020-02-01,SULAWESI SELATAN,Chili (red),36974.444444444445
2020-02-01,SULAWESI SELATAN,"Chili (red, curly)",35970.0
2020-02-01,SULAWESI SELATAN,"Chili (red, large)",37637.77777777778
2020-02-01,SULAWESI TENGAH,Chili (bird's eye),48517.240000000005
2020-02-01,SULAWESI TENGAH,"Chili (bird's eye, green)",42793.104999999996
2020-02-01,SULAWESI TENGAH,"Chili (bird's eye, red)",54241.380000000005
2020-02-01,SULAWESI TENGAH,Chili (red),22931.035000000003
2020-02-01,SULAWESI TENGAH,"Chili (red, curly)",22413.79
2020-02-01,SULAWESI TENGAH,"Chili (red, large)",40000.0
2020-02-01,SULAWESI TENGGARA,Chili (bird's eye),64941.81
2020-02-01,SULAWESI TENGGARA,"Chili (bird's eye, green)",59215.520000000004
2020-02-01,SULAWESI TENGGARA,"Chili (bird's eye, red)",70668.10500000001
2020-02-01,SULAWESI TENGGARA,Chili (red),38797.62333333333
2020-02-01,SULAWESI TENGGARA,"Chili (red, curly)",35754.3075
2020-02-01,SULAWESI TENGGARA,"Chili (red, large)",39314.655
2020-02-01,SULAWESI UTARA,Chili (bird's eye),36176.725
2020-02-01,SULAWESI UTARA,"Chili (bird's eye, green)",26379.309999999998
2020-02-01,SULAWESI UTARA,"Chili (bird's eye, red)",45974.134999999995
2020-02-01,SULAWESI UTARA,Chili (red),25982.76
2020-02-01,SULAWESI UTARA,"Chili (red, curly)",26982.76
2020-02-01,SUMATERA BARAT,Chili (bird's eye),38114.943333333336
2020-02-01,SUMATERA BARAT,"Chili (bird's eye, green)",37270.11666666667
2020-02-01,SUMATERA BARAT,Chili (red),44400.865
2020-02-01,SUMATERA BARAT,"Chili (red, curly)",44400.865
2020-02-01,SUMATERA SELATAN,Chili (bird's eye),72737.065
2020-02-01,SUMATERA SELATAN,"Chili (bird's eye, green)",53247.12666666667
2020-02-01,SUMATERA SELATAN,"Chili (bird's eye, red)",68022.98666666666
2020-02-01,SUMATERA SELATAN,Chili (red),53867.81333333333
2020-02-01,SUMATERA SELATAN,"Chili (red, curly)",55183.91
2020-02-01,SUMATERA SELATAN,"Chili (red, large)",52551.72333333333
2020-02-01,SUMATERA UTARA,Chili (bird's eye),33717.6725
2020-02-01,SUMATERA UTARA,"Chili (bird's eye, green)",33025.862
2020-02-01,SUMATERA UTARA,"Chili (bird's eye, red)",32577.585
2020-02-01,SUMATERA UTARA,Chili (red),38183.90777777778
2020-02-01,SUMATERA UTARA,"Chili (red, curly)",37990.59545454545
2020-03-01,,Chili (bird's eye),55722.0
2020-03-01,ACEH,Chili (bird's eye),34230.736666666664
2020-03-01,ACEH,"Chili (bird's eye, green)",33512.77
2020-03-01,ACEH,Chili (red),33324.7325
2020-03-01,ACEH,"Chili (red, curly)",34191.488333333335
2020-03-01,BALI,Chili (bird's eye),33996.3625
2020-03-01,BALI,"Chili (bird's eye, green)",27767.197500000002
2020-03-01,BALI,"Chili (bird's eye, red)",40225.53
2020-03-01,BALI,Chili (red),39823.66
2020-03-01,BALI,"Chili (red, curly)",37779.8125
2020-03-01,BALI,"Chili (red, large)",41520.9975
2020-03-01,BANTEN,Chili (bird's eye),43548.85166666667
2020-03-01,BANTEN,"Chili (bird's eye, green)",35558.335
2020-03-01,BANTEN,"Chili (bird's eye, red)",50919.445
2020-03-01,BANTEN,Chili (red),47032.3275
2020-03-01,BANTEN,"Chili (red, curly)",40066.666666666664
2020-03-01,BANTEN,"Chili (red, large)",51316.668333333335
2020-03-01,BENGKULU,Chili (bird's eye),36299.770000000004
2020-03-01,BENGKULU,"Chili (bird's eye, green)",35951.4375
2020-03-01,BENGKULU,"Chili (bird's eye, red)",36631.64
2020-03-01,BENGKULU,Chili (red),36967.53
2020-03-01,BENGKULU,"Chili (red, curly)",39741.0925
2020-03-01,BENGKULU,"Chili (red, large)",34193.9625
2020-03-01,DAERAH ISTIMEWA YOGYAKARTA,Chili (bird's eye),34708.335
2020-03-01,DAERAH ISTIMEWA YOGYAKARTA,"Chili (bird's eye, green)",32983.335
2020-03-01,DAERAH ISTIMEWA YOGYAKARTA,"Chili (bird's eye, red)",36433.335
2020-03-01,DAERAH ISTIMEWA YOGYAKARTA,Chili (red),38070.835
2020-03-01,DAERAH ISTIMEWA YOGYAKARTA,"Chili (red, curly)",33183.335
2020-03-01,DAERAH ISTIMEWA YOGYAKARTA,"Chili (red, large)",42958.33
2020-03-01,DKI JAKARTA,Chili (bird's eye),48763.88999999999
2020-03-01,DKI JAKARTA,"Chili (bird's eye, green)",40638.886666666665
2020-03-01,DKI JAKARTA,"Chili (bird's eye, red)",56888.88999999999
2020-03-01,DKI JAKARTA,Chili (red),56680.556666666664
2020-03-01,DKI JAKARTA,"Chili (red, curly)",48111.113333333335
2020-03-01,DKI JAKARTA,"Chili (red, large)",65250.0
2020-03-01,GORONTALO,Chili (bird's eye),40822.22
2020-03-01,GORONTALO,"Chili (bird's eye, green)",33166.67
2020-03-01,GORONTALO,"Chili (bird's eye, red)",42627.776666666665
2020-03-01,GORONTALO,Chili (red),25916.67
2020-03-01,GORONTALO,"Chili (red, curly)",24638.89
2020-03-01,JAMBI,Chili (bird's eye),42239.582500000004
2020-03-01,JAMBI,"Chili (bird's eye, green)",31200.0
2020-03-01,JAMBI,"Chili (bird's eye, red)",52020.835
2020-03-01,JAMBI,Chili (red),30802.78
2020-03-01,JAMBI,"Chili (red, curly)",30937.5
2020-03-01,JAMBI,"Chili (red, large)",30762.5
2020-03-01,JAWA BARAT,Chili (bird's eye),40690.55533333333
2020-03-01,JAWA BARAT,"Chili (bird's eye, green)",33063.724705882356
2020-03-01,JAWA BARAT,"Chili (bird's eye, red)",49259.80470588235
2020-03-01,JAWA BARAT,Chili (red),49795.833125
2020-03-01,JAWA BARAT,"Chili (red, curly)",42334.25888888889
2020-03-01,JAWA BARAT,"Chili (red, large)",54721.29666666666
2020-03-01,JAWA TENGAH,Chili (bird's eye),34328.20318181818
2020-03-01,JAWA TENGAH,"Chili (bird's eye, green)",27277.745
2020-03-01,JAWA TENGAH,"Chili (bird's eye, red)",41368.48217391304
2020-03-01,JAWA TENGAH,Chili (red),34475.81636363636
2020-03-01,JAWA TENGAH,"Chili (red, curly)",31955.153749999998
2020-03-01,JAWA TENGAH,"Chili (red, large)",36953.612272727274
2020-03-01,JAWA TIMUR,Chili (bird's eye),28512.033125
2020-03-01,JAWA TIMUR,"Chili (bird's eye, green)",22390.71263157895
2020-03-01,JAWA TIMUR,"Chili (bird's eye, red)",35648.71647058823
2020-03-01,JAWA TIMUR,Chili (red),32442.444705882357
2020-03-01,JAWA TIMUR,"Chili (red, curly)",33766.135
2020-03-01,JAWA TIMUR,"Chili (red, large)",33457.92526315789
2020-03-01,KALIMANTAN BARAT,Chili (bird's eye),57845.89666666667
2020-03-01,KALIMANTAN BARAT,"Chili (bird's eye, green)",53332.56333333333
2020-03-01,KALIMANTAN BARAT,"Chili (bird's eye, red)",62359.23
2020-03-01,KALIMANTAN BARAT,Chili (red),52139.691999999995
2020-03-01,KALIMANTAN BARAT,"Chili (red, curly)",55461.5
2020-03-01,KALIMANTAN BARAT,"Chili (red, large)",50051.41
2020-03-01,KALIMANTAN SELATAN,Chili (bird's eye),40336.28666666667
2020-03-01,KALIMANTAN SELATAN,"Chili (bird's eye, green)",30874.079999999998
2020-03-01,KALIMANTAN SELATAN,"Chili (bird's eye, red)",49798.493333333325
2020-03-01,KALIMANTAN SELATAN,Chili (red),35310.079999999994
2020-03-01,KALIMANTAN SELATAN,"Chili (red, curly)",35677.27333333334
2020-03-01,KALIMANTAN SELATAN,"Chili (red, large)",34942.88333333333
2020-03-01,KALIMANTAN TENGAH,Chili (bird's eye),40574.71333333333
2020-03-01,KALIMANTAN TENGAH,"Chili (bird's eye, green)",32023.7075
2020-03-01,KALIMANTAN TENGAH,"Chili (bird's eye, red)",57208.332500000004
2020-03-01,KALIMANTAN TENGAH,Chili (red),50791.667499999996
2020-03-01,KALIMANTAN TENGAH,"Chili (red, curly)",50479.165
2020-03-01,KALIMANTAN TENGAH,"Chili (red, large)",51104.167499999996
2020-03-01,KALIMANTAN TIMUR,Chili (bird's eye),39115.27833333333
2020-03-01,KALIMANTAN TIMUR,"Chili (bird's eye, green)",39486.111666666664
2020-03-01,KALIMANTAN TIMUR,"Chili (bird's eye, red)",38744.445
2020-03-01,KALIMANTAN TIMUR,Chili (red),38065.518
2020-03-01,KALIMANTAN TIMUR,"Chili (red, curly)",35494.443333333336
2020-03-01,KALIMANTAN TIMUR,"Chili (red, large)",41013.89
2020-03-01,KALIMANTAN UTARA,Chili (bird's eye),70166.6675
2020-03-01,KALIMANTAN UTARA,"Chili (bird's eye, green)",73041.6675
2020-03-01,KALIMANTAN UTARA,"Chili (bird's eye, red)",67291.6675
2020-03-01,KALIMANTAN UTARA,Chili (red),51795.832500000004
2020-03-01,KALIMANTAN UTARA,"Chili (red, curly)",43055.556666666664
2020-03-01,KALIMANTAN UTARA,"Chili (red, large)",53761.113333333335
2020-03-01,KEPULAUAN BANGKA BELITUNG,Chili (bird's eye),42574.6525
2020-03-01,KEPULAUAN BANGKA BELITUNG,"Chili (bird's eye, green)",43528.305
2020-03-01,KEPULAUAN BANGKA BELITUNG,"Chili (bird's eye, red)",41621.005000000005
2020-03-01,KEPULAUAN BANGKA BELITUNG,Chili (red),56435.63
2020-03-01,KEPULAUAN BANGKA BELITUNG,"Chili (red, curly)",38000.575
2020-03-01,KEPULAUAN BANGKA BELITUNG,"Chili (red, large)",74870.69
2020-03-01,KEPULAUAN RIAU,Chili (bird's eye),46806.668
2020-03-01,KEPULAUAN RIAU,"Chili (bird's eye, green)",46806.668
2020-03-01,KEPULAUAN RIAU,Chili (red),49516.67
2020-03-01,KEPULAUAN RIAU,"Chili (red, curly)",50836.67
2020-03-01,LAMPUNG,Chili (bird's eye),37285.417499999996
2020-03-01,LAMPUNG,"Chili (bird's eye, green)",34520.835
2020-03-01,LAMPUNG,"Chili (bird's eye, red)",40050.0
2020-03-01,LAMPUNG,Chili (red),37270.832500000004
2020-03-01,LAMPUNG,"Chili (red, curly)",32345.835
2020-03-01,LAMPUNG,"Chili (red, large)",44227.77666666667
2020-03-01,MALUKU,Chili (bird's eye),27837.4975
2020-03-01,MALUKU,"Chili (bird's eye, green)",15833.33
2020-03-01,MALUKU,"Chili (bird's eye, red)",28091.665
2020-03-01,MALUKU,Chili (red),33106.25
2020-03-01,MALUKU,"Chili (red, curly)",24188.89
2020-03-01,MALUKU,"Chili (red, large)",45833.33
2020-03-01,MALUKU UTARA,"Chili (bird's eye, green)",62833.335
2020-03-01,MALUKU UTARA,"Chili (bird's eye, red)",51833.33
2020-03-01,MALUKU UTARA,Chili (red),33791.665
2020-03-01,MALUKU UTARA,"Chili (red, curly)",36583.33
2020-03-01,MALUKU UTARA,"Chili (red, large)",31000.0
2020-03-01,NUSA TENGGARA BARAT,Chili (bird's eye),35802.93
2020-03-01,NUSA TENGGARA BARAT,"Chili (bird's eye, green)",20344.22
2020-03-01,NUSA TENGGARA BARAT,"Chili (bird's eye, red)",44979.894
2020-03-01,NUSA TENGGARA BARAT,Chili (red),38966.9525
2020-03-01,NUSA TENGGARA BARAT,"Chili (red, curly)",36766.666000000005
2020-03-01,NUSA TENGGARA BARAT,"Chili (red, large)",36777.314
2020-03-01,NUSA TENGGARA TIMUR,Chili (bird's eye),52567.915
2020-03-01,NUSA TENGGARA TIMUR,"Chili (bird's eye, green)",44215.832500000004
2020-03-01,NUSA TENGGARA TIMUR,"Chili (bird's eye, red)",60897.082500000004
2020-03-01,NUSA TENGGARA TIMUR,Chili (red),51128.75
2020-03-01,NUSA TENGGARA TIMUR,"Chili (red, curly)",50539.585
2020-03-01,NUSA TENGGARA TIMUR,"Chili (red, large)",51710.0025
2020-03-01,PAPUA,Chili (bird's eye),26581.754999999997
2020-03-01,PAPUA,"Chili (bird's eye, green)",24126.572
2020-03-01,PAPUA,"Chili (bird's eye, red)",34606.28
2020-03-01,PAPUA,Chili (red),53980.079999999994
2020-03-01,PAPUA,"Chili (red, curly)",46627.21166666667
2020-03-01,PAPUA,"Chili (red, large)",61253.89166666666
2020-03-01,PAPUA BARAT,Chili (bird's eye),32352.2725
2020-03-01,PAPUA BARAT,"Chili (bird's eye, green)",26319.8275
2020-03-01,PAPUA BARAT,"Chili (bird's eye, red)",40831.166666666664
2020-03-01,PAPUA BARAT,Chili (red),38250.36
2020-03-01,PAPUA BARAT,"Chili (red, curly)",25454.546666666665
2020-03-01,PAPUA BARAT,"Chili (red, large)",37575.8125
2020-03-01,RIAU,Chili (bird's eye),36538.33142857143
2020-03-01,RIAU,"Chili (bird's eye, green)",34437.707500000004
2020-03-01,RIAU,"Chili (bird's eye, red)",45875.0
2020-03-01,RIAU,Chili (red),37735.415
2020-03-01,RIAU,"Chili (red, curly)",39756.25
2020-03-01,RIAU,"Chili (red, large)",33644.445
2020-03-01,SULAWESI BARAT,Chili (bird's eye),24981.25
2020-03-01,SULAWESI BARAT,"Chili (bird's eye, green)",20633.3325
2020-03-01,SULAWESI BARAT,"Chili (bird's eye, red)",29329.1675
2020-03-01,SULAWESI BARAT,Chili (red),26177.085
2020-03-01,SULAWESI BARAT,"Chili (red, curly)",25691.665
2020-03-01,SULAWESI BARAT,"Chili (red, large)",26662.5
2020-03-01,SULAWESI SELATAN,Chili (bird's eye),24401.610999999997
2020-03-01,SULAWESI SELATAN,"Chili (bird's eye, red)",24401.610999999997
2020-03-01,SULAWESI SELATAN,Chili (red),22935.484444444442
2020-03-01,SULAWESI SELATAN,"Chili (red, curly)",24745.161
2020-03-01,SULAWESI SELATAN,"Chili (red, large)",20629.032
2020-03-01,SULAWESI TENGAH,Chili (bird's eye),35558.33
2020-03-01,SULAWESI TENGAH,"Chili (bird's eye, green)",33533.33
2020-03-01,SULAWESI TENGAH,"Chili (bird's eye, red)",37583.33
2020-03-01,SULAWESI TENGAH,Chili (red),19262.5
2020-03-01,SULAWESI TENGAH,"Chili (red, curly)",17391.67
2020-03-01,SULAWESI TENGAH,"Chili (red, large)",24722.225
2020-03-01,SULAWESI TENGGARA,Chili (bird's eye),48095.832500000004
2020-03-01,SULAWESI TENGGARA,"Chili (bird's eye, green)",45895.832500000004
2020-03-01,SULAWESI TENGGARA,"Chili (bird's eye, red)",50295.832500000004
2020-03-01,SULAWESI TENGGARA,Chili (red),36437.5
2020-03-01,SULAWESI TENGGARA,"Chili (red, curly)",38774.9975
2020-03-01,SULAWESI TENGGARA,"Chili (red, large)",35895.835
2020-03-01,SULAWESI UTARA,Chili (bird's eye),36153.735
2020-03-01,SULAWESI UTARA,"Chili (bird's eye, green)",30275.0
2020-03-01,SULAWESI UTARA,"Chili (bird's eye, red)",42316.665
2020-03-01,SULAWESI UTARA,Chili (red),21530.17
2020-03-01,SULAWESI UTARA,"Chili (red, curly)",23250.0
2020-03-01,SUMATERA BARAT,Chili (bird's eye),34493.056666666664
2020-03-01,SUMATERA BARAT,"Chili (bird's eye, green)",34588.542499999996
2020-03-01,SUMATERA BARAT,Chili (red),35333.335
2020-03-01,SUMATERA BARAT,"Chili (red, curly)",35333.335
2020-03-01,SUMATERA SELATAN,Chili (bird's eye),60787.5
2020-03-01,SUMATERA SELATAN,"Chili (bird's eye, green)",49605.73333333334
2020-03-01,SUMATERA SELATAN,"Chili (bird's eye, red)",52299.23333333334
2020-03-01,SUMATERA SELATAN,Chili (red),44121.95333333333
2020-03-01,SUMATERA SELATAN,"Chili (red, curly)",45945.52
2020-03-01,SUMATERA SELATAN,"Chili (red, large)",42298.386666666665
2020-03-01,SUMATERA UTARA,Chili (bird's eye),28816.6675
2020-03-01,SUMATERA UTARA,"Chili (bird's eye, green)",27109.834444444445
2020-03-01,SUMATERA UTARA,"Chili (bird's eye, red)",26325.0
2020-03-01,SUMATERA UTARA,Chili (red),31587.21777777778
2020-03-01,SUMATERA UTARA,"Chili (red, curly)",31310.75363636364
2020-04-01,ACEH,Chili (bird's eye),27680.0
2020-04-01,ACEH,"Chili (bird's eye, green)",27645.835
2020-04-01,ACEH,Chili (red),29179.165
2020-04-01,ACEH,"Chili (red, curly)",29988.888333333336
2020-04-01,BALI,Chili (bird's eye),32137.5
2020-04-01,BALI,"Chili (bird's eye, green)",27070.8325
2020-04-01,BALI,"Chili (bird's eye, red)",35716.666666666664
2020-04-01,BALI,Chili (red),21475.0
2020-04-01,BALI,"Chili (red, curly)",26670.8325
2020-04-01,BALI,"Chili (red, large)",16466.6675
2020-04-01,BANTEN,Chili (bird's eye),38102.77833333333
2020-04-01,BANTEN,"Chili (bird's eye, green)",29500.0
2020-04-01,BANTEN,"Chili (bird's eye, red)",46030.555
2020-04-01,BANTEN,Chili (red),28752.78
2020-04-01,BANTEN,"Chili (red, curly)",26708.331666666665
2020-04-01,BANTEN,"Chili (red, large)",30008.333333333332
2020-04-01,BENGKULU,Chili (bird's eye),27111.11
2020-04-01,BENGKULU,"Chili (bird's eye, green)",27483.3325
2020-04-01,BENGKULU,"Chili (bird's eye, red)",28481.6675
2020-04-01,BENGKULU,Chili (red),22850.0
2020-04-01,BENGKULU,"Chili (red, curly)",25458.3325
2020-04-01,BENGKULU,"Chili (red, large)",20241.6675
2020-04-01,DAERAH ISTIMEWA YOGYAKARTA,"Chili (bird's eye, green)",22833.335
2020-04-01,DAERAH ISTIMEWA YOGYAKARTA,"Chili (bird's eye, red)",30900.0
2020-04-01,DAERAH ISTIMEWA YOGYAKARTA,Chili (red),20820.835
2020-04-01,DAERAH ISTIMEWA YOGYAKARTA,"Chili (red, curly)",19133.33
2020-04-01,DAERAH ISTIMEWA YOGYAKARTA,"Chili (red, large)",22508.335
2020-04-01,DKI JAKARTA,Chili (bird's eye),44555.556666666664
2020-04-01,DKI JAKARTA,"Chili (bird's eye, green)",34750.0
2020-04-01,DKI JAKARTA,"Chili (bird's eye, red)",54361.113333333335
2020-04-01,DKI JAKARTA,Chili (red),37083.333333333336
2020-04-01,DKI JAKARTA,"Chili (red, curly)",34027.776666666665
2020-04-01,DKI JAKARTA,"Chili (red, large)",40138.89
2020-04-01,GORONTALO,Chili (bird's eye),62461.11000000001
2020-04-01,GORONTALO,"Chili (bird's eye, green)",53500.0
2020-04-01,GORONTALO,"Chili (bird's eye, red)",64572.22333333333
2020-04-01,GORONTALO,Chili (red),21458.33
2020-04-01,GORONTALO,"Chili (red, curly)",23611.11
2020-04-01,JAMBI,Chili (bird's eye),33764.582500000004
2020-04-01,JAMBI,"Chili (bird's eye, green)",24350.0
2020-04-01,JAMBI,"Chili (bird's eye, red)",43158.332500000004
2020-04-01,JAMBI,Chili (red),19063.89
2020-04-01,JAMBI,"Chili (red, curly)",19487.5
2020-04-01,JAMBI,"Chili (red, large)",19454.1675
2020-04-01,JAWA BARAT,Chili (bird's eye),39388.40933333334
2020-04-01,JAWA BARAT,"Chili (bird's eye, green)",29752.765625
2020-04-01,JAWA BARAT,"Chili (bird's eye, red)",48836.74882352941
2020-04-01,JAWA BARAT,Chili (red),29067.193333333333
2020-04-01,JAWA BARAT,"Chili (red, curly)",27571.838333333333
2020-04-01,JAWA BARAT,"Chili (red, large)",30562.547777777778
2020-04-01,JAWA TENGAH,Chili (bird's eye),26843.80363636364
2020-04-01,JAWA TENGAH,"Chili (bird's eye, green)",19590.277916666666
2020-04-01,JAWA TENGAH,"Chili (bird's eye, red)",34056.6225
2020-04-01,JAWA TENGAH,Chili (red),19287.95411764706
2020-04-01,JAWA TENGAH,"Chili (red, curly)",19155.208333333332
2020-04-01,JAWA TENGAH,"Chili (red, large)",20806.0025
2020-04-01,JAWA TIMUR,Chili (bird's eye),24373.645
2020-04-01,JAWA TIMUR,"Chili (bird's eye, green)",17266.50611111111
2020-04-01,JAWA TIMUR,"Chili (bird's eye, red)",31258.03941176471
2020-04-01,JAWA TIMUR,Chili (red),21496.804705882354
2020-04-01,JAWA TIMUR,"Chili (red, curly)",22605.952142857142
2020-04-01,JAWA TIMUR,"Chili (red, large)",21282.66736842105
2020-04-01,KALIMANTAN BARAT,Chili (bird's eye),57238.07666666666
2020-04-01,KALIMANTAN BARAT,"Chili (bird's eye, green)",52092.24166666667
2020-04-01,KALIMANTAN BARAT,"Chili (bird's eye, red)",62383.90833333333
2020-04-01,KALIMANTAN BARAT,Chili (red),39416.666666666664
2020-04-01,KALIMANTAN BARAT,"Chili (red, curly)",44799.7125
2020-04-01,KALIMANTAN BARAT,"Chili (red, large)",34197.12666666667
2020-04-01,KALIMANTAN SELATAN,Chili (bird's eye),39111.113333333335
2020-04-01,KALIMANTAN SELATAN,"Chili (bird's eye, green)",29227.78
2020-04-01,KALIMANTAN SELATAN,"Chili (bird's eye, red)",48994.443333333336
2020-04-01,KALIMANTAN SELATAN,Chili (red),33772.22
2020-04-01,KALIMANTAN SELATAN,"Chili (red, curly)",34872.22
2020-04-01,KALIMANTAN SELATAN,"Chili (red, large)",32672.22
2020-04-01,KALIMANTAN TENGAH,Chili (bird's eye),40552.776666666665
2020-04-01,KALIMANTAN TENGAH,"Chili (bird's eye, green)",32879.167499999996
2020-04-01,KALIMANTAN TENGAH,"Chili (bird's eye, red)",55695.832500000004
2020-04-01,KALIMANTAN TENGAH,Chili (red),50500.0025
2020-04-01,KALIMANTAN TENGAH,"Chili (red, curly)",50125.0
2020-04-01,KALIMANTAN TENGAH,"Chili (red, large)",50875.0
2020-04-01,KALIMANTAN TIMUR,Chili (bird's eye),44928.21666666667
2020-04-01,KALIMANTAN TIMUR,"Chili (bird's eye, green)",43220.380000000005
2020-04-01,KALIMANTAN TIMUR,"Chili (bird's eye, red)",46636.051666666666
2020-04-01,KALIMANTAN TIMUR,Chili (red),35783.33
2020-04-01,KALIMANTAN TIMUR,"Chili (red, curly)",34379.57666666667
2020-04-01,KALIMANTAN TIMUR,"Chili (red, large)",35746.096666666665
2020-04-01,KALIMANTAN UTARA,Chili (bird's eye),79364.5825
2020-04-01,KALIMANTAN UTARA,"Chili (bird's eye, green)",80562.5
2020-04-01,KALIMANTAN UTARA,"Chili (bird's eye, red)",78166.66500000001
2020-04-01,KALIMANTAN UTARA,Chili (red),51635.415
2020-04-01,KALIMANTAN UTARA,"Chili (red, curly)",31958.335
2020-04-01,KALIMANTAN UTARA,"Chili (red, large)",53305.55333333334
2020-04-01,KEPULAUAN BANGKA BELITUNG,Chili (bird's eye),33972.22
2020-04-01,KEPULAUAN BANGKA BELITUNG,"Chili (bird's eye, green)",40824.072499999995
2020-04-01,KEPULAUAN BANGKA BELITUNG,"Chili (bird's eye, red)",36884.26
2020-04-01,KEPULAUAN BANGKA BELITUNG,Chili (red),50562.5025
2020-04-01,KEPULAUAN BANGKA BELITUNG,"Chili (red, curly)",26124.997499999998
2020-04-01,KEPULAUAN BANGKA BELITUNG,"Chili (red, large)",75000.0
2020-04-01,KEPULAUAN RIAU,Chili (bird's eye),37650.0
2020-04-01,KEPULAUAN RIAU,"Chili (bird's eye, green)",37650.0
2020-04-01,KEPULAUAN RIAU,Chili (red),35779.167499999996
2020-04-01,KEPULAUAN RIAU,"Chili (red, curly)",37590.0
2020-04-01,LAMPUNG,Chili (bird's eye),33985.415
2020-04-01,LAMPUNG,"Chili (bird's eye, green)",29870.8325
2020-04-01,LAMPUNG,"Chili (bird's eye, red)",38100.0
2020-04-01,LAMPUNG,Chili (red),20233.333333333332
2020-04-01,LAMPUNG,"Chili (red, curly)",21237.5025
2020-04-01,LAMPUNG,"Chili (red, large)",33927.776666666665
2020-04-01,MALUKU,Chili (bird's eye),59052.77666666667
2020-04-01,MALUKU,"Chili (bird's eye, green)",24316.67
2020-04-01,MALUKU,"Chili (bird's eye, red)",63999.9975
2020-04-01,MALUKU,Chili (red),56429.165
2020-04-01,MALUKU,"Chili (red, curly)",54191.665
2020-04-01,MALUKU,"Chili (red, large)",45000.0
2020-04-01,MALUKU UTARA,"Chili (bird's eye, green)",72870.37
2020-04-01,MALUKU UTARA,"Chili (bird's eye, red)",72222.22
2020-04-01,MALUKU UTARA,Chili (red),36805.555
2020-04-01,MALUKU UTARA,"Chili (red, curly)",43888.89
2020-04-01,MALUKU UTARA,"Chili (red, large)",29722.22
2020-04-01,NUSA TENGGARA BARAT,Chili (bird's eye),38368.333999999995
2020-04-01,NUSA TENGGARA BARAT,"Chili (bird's eye, green)",22441.665
2020-04-01,NUSA TENGGARA BARAT,"Chili (bird's eye, red)",47810.0
2020-04-01,NUSA TENGGARA BARAT,Chili (red),29562.5
2020-04-01,NUSA TENGGARA BARAT,"Chili (red, curly)",27753.333999999995
2020-04-01,NUSA TENGGARA BARAT,"Chili (red, large)",25073.334
2020-04-01,NUSA TENGGARA TIMUR,Chili (bird's eye),46453.75
2020-04-01,NUSA TENGGARA TIMUR,"Chili (bird's eye, green)",38937.5
2020-04-01,NUSA TENGGARA TIMUR,"Chili (bird's eye, red)",53946.665
2020-04-01,NUSA TENGGARA TIMUR,Chili (red),39699.585
2020-04-01,NUSA TENGGARA TIMUR,"Chili (red, curly)",41109.585
2020-04-01,NUSA TENGGARA TIMUR,"Chili (red, large)",38286.665
2020-04-01,PAPUA,Chili (bird's eye),60986.71
2020-04-01,PAPUA,"Chili (bird's eye, green)",45318.64833333334
2020-04-01,PAPUA,"Chili (bird's eye, red)",80307.31166666666
2020-04-01,PAPUA,Chili (red),68500.95666666667
2020-04-01,PAPUA,"Chili (red, curly)",66395.27666666667
2020-04-01,PAPUA,"Chili (red, large)",70606.64166666668
2020-04-01,PAPUA BARAT,Chili (bird's eye),57937.5025
2020-04-01,PAPUA BARAT,"Chili (bird's eye, green)",43291.665
2020-04-01,PAPUA BARAT,"Chili (bird's eye, red)",80666.66666666667
2020-04-01,PAPUA BARAT,Chili (red),61500.003333333334
2020-04-01,PAPUA BARAT,"Chili (red, curly)",40416.665
2020-04-01,PAPUA BARAT,"Chili (red, large)",64708.332500000004
2020-04-01,RIAU,Chili (bird's eye),30578.571428571428
2020-04-01,RIAU,"Chili (bird's eye, green)",28052.38
2020-04-01,RIAU,"Chili (bird's eye, red)",39932.7575
2020-04-01,RIAU,Chili (red),28412.5
2020-04-01,RIAU,"Chili (red, curly)",30391.6675
2020-04-01,RIAU,"Chili (red, large)",23005.556666666667
2020-04-01,SULAWESI BARAT,Chili (bird's eye),23931.2525
2020-04-01,SULAWESI BARAT,"Chili (bird's eye, green)",17588.89
2020-04-01,SULAWESI BARAT,"Chili (bird's eye, red)",28504.165
2020-04-01,SULAWESI BARAT,Chili (red),17608.335
2020-04-01,SULAWESI BARAT,"Chili (red, curly)",19004.1675
2020-04-01,SULAWESI BARAT,"Chili (red, large)",16212.502499999999
2020-04-01,SULAWESI SELATAN,Chili (bird's eye),32009.854
2020-04-01,SULAWESI SELATAN,"Chili (bird's eye, red)",32009.854
2020-04-01,SULAWESI SELATAN,Chili (red),15614.7075
2020-04-01,SULAWESI SELATAN,"Chili (red, curly)",17272.486666666668
2020-04-01,SULAWESI SELATAN,"Chili (red, large)",13170.437
2020-04-01,SULAWESI TENGAH,Chili (bird's eye),45900.0
2020-04-01,SULAWESI TENGAH,"Chili (bird's eye, green)",42866.665
2020-04-01,SULAWESI TENGAH,"Chili (bird's eye, red)",48933.335
2020-04-01,SULAWESI TENGAH,Chili (red),20241.67
2020-04-01,SULAWESI TENGAH,"Chili (red, curly)",17108.33
2020-04-01,SULAWESI TENGAH,"Chili (red, large)",24169.120000000003
2020-04-01,SULAWESI TENGGARA,Chili (bird's eye),45460.415
2020-04-01,SULAWESI TENGGARA,"Chili (bird's eye, green)",44379.167499999996
2020-04-01,SULAWESI TENGGARA,"Chili (bird's eye, red)",46541.665
2020-04-01,SULAWESI TENGGARA,Chili (red),30755.0
2020-04-01,SULAWESI TENGGARA,"Chili (red, curly)",34295.417499999996
2020-04-01,SULAWESI TENGGARA,"Chili (red, large)",33870.832500000004
2020-04-01,SULAWESI UTARA,Chili (bird's eye),45070.69
2020-04-01,SULAWESI UTARA,"Chili (bird's eye, green)",31862.07
2020-04-01,SULAWESI UTARA,"Chili (bird's eye, red)",58279.31
2020-04-01,SULAWESI UTARA,Chili (red),19323.275
2020-04-01,SULAWESI UTARA,"Chili (red, curly)",19323.275
2020-04-01,SUMATERA BARAT,Chili (bird's eye),28683.33
2020-04-01,SUMATERA BARAT,"Chili (bird's eye, green)",28683.33
2020-04-01,SUMATERA BARAT,Chili (red),25229.165
2020-04-01,SUMATERA BARAT,"Chili (red, curly)",25229.165
2020-04-01,SUMATERA SELATAN,Chili (bird's eye),50737.5
2020-04-01,SUMATERA SELATAN,"Chili (bird's eye, green)",42291.38
2020-04-01,SUMATERA SELATAN,"Chili (bird's eye, red)",40473.56333333333
2020-04-01,SUMATERA SELATAN,Chili (red),30032.373333333333
2020-04-01,SUMATERA SELATAN,"Chili (red, curly)",29845.976666666666
2020-04-01,SUMATERA SELATAN,"Chili (red, large)",30218.77666666667
2020-04-01,SUMATERA UTARA,Chili (bird's eye),20757.407777777775
2020-04-01,SUMATERA UTARA,"Chili (bird's eye, green)",18348.14777777778
2020-04-01,SUMATERA UTARA,"Chili (bird's eye, red)",17800.0
2020-04-01,SUMATERA UTARA,Chili (red),24670.370000000003
2020-04-01,SUMATERA UTARA,"Chili (red, curly)",24206.06
2020-05-01,ACEH,Chili (bird's eye),27740.908000000003
2020-05-01,ACEH,"Chili (bird's eye, green)",28204.543333333335
2020-05-01,ACEH,Chili (red),27109.84833333333
2020-05-01,ACEH,"Chili (red, curly)",27109.84833333333
2020-05-01,BALI,Chili (bird's eye),21348.483333333334
2020-05-01,BALI,"Chili (bird's eye, green)",21982.955
2020-05-01,BALI,"Chili (bird's eye, red)",20829.545
2020-05-01,BALI,Chili (red),16409.09
2020-05-01,BALI,"Chili (red, curly)",19831.71
2020-05-01,BALI,"Chili (red, large)",13232.955
2020-05-01,BANTEN,Chili (bird's eye),28441.286666666667
2020-05-01,BANTEN,"Chili (bird's eye, green)",26409.0925
2020-05-01,BANTEN,"Chili (bird's eye, red)",29526.515
2020-05-01,BANTEN,Chili (red),25405.303333333333
2020-05-01,BANTEN,"Chili (red, curly)",23087.12166666667
2020-05-01,BANTEN,"Chili (red, large)",26056.818333333333
2020-05-01,BENGKULU,Chili (bird's eye),24972.726666666666
2020-05-01,BENGKULU,"Chili (bird's eye, green)",26125.0
2020-05-01,BENGKULU,"Chili (bird's eye, red)",22295.455
2020-05-01,BENGKULU,Chili (red),18786.9325
2020-05-01,BENGKULU,"Chili (red, curly)",21153.4075
2020-05-01,BENGKULU,"Chili (red, large)",16420.4575
2020-05-01,DAERAH ISTIMEWA YOGYAKARTA,Chili (bird's eye),20522.73
2020-05-01,DAERAH ISTIMEWA YOGYAKARTA,"Chili (bird's eye, green)",18806.82
2020-05-01,DAERAH ISTIMEWA YOGYAKARTA,"Chili (bird's eye, red)",18954.545
2020-05-01,DAERAH ISTIMEWA YOGYAKARTA,Chili (red),16732.955
2020-05-01,DAERAH ISTIMEWA YOGYAKARTA,"Chili (red, curly)",14920.455
2020-05-01,DAERAH ISTIMEWA YOGYAKARTA,"Chili (red, large)",18545.455
2020-05-01,DKI JAKARTA,Chili (bird's eye),34564.39666666667
2020-05-01,DKI JAKARTA,"Chili (bird's eye, green)",31628.786666666667
2020-05-01,DKI JAKARTA,"Chili (bird's eye, red)",37499.996666666666
2020-05-01,DKI JAKARTA,Chili (red),33352.27
2020-05-01,DKI JAKARTA,"Chili (red, curly)",30492.423333333336
2020-05-01,DKI JAKARTA,"Chili (red, large)",36212.12
2020-05-01,GORONTALO,Chili (bird's eye),32810.96666666667
2020-05-01,GORONTALO,"Chili (bird's eye, green)",19761.9
2020-05-01,GORONTALO,"Chili (bird's eye, red)",35731.6
2020-05-01,GORONTALO,"Chili (red, curly)",24213.203333333335
2020-05-01,JAMBI,Chili (bird's eye),28126.760000000002
2020-05-01,JAMBI,"Chili (bird's eye, green)",21946.97
2020-05-01,JAMBI,"Chili (bird's eye, red)",33145.0225
2020-05-01,JAMBI,Chili (red),15394.480000000001
2020-05-01,JAMBI,"Chili (red, curly)",15219.4275
2020-05-01,JAMBI,"Chili (red, large)",16110.3875
2020-05-01,JAWA BARAT,Chili (bird's eye),28433.238125
2020-05-01,JAWA BARAT,"Chili (bird's eye, green)",26352.273125
2020-05-01,JAWA BARAT,"Chili (bird's eye, red)",33125.66823529411
2020-05-01,JAWA BARAT,Chili (red),26209.894117647058
2020-05-01,JAWA BARAT,"Chili (red, curly)",24329.54611111111
2020-05-01,JAWA BARAT,"Chili (red, large)",27291.665555555555
2020-05-01,JAWA TENGAH,Chili (bird's eye),17583.65652173913
2020-05-01,JAWA TENGAH,"Chili (bird's eye, green)",16231.074166666667
2020-05-01,JAWA TENGAH,"Chili (bird's eye, red)",19738.866666666665
2020-05-01,JAWA TENGAH,Chili (red),16399.354
2020-05-01,JAWA TENGAH,"Chili (red, curly)",15190.780833333332
2020-05-01,JAWA TENGAH,"Chili (red, large)",17627.497727272726
2020-05-01,JAWA TIMUR,Chili (bird's eye),14840.240588235294
2020-05-01,JAWA TIMUR,"Chili (bird's eye, green)",13230.862105263159
2020-05-01,JAWA TIMUR,"Chili (bird's eye, red)",17844.919411764706
2020-05-01,JAWA TIMUR,Chili (red),16954.546470588233
2020-05-01,JAWA TIMUR,"Chili (red, curly)",17842.532857142858
2020-05-01,JAWA TIMUR,"Chili (red, large)",17907.893684210525
2020-05-01,KALIMANTAN BARAT,Chili (bird's eye),46920.636666666665
2020-05-01,KALIMANTAN BARAT,"Chili (bird's eye, green)",42099.206666666665
2020-05-01,KALIMANTAN BARAT,"Chili (bird's eye, red)",51742.065
2020-05-01,KALIMANTAN BARAT,Chili (red),41248.013333333336
2020-05-01,KALIMANTAN BARAT,"Chili (red, curly)",51547.6175
2020-05-01,KALIMANTAN BARAT,"Chili (red, large)",37503.96666666667
2020-05-01,KALIMANTAN SELATAN,Chili (bird's eye),32488.63333333333
2020-05-01,KALIMANTAN SELATAN,"Chili (bird's eye, green)",24090.906666666666
2020-05-01,KALIMANTAN SELATAN,"Chili (bird's eye, red)",40886.36666666667
2020-05-01,KALIMANTAN SELATAN,Chili (red),36674.24333333333
2020-05-01,KALIMANTAN SELATAN,"Chili (red, curly)",37750.0
2020-05-01,KALIMANTAN SELATAN,"Chili (red, large)",35598.48333333334
2020-05-01,KALIMANTAN TENGAH,Chili (bird's eye),44360.795
2020-05-01,KALIMANTAN TENGAH,"Chili (bird's eye, green)",34066.56
2020-05-01,KALIMANTAN TENGAH,"Chili (bird's eye, red)",56060.61000000001
2020-05-01,KALIMANTAN TENGAH,Chili (red),53001.215
2020-05-01,KALIMANTAN TENGAH,"Chili (red, curly)",53133.5225
2020-05-01,KALIMANTAN TENGAH,"Chili (red, large)",52873.375
2020-05-01,KALIMANTAN TIMUR,Chili (bird's eye),45171.628333333334
2020-05-01,KALIMANTAN TIMUR,"Chili (bird's eye, green)",50364.08833333334
2020-05-01,KALIMANTAN TIMUR,"Chili (bird's eye, red)",39979.166666666664
2020-05-01,KALIMANTAN TIMUR,Chili (red),39755.955
2020-05-01,KALIMANTAN TIMUR,"Chili (red, curly)",39506.943333333336
2020-05-01,KALIMANTAN TIMUR,"Chili (red, large)",39747.025
2020-05-01,KALIMANTAN UTARA,Chili (bird's eye),79644.8875
2020-05-01,KALIMANTAN UTARA,"Chili (bird's eye, green)",86051.1375
2020-05-01,KALIMANTAN UTARA,"Chili (bird's eye, red)",73238.6375
2020-05-01,KALIMANTAN UTARA,Chili (red),61690.340000000004
2020-05-01,KALIMANTAN UTARA,"Chili (red, curly)",50284.09
2020-05-01,KALIMANTAN UTARA,"Chili (red, large)",62869.317500000005
2020-05-01,KEPULAUAN BANGKA BELITUNG,Chili (bird's eye),35469.29666666667
2020-05-01,KEPULAUAN BANGKA BELITUNG,"Chili (bird's eye, green)",41078.9475
2020-05-01,KEPULAUAN BANGKA BELITUNG,"Chili (bird's eye, red)",34625.0
2020-05-01,KEPULAUAN BANGKA BELITUNG,Chili (red),50019.735
2020-05-01,KEPULAUAN BANGKA BELITUNG,"Chili (red, curly)",25039.475
2020-05-01,KEPULAUAN BANGKA BELITUNG,"Chili (red, large)",75000.0
2020-05-01,KEPULAUAN RIAU,Chili (bird's eye),30536.167999999998
2020-05-01,KEPULAUAN RIAU,"Chili (bird's eye, green)",30536.167999999998
2020-05-01,KEPULAUAN RIAU,Chili (red),26196.966666666664
2020-05-01,KEPULAUAN RIAU,"Chili (red, curly)",29517.192
2020-05-01,LAMPUNG,Chili (bird's eye),26428.9775
2020-05-01,LAMPUNG,"Chili (bird's eye, green)",28187.5
2020-05-01,LAMPUNG,"Chili (bird's eye, red)",24670.4525
2020-05-01,LAMPUNG,Chili (red),11039.77
2020-05-01,LAMPUNG,"Chili (red, curly)",14204.545
2020-05-01,LAMPUNG,"Chili (red, large)",29696.97
2020-05-01,MALUKU,Chili (bird's eye),44875.003333333334
2020-05-01,MALUKU,"Chili (bird's eye, green)",28681.82
2020-05-01,MALUKU,"Chili (bird's eye, red)",49715.91
2020-05-01,MALUKU,Chili (red),60142.045
2020-05-01,MALUKU,"Chili (red, curly)",59005.68
2020-05-01,MALUKU,"Chili (red, large)",40227.27
2020-05-01,MALUKU UTARA,Chili (bird's eye),63579.545
2020-05-01,MALUKU UTARA,"Chili (bird's eye, green)",62424.245
2020-05-01,MALUKU UTARA,"Chili (bird's eye, red)",56363.64
2020-05-01,MALUKU UTARA,Chili (red),35909.095
2020-05-01,MALUKU UTARA,"Chili (red, curly)",41363.64
2020-05-01,MALUKU UTARA,"Chili (red, large)",30454.55
2020-05-01,NUSA TENGGARA BARAT,Chili (bird's eye),22479.546
2020-05-01,NUSA TENGGARA BARAT,"Chili (bird's eye, green)",16647.7275
2020-05-01,NUSA TENGGARA BARAT,"Chili (bird's eye, red)",25254.544
2020-05-01,NUSA TENGGARA BARAT,Chili (red),19048.2975
2020-05-01,NUSA TENGGARA BARAT,"Chili (red, curly)",20145.452
2020-05-01,NUSA TENGGARA BARAT,"Chili (red, large)",17736.364
2020-05-01,NUSA TENGGARA TIMUR,Chili (bird's eye),45758.925
2020-05-01,NUSA TENGGARA TIMUR,"Chili (bird's eye, green)",39017.855
2020-05-01,NUSA TENGGARA TIMUR,"Chili (bird's eye, red)",52486.905
2020-05-01,NUSA TENGGARA TIMUR,Chili (red),35736.307499999995
2020-05-01,NUSA TENGGARA TIMUR,"Chili (red, curly)",36152.380000000005
2020-05-01,NUSA TENGGARA TIMUR,"Chili (red, large)",35313.095
2020-05-01,PAPUA,Chili (bird's eye),80456.708
2020-05-01,PAPUA,"Chili (bird's eye, green)",57469.266
2020-05-01,PAPUA,"Chili (bird's eye, red)",101073.25333333334
2020-05-01,PAPUA,Chili (red),88368.27500000001
2020-05-01,PAPUA,"Chili (red, curly)",79929.05500000001
2020-05-01,PAPUA,"Chili (red, large)",96807.49333333333
2020-05-01,PAPUA BARAT,Chili (bird's eye),32088.595
2020-05-01,PAPUA BARAT,"Chili (bird's eye, green)",24997.196666666667
2020-05-01,PAPUA BARAT,"Chili (bird's eye, red)",38905.72666666667
2020-05-01,PAPUA BARAT,Chili (red),35573.793333333335
2020-05-01,PAPUA BARAT,"Chili (red, curly)",32377.947500000002
2020-05-01,PAPUA BARAT,"Chili (red, large)",36266.832500000004
2020-05-01,RIAU,Chili (bird's eye),27292.207142857143
2020-05-01,RIAU,"Chili (bird's eye, green)",24535.714285714286
2020-05-01,RIAU,"Chili (bird's eye, red)",42198.8625
2020-05-01,RIAU,Chili (red),22298.29625
2020-05-01,RIAU,"Chili (red, curly)",24258.5225
2020-05-01,RIAU,"Chili (red, large)",19284.091666666667
2020-05-01,SULAWESI BARAT,Chili (bird's eye),20607.145
2020-05-01,SULAWESI BARAT,"Chili (bird's eye, green)",15801.586666666668
2020-05-01,SULAWESI BARAT,"Chili (bird's eye, red)",24839.285
2020-05-01,SULAWESI BARAT,Chili (red),16514.877500000002
2020-05-01,SULAWESI BARAT,"Chili (red, curly)",17416.665
2020-05-01,SULAWESI BARAT,"Chili (red, large)",15613.095
2020-05-01,SULAWESI SELATAN,Chili (bird's eye),23173.295
2020-05-01,SULAWESI SELATAN,"Chili (bird's eye, red)",23900.0
2020-05-01,SULAWESI SELATAN,Chili (red),15694.6025
2020-05-01,SULAWESI SELATAN,"Chili (red, curly)",16695.454
2020-05-01,SULAWESI SELATAN,"Chili (red, large)",13797.726
2020-05-01,SULAWESI TENGAH,Chili (bird's eye),34375.0
2020-05-01,SULAWESI TENGAH,"Chili (bird's eye, green)",34147.725
2020-05-01,SULAWESI TENGAH,"Chili (bird's eye, red)",33863.634999999995
2020-05-01,SULAWESI TENGAH,Chili (red),24937.5
2020-05-01,SULAWESI TENGAH,"Chili (red, curly)",24034.09
2020-05-01,SULAWESI TENGAH,"Chili (red, large)",30047.22
2020-05-01,SULAWESI TENGGARA,Chili (bird's eye),36573.8625
2020-05-01,SULAWESI TENGGARA,"Chili (bird's eye, green)",34880.68
2020-05-01,SULAWESI TENGGARA,"Chili (bird's eye, red)",38267.045
2020-05-01,SULAWESI TENGGARA,Chili (red),31704.545
2020-05-01,SULAWESI TENGGARA,"Chili (red, curly)",29545.4575
2020-05-01,SULAWESI TENGGARA,"Chili (red, large)",29545.456666666665
2020-05-01,SULAWESI UTARA,Chili (bird's eye),29263.16
2020-05-01,SULAWESI UTARA,"Chili (bird's eye, green)",29851.975
2020-05-01,SULAWESI UTARA,"Chili (bird's eye, red)",28674.34
2020-05-01,SULAWESI UTARA,Chili (red),17791.120000000003
2020-05-01,SULAWESI UTARA,"Chili (red, curly)",18187.5
2020-05-01,SUMATERA BARAT,Chili (bird's eye),25257.576666666664
2020-05-01,SUMATERA BARAT,"Chili (bird's eye, green)",26329.545
2020-05-01,SUMATERA BARAT,Chili (red),21250.0
2020-05-01,SUMATERA BARAT,"Chili (red, curly)",21250.0
2020-05-01,SUMATERA SELATAN,Chili (bird's eye),27313.31
2020-05-01,SUMATERA SELATAN,"Chili (bird's eye, green)",37530.66333333333
2020-05-01,SUMATERA SELATAN,"Chili (bird's eye, red)",31462.843333333334
2020-05-01,SUMATERA SELATAN,Chili (red),24842.53
2020-05-01,SUMATERA SELATAN,"Chili (red, curly)",23332.25
2020-05-01,SUMATERA SELATAN,"Chili (red, large)",26352.813333333335
2020-05-01,SUMATERA UTARA,Chili (bird's eye),19199.495555555553
2020-05-01,SUMATERA UTARA,"Chili (bird's eye, green)",16987.374444444446
2020-05-01,SUMATERA UTARA,"Chili (bird's eye, red)",18284.0925
2020-05-01,SUMATERA UTARA,Chili (red),19778.40875
2020-05-01,SUMATERA UTARA,"Chili (red, curly)",19485.53636363636
2020-06-01,ACEH,Chili (bird's eye),25500.0
2020-06-01,ACEH,"Chili (bird's eye, green)",25568.966666666664
2020-06-01,ACEH,Chili (red),21431.035
2020-06-01,ACEH,"Chili (red, curly)",21431.035
2020-06-01,BALI,Chili (bird's eye),18531.41
2020-06-01,BALI,"Chili (bird's eye, green)",19854.605
2020-06-01,BALI,"Chili (bird's eye, red)",16561.5075
2020-06-01,BALI,Chili (red),14962.2825
2020-06-01,BALI,"Chili (red, curly)",17575.265
2020-06-01,BALI,"Chili (red, large)",12806.035
2020-06-01,BANTEN,Chili (bird's eye),23971.726666666666
2020-06-01,BANTEN,"Chili (bird's eye, green)",23132.142
2020-06-01,BANTEN,"Chili (bird's eye, red)",24708.333333333332
2020-06-01,BANTEN,Chili (red),23839.286666666667
2020-06-01,BANTEN,"Chili (red, curly)",21761.903333333332
2020-06-01,BANTEN,"Chili (red, large)",24377.975000000002
2020-06-01,BENGKULU,Chili (bird's eye),24135.056666666667
2020-06-01,BENGKULU,"Chili (bird's eye, green)",26249.997499999998
2020-06-01,BENGKULU,"Chili (bird's eye, red)",20896.98
2020-06-01,BENGKULU,Chili (red),20275.8625
2020-06-01,BENGKULU,"Chili (red, curly)",22629.3125
2020-06-01,BENGKULU,"Chili (red, large)",17922.41
2020-06-01,DAERAH ISTIMEWA YOGYAKARTA,Chili (bird's eye),17491.07
2020-06-01,DAERAH ISTIMEWA YOGYAKARTA,"Chili (bird's eye, green)",18125.0
2020-06-01,DAERAH ISTIMEWA YOGYAKARTA,"Chili (bird's eye, red)",18473.21
2020-06-01,DAERAH ISTIMEWA YOGYAKARTA,Chili (red),15945.535
2020-06-01,DAERAH ISTIMEWA YOGYAKARTA,"Chili (red, curly)",13843.75
2020-06-01,DAERAH ISTIMEWA YOGYAKARTA,"Chili (red, large)",18044.645
2020-06-01,DKI JAKARTA,Chili (bird's eye),27767.85666666667
2020-06-01,DKI JAKARTA,"Chili (bird's eye, green)",26190.476666666666
2020-06-01,DKI JAKARTA,"Chili (bird's eye, red)",29345.24
2020-06-01,DKI JAKARTA,Chili (red),28904.763333333336
2020-06-01,DKI JAKARTA,"Chili (red, curly)",26202.38
2020-06-01,DKI JAKARTA,"Chili (red, large)",31607.14
2020-06-01,GORONTALO,Chili (bird's eye),36229.88333333333
2020-06-01,GORONTALO,"Chili (bird's eye, green)",24068.97
2020-06-01,GORONTALO,"Chili (bird's eye, red)",39137.93
2020-06-01,GORONTALO,Chili (red),33477.013333333336
2020-06-01,GORONTALO,"Chili (red, curly)",33477.013333333336
2020-06-01,JAMBI,Chili (bird's eye),26491.38
2020-06-01,JAMBI,"Chili (bird's eye, green)",21353.445
2020-06-01,JAMBI,"Chili (bird's eye, red)",30698.2775
2020-06-01,JAMBI,Chili (red),16463.365
2020-06-01,JAMBI,"Chili (red, curly)",16422.415
2020-06-01,JAMBI,"Chili (red, large)",16504.31
2020-06-01,JAWA BARAT,Chili (bird's eye),23628.21416666667
2020-06-01,JAWA BARAT,"Chili (bird's eye, green)",22589.685999999998
2020-06-01,JAWA BARAT,"Chili (bird's eye, red)",27436.93611111111
2020-06-01,JAWA BARAT,Chili (red),24696.559285714287
2020-06-01,JAWA BARAT,"Chili (red, curly)",22049.94
2020-06-01,JAWA BARAT,"Chili (red, large)",26023.862222222222
2020-06-01,JAWA TENGAH,Chili (bird's eye),16871.65227272727
2020-06-01,JAWA TENGAH,"Chili (bird's eye, green)",14998.280416666666
2020-06-01,JAWA TENGAH,"Chili (bird's eye, red)",19249.03125
2020-06-01,JAWA TENGAH,Chili (red),14881.737894736843
2020-06-01,JAWA TENGAH,"Chili (red, curly)",14571.112173913045
2020-06-01,JAWA TENGAH,"Chili (red, large)",15830.881666666668
2020-06-01,JAWA TIMUR,Chili (bird's eye),13420.049411764705
2020-06-01,JAWA TIMUR,"Chili (bird's eye, green)",12316.688421052633
2020-06-01,JAWA TIMUR,"Chili (bird's eye, red)",15349.376470588235
2020-06-01,JAWA TIMUR,Chili (red),16640.633529411767
2020-06-01,JAWA TIMUR,"Chili (red, curly)",16605.91214285714
2020-06-01,JAWA TIMUR,"Chili (red, large)",16856.653157894736
2020-06-01,KALIMANTAN BARAT,Chili (bird's eye),40451.15
2020-06-01,KALIMANTAN BARAT,"Chili (bird's eye, green)",36057.47166666667
2020-06-01,KALIMANTAN BARAT,"Chili (bird's eye, red)",44844.82833333333
2020-06-01,KALIMANTAN BARAT,Chili (red),43056.035
2020-06-01,KALIMANTAN BARAT,"Chili (red, curly)",43896.5525
2020-06-01,KALIMANTAN BARAT,"Chili (red, large)",41541.378000000004
2020-06-01,KALIMANTAN SELATAN,Chili (bird's eye),30770.11666666667
2020-06-01,KALIMANTAN SELATAN,"Chili (bird's eye, green)",23931.03
2020-06-01,KALIMANTAN SELATAN,"Chili (bird's eye, red)",38431.03333333333
2020-06-01,KALIMANTAN SELATAN,Chili (red),34034.48333333333
2020-06-01,KALIMANTAN SELATAN,"Chili (red, curly)",34195.40333333333
2020-06-01,KALIMANTAN SELATAN,"Chili (red, large)",33873.56333333333
2020-06-01,KALIMANTAN TENGAH,Chili (bird's eye),37700.895000000004
2020-06-01,KALIMANTAN TENGAH,"Chili (bird's eye, green)",35401.785
2020-06-01,KALIMANTAN TENGAH,"Chili (bird's eye, red)",54196.43
2020-06-01,KALIMANTAN TENGAH,Chili (red),49854.91
2020-06-01,KALIMANTAN TENGAH,"Chili (red, curly)",49174.1075
2020-06-01,KALIMANTAN TENGAH,"Chili (red, large)",50535.715
2020-06-01,KALIMANTAN TIMUR,Chili (bird's eye),36998.56333333333
2020-06-01,KALIMANTAN TIMUR,"Chili (bird's eye, green)",42933.90666666667
2020-06-01,KALIMANTAN TIMUR,"Chili (bird's eye, red)",31063.216666666664
2020-06-01,KALIMANTAN TIMUR,Chili (red),31706.8975
2020-06-01,KALIMANTAN TIMUR,"Chili (red, curly)",33632.18333333333
2020-06-01,KALIMANTAN TIMUR,"Chili (red, large)",33614.943333333336
2020-06-01,KALIMANTAN UTARA,Chili (bird's eye),73738.84
2020-06-01,KALIMANTAN UTARA,"Chili (bird's eye, green)",78950.895
2020-06-01,KALIMANTAN UTARA,"Chili (bird's eye, red)",68526.785
2020-06-01,KALIMANTAN UTARA,Chili (red),52444.195
2020-06-01,KALIMANTAN UTARA,"Chili (red, curly)",50892.8575
2020-06-01,KALIMANTAN UTARA,"Chili (red, large)",53995.535
2020-06-01,KEPULAUAN BANGKA BELITUNG,Chili (bird's eye),36447.53
2020-06-01,KEPULAUAN BANGKA BELITUNG,"Chili (bird's eye, green)",36356.4825
2020-06-01,KEPULAUAN BANGKA BELITUNG,"Chili (bird's eye, red)",38185.182499999995
2020-06-01,KEPULAUAN BANGKA BELITUNG,Chili (red),48983.7975
2020-06-01,KEPULAUAN BANGKA BELITUNG,"Chili (red, curly)",22967.5925
2020-06-01,KEPULAUAN BANGKA BELITUNG,"Chili (red, large)",75000.0
2020-06-01,KEPULAUAN RIAU,Chili (bird's eye),29268.0
2020-06-01,KEPULAUAN RIAU,"Chili (bird's eye, green)",29268.0
2020-06-01,KEPULAUAN RIAU,Chili (red),31225.0
2020-06-01,KEPULAUAN RIAU,"Chili (red, curly)",29600.0
2020-06-01,LAMPUNG,Chili (bird's eye),24879.309999999998
2020-06-01,LAMPUNG,"Chili (bird's eye, green)",28568.966666666664
2020-06-01,LAMPUNG,"Chili (bird's eye, red)",24056.035
2020-06-01,LAMPUNG,Chili (red),14568.966666666665
2020-06-01,LAMPUNG,"Chili (red, curly)",15525.86
2020-06-01,LAMPUNG,"Chili (red, large)",28287.35666666667
2020-06-01,MALUKU,Chili (bird's eye),53477.01
2020-06-01,MALUKU,"Chili (bird's eye, green)",35344.83
2020-06-01,MALUKU,"Chili (bird's eye, red)",56271.55
2020-06-01,MALUKU,Chili (red),70213.36
2020-06-01,MALUKU,"Chili (red, curly)",58068.96333333334
2020-06-01,MALUKU,"Chili (red, large)",34827.59
2020-06-01,MALUKU UTARA,Chili (bird's eye),77025.86
2020-06-01,MALUKU UTARA,"Chili (bird's eye, green)",77122.845
2020-06-01,MALUKU UTARA,"Chili (bird's eye, red)",71379.31
2020-06-01,MALUKU UTARA,Chili (red),43275.86
2020-06-01,MALUKU UTARA,"Chili (red, curly)",50000.0
2020-06-01,MALUKU UTARA,"Chili (red, large)",36551.72
2020-06-01,NUSA TENGGARA BARAT,Chili (bird's eye),18782.757999999998
2020-06-01,NUSA TENGGARA BARAT,"Chili (bird's eye, green)",14745.689999999999
2020-06-01,NUSA TENGGARA BARAT,"Chili (bird's eye, red)",21113.792
2020-06-01,NUSA TENGGARA BARAT,Chili (red),19189.655
2020-06-01,NUSA TENGGARA BARAT,"Chili (red, curly)",18968.966
2020-06-01,NUSA TENGGARA BARAT,"Chili (red, large)",16851.724
2020-06-01,NUSA TENGGARA TIMUR,Chili (bird's eye),46403.31
2020-06-01,NUSA TENGGARA TIMUR,"Chili (bird's eye, green)",41334.8225
2020-06-01,NUSA TENGGARA TIMUR,"Chili (bird's eye, red)",51462.8725
2020-06-01,NUSA TENGGARA TIMUR,Chili (red),35213.207500000004
2020-06-01,NUSA TENGGARA TIMUR,"Chili (red, curly)",36568.41
2020-06-01,NUSA TENGGARA TIMUR,"Chili (red, large)",33852.2025
2020-06-01,PAPUA,Chili (bird's eye),69173.31666666667
2020-06-01,PAPUA,"Chili (bird's eye, green)",49842.380000000005
2020-06-01,PAPUA,"Chili (bird's eye, red)",88504.25666666667
2020-06-01,PAPUA,Chili (red),60350.253333333334
2020-06-01,PAPUA,"Chili (red, curly)",57018.09333333333
2020-06-01,PAPUA,"Chili (red, large)",63682.418333333335
2020-06-01,PAPUA BARAT,Chili (bird's eye),63771.555
2020-06-01,PAPUA BARAT,"Chili (bird's eye, green)",37174.96
2020-06-01,PAPUA BARAT,"Chili (bird's eye, red)",87183.90999999999
2020-06-01,PAPUA BARAT,Chili (red),54770.11666666667
2020-06-01,PAPUA BARAT,"Chili (red, curly)",51379.3125
2020-06-01,PAPUA BARAT,"Chili (red, large)",51366.19
2020-06-01,RIAU,Chili (bird's eye),26398.19125
2020-06-01,RIAU,"Chili (bird's eye, green)",23831.90857142857
2020-06-01,RIAU,"Chili (bird's eye, red)",34381.945
2020-06-01,RIAU,Chili (red),22953.61625
2020-06-01,RIAU,"Chili (red, curly)",24870.105
2020-06-01,RIAU,"Chili (red, large)",19152.065
2020-06-01,SULAWESI BARAT,Chili (bird's eye),18450.7
2020-06-01,SULAWESI BARAT,"Chili (bird's eye, green)",15985.2725
2020-06-01,SULAWESI BARAT,"Chili (bird's eye, red)",20861.53
2020-06-01,SULAWESI BARAT,Chili (red),15594.825
2020-06-01,SULAWESI BARAT,"Chili (red, curly)",15838.3625
2020-06-01,SULAWESI BARAT,"Chili (red, large)",14629.849999999999
2020-06-01,SULAWESI SELATAN,Chili (bird's eye),17252.406666666666
2020-06-01,SULAWESI SELATAN,"Chili (bird's eye, red)",18056.75888888889
2020-06-01,SULAWESI SELATAN,Chili (red),12820.324444444444
2020-06-01,SULAWESI SELATAN,"Chili (red, curly)",13956.833000000002
2020-06-01,SULAWESI SELATAN,"Chili (red, large)",11641.75
2020-06-01,SULAWESI TENGAH,Chili (bird's eye),38336.205
2020-06-01,SULAWESI TENGAH,"Chili (bird's eye, green)",39715.515
2020-06-01,SULAWESI TENGAH,"Chili (bird's eye, red)",36956.899999999994
2020-06-01,SULAWESI TENGAH,Chili (red),25646.55
2020-06-01,SULAWESI TENGAH,"Chili (red, curly)",23301.725
2020-06-01,SULAWESI TENGAH,"Chili (red, large)",30784.72
2020-06-01,SULAWESI TENGGARA,Chili (bird's eye),32814.2875
2020-06-01,SULAWESI TENGGARA,"Chili (bird's eye, green)",31276.785
2020-06-01,SULAWESI TENGGARA,"Chili (bird's eye, red)",34348.215
2020-06-01,SULAWESI TENGGARA,Chili (red),26250.0
2020-06-01,SULAWESI TENGGARA,"Chili (red, curly)",24792.4075
2020-06-01,SULAWESI TENGGARA,"Chili (red, large)",24352.68
2020-06-01,SULAWESI UTARA,Chili (bird's eye),29935.345
2020-06-01,SULAWESI UTARA,"Chili (bird's eye, green)",25301.725
2020-06-01,SULAWESI UTARA,"Chili (bird's eye, red)",34568.965
2020-06-01,SULAWESI UTARA,Chili (red),27172.415
2020-06-01,SULAWESI UTARA,"Chili (red, curly)",26586.21
2020-06-01,SUMATERA BARAT,Chili (bird's eye),23477.677499999998
2020-06-01,SUMATERA BARAT,"Chili (bird's eye, green)",23477.677499999998
2020-06-01,SUMATERA BARAT,Chili (red),21933.0375
2020-06-01,SUMATERA BARAT,"Chili (red, curly)",21933.0375
2020-06-01,SUMATERA SELATAN,Chili (bird's eye),31204.02
2020-06-01,SUMATERA SELATAN,"Chili (bird's eye, green)",35764.36666666667
2020-06-01,SUMATERA SELATAN,"Chili (bird's eye, red)",26643.680000000004
2020-06-01,SUMATERA SELATAN,Chili (red),24828.733333333337
2020-06-01,SUMATERA SELATAN,"Chili (red, curly)",23586.206666666665
2020-06-01,SUMATERA SELATAN,"Chili (red, large)",26070.69
2020-06-01,SUMATERA UTARA,Chili (bird's eye),18967.433333333334
2020-06-01,SUMATERA UTARA,"Chili (bird's eye, green)",18563.794
2020-06-01,SUMATERA UTARA,"Chili (bird's eye, red)",18586.2075
2020-06-01,SUMATERA UTARA,Chili (red),18484.673333333332
2020-06-01,SUMATERA UTARA,"Chili (red, curly)",18482.75727272727
2020-07-01,ACEH,Chili (bird's eye),36094.445
2020-07-01,ACEH,"Chili (bird's eye, green)",37558.33
2020-07-01,ACEH,"Chili (bird's eye, red)",42000.0
2020-07-01,ACEH,Chili (red),28390.0
2020-07-01,ACEH,"Chili (red, curly)",28553.333999999995
2020-07-01,BALI,Chili (bird's eye),20233.940000000002
2020-07-01,BALI,"Chili (bird's eye, green)",19819.245
2020-07-01,BALI,"Chili (bird's eye, red)",20350.6325
2020-07-01,BALI,Chili (red),16648.4825
2020-07-01,BALI,"Chili (red, curly)",18284.4825
2020-07-01,BALI,"Chili (red, large)",15187.485
2020-07-01,BANTEN,Chili (bird's eye),26104.73166666667
2020-07-01,BANTEN,"Chili (bird's eye, green)",22274.4775
2020-07-01,BANTEN,"Chili (bird's eye, red)",29092.568333333333
2020-07-01,BANTEN,Chili (red),24856.578333333335
2020-07-01,BANTEN,"Chili (red, curly)",23965.313333333335
2020-07-01,BANTEN,"Chili (red, large)",25747.845
2020-07-01,BENGKULU,Chili (bird's eye),27914.585
2020-07-01,BENGKULU,"Chili (bird's eye, green)",31166.6675
2020-07-01,BENGKULU,"Chili (bird's eye, red)",24632.5
2020-07-01,BENGKULU,Chili (red),23510.415
2020-07-01,BENGKULU,"Chili (red, curly)",26033.3325
2020-07-01,BENGKULU,"Chili (red, large)",20951.6125
2020-07-01,DAERAH ISTIMEWA YOGYAKARTA,Chili (bird's eye),18908.33
2020-07-01,DAERAH ISTIMEWA YOGYAKARTA,"Chili (bird's eye, green)",19033.335
2020-07-01,DAERAH ISTIMEWA YOGYAKARTA,"Chili (bird's eye, red)",18783.335
2020-07-01,DAERAH ISTIMEWA YOGYAKARTA,Chili (red),17600.0
2020-07-01,DAERAH ISTIMEWA YOGYAKARTA,"Chili (red, curly)",16508.335
2020-07-01,DAERAH ISTIMEWA YOGYAKARTA,"Chili (red, large)",18691.665
2020-07-01,DKI JAKARTA,Chili (bird's eye),29151.786666666667
2020-07-01,DKI JAKARTA,"Chili (bird's eye, green)",26755.953333333335
2020-07-01,DKI JAKARTA,"Chili (bird's eye, red)",31547.62
2020-07-01,DKI JAKARTA,Chili (red),28845.24
2020-07-01,DKI JAKARTA,"Chili (red, curly)",27244.046666666665
2020-07-01,DKI JAKARTA,"Chili (red, large)",30446.430000000004
2020-07-01,GORONTALO,Chili (bird's eye),31461.11
2020-07-01,GORONTALO,"Chili (bird's eye, green)",24666.67
2020-07-01,GORONTALO,"Chili (bird's eye, red)",33150.0
2020-07-01,GORONTALO,Chili (red),34983.335
2020-07-01,GORONTALO,"Chili (red, curly)",35933.333333333336
2020-07-01,JAMBI,Chili (bird's eye),28550.0
2020-07-01,JAMBI,"Chili (bird's eye, green)",34233.33
2020-07-01,JAMBI,"Chili (bird's eye, red)",30266.6675
2020-07-01,JAMBI,Chili (red),20044.443333333333
2020-07-01,JAMBI,"Chili (red, curly)",20345.8325
2020-07-01,JAMBI,"Chili (red, large)",20404.1675
2020-07-01,JAWA BARAT,Chili (bird's eye),25017.819375
2020-07-01,JAWA BARAT,"Chili (bird's eye, green)",22780.131176470586
2020-07-01,JAWA BARAT,"Chili (bird's eye, red)",28893.704117647056
2020-07-01,JAWA BARAT,Chili (red),28006.15117647059
2020-07-01,JAWA BARAT,"Chili (red, curly)",23477.50222222222
2020-07-01,JAWA BARAT,"Chili (red, large)",31935.353888888887
2020-07-01,JAWA TENGAH,Chili (bird's eye),18733.72875
2020-07-01,JAWA TENGAH,"Chili (bird's eye, green)",16237.835
2020-07-01,JAWA TENGAH,"Chili (bird's eye, red)",21229.620833333334
2020-07-01,JAWA TENGAH,Chili (red),17304.271666666667
2020-07-01,JAWA TENGAH,"Chili (red, curly)",16925.81375
2020-07-01,JAWA TENGAH,"Chili (red, large)",17825.622916666667
2020-07-01,JAWA TIMUR,Chili (bird's eye),16143.626250000001
2020-07-01,JAWA TIMUR,"Chili (bird's eye, green)",14087.561578947367
2020-07-01,JAWA TIMUR,"Chili (bird's eye, red)",19207.69875
2020-07-01,JAWA TIMUR,Chili (red),18226.960625
2020-07-01,JAWA TIMUR,"Chili (red, curly)",17342.98857142857
2020-07-01,JAWA TIMUR,"Chili (red, large)",19050.141052631578
2020-07-01,KALIMANTAN BARAT,Chili (bird's eye),46547.22166666667
2020-07-01,KALIMANTAN BARAT,"Chili (bird's eye, green)",42102.776666666665
2020-07-01,KALIMANTAN BARAT,"Chili (bird's eye, red)",50991.665
2020-07-01,KALIMANTAN BARAT,Chili (red),40033.332
2020-07-01,KALIMANTAN BARAT,"Chili (red, curly)",44722.22333333333
2020-07-01,KALIMANTAN BARAT,"Chili (red, large)",44103.333999999995
2020-07-01,KALIMANTAN SELATAN,Chili (bird's eye),26069.443333333333
2020-07-01,KALIMANTAN SELATAN,"Chili (bird's eye, green)",20499.99666666667
2020-07-01,KALIMANTAN SELATAN,"Chili (bird's eye, red)",31638.88666666667
2020-07-01,KALIMANTAN SELATAN,Chili (red),32850.0
2020-07-01,KALIMANTAN SELATAN,"Chili (red, curly)",32566.666666666668
2020-07-01,KALIMANTAN SELATAN,"Chili (red, large)",33133.33666666666
2020-07-01,KALIMANTAN TENGAH,Chili (bird's eye),34121.854999999996
2020-07-01,KALIMANTAN TENGAH,"Chili (bird's eye, green)",31071.43
2020-07-01,KALIMANTAN TENGAH,"Chili (bird's eye, red)",46077.38333333333
2020-07-01,KALIMANTAN TENGAH,Chili (red),47040.345
2020-07-01,KALIMANTAN TENGAH,"Chili (red, curly)",46195.4375
2020-07-01,KALIMANTAN TENGAH,"Chili (red, large)",47885.2525
2020-07-01,KALIMANTAN TIMUR,Chili (bird's eye),32048.611666666664
2020-07-01,KALIMANTAN TIMUR,"Chili (bird's eye, green)",37791.666666666664
2020-07-01,KALIMANTAN TIMUR,"Chili (bird's eye, red)",26305.555000000004
2020-07-01,KALIMANTAN TIMUR,Chili (red),33747.917499999996
2020-07-01,KALIMANTAN TIMUR,"Chili (red, curly)",35530.555
2020-07-01,KALIMANTAN TIMUR,"Chili (red, large)",32675.001666666667
2020-07-01,KALIMANTAN UTARA,Chili (bird's eye),67604.16500000001
2020-07-01,KALIMANTAN UTARA,"Chili (bird's eye, green)",74520.83
2020-07-01,KALIMANTAN UTARA,"Chili (bird's eye, red)",60687.4975
2020-07-01,KALIMANTAN UTARA,Chili (red),50770.835
2020-07-01,KALIMANTAN UTARA,"Chili (red, curly)",46416.665
2020-07-01,KALIMANTAN UTARA,"Chili (red, large)",49166.667499999996
2020-07-01,KEPULAUAN BANGKA BELITUNG,Chili (bird's eye),35555.56
2020-07-01,KEPULAUAN BANGKA BELITUNG,"Chili (bird's eye, green)",35203.7025
2020-07-01,KEPULAUAN BANGKA BELITUNG,"Chili (bird's eye, red)",42203.705
2020-07-01,KEPULAUAN BANGKA BELITUNG,Chili (red),50354.167499999996
2020-07-01,KEPULAUAN BANGKA BELITUNG,"Chili (red, curly)",26217.5925
2020-07-01,KEPULAUAN BANGKA BELITUNG,"Chili (red, large)",74490.74
2020-07-01,KEPULAUAN RIAU,Chili (bird's eye),29985.183999999997
2020-07-01,KEPULAUAN RIAU,"Chili (bird's eye, green)",29985.183999999997
2020-07-01,KEPULAUAN RIAU,Chili (red),30629.63
2020-07-01,KEPULAUAN RIAU,"Chili (red, curly)",29718.518
2020-07-01,LAMPUNG,Chili (bird's eye),25920.8325
2020-07-01,LAMPUNG,"Chili (bird's eye, green)",30350.0
2020-07-01,LAMPUNG,"Chili (bird's eye, red)",24654.1675
2020-07-01,LAMPUNG,Chili (red),22768.7525
2020-07-01,LAMPUNG,"Chili (red, curly)",19433.335
2020-07-01,LAMPUNG,"Chili (red, large)",27699.99666666667
2020-07-01,MALUKU,Chili (bird's eye),49885.06
2020-07-01,MALUKU,"Chili (bird's eye, green)",40000.0
2020-07-01,MALUKU,"Chili (bird's eye, red)",52176.7275
2020-07-01,MALUKU,Chili (red),74008.6225
2020-07-01,MALUKU,"Chili (red, curly)",63850.573333333334
2020-07-01,MALUKU,"Chili (red, large)",35344.83
2020-07-01,MALUKU UTARA,Chili (bird's eye),84583.33
2020-07-01,MALUKU UTARA,"Chili (bird's eye, green)",81115.195
2020-07-01,MALUKU UTARA,"Chili (bird's eye, red)",67333.33
2020-07-01,MALUKU UTARA,Chili (red),53625.0
2020-07-01,MALUKU UTARA,"Chili (red, curly)",61500.0
2020-07-01,MALUKU UTARA,"Chili (red, large)",45750.0
2020-07-01,NUSA TENGGARA BARAT,Chili (bird's eye),18350.0
2020-07-01,NUSA TENGGARA BARAT,"Chili (bird's eye, green)",13204.1675
2020-07-01,NUSA TENGGARA BARAT,"Chili (bird's eye, red)",20879.1675
2020-07-01,NUSA TENGGARA BARAT,Chili (red),21583.33
2020-07-01,NUSA TENGGARA BARAT,"Chili (red, curly)",20943.334
2020-07-01,NUSA TENGGARA BARAT,"Chili (red, large)",19937.5
2020-07-01,NUSA TENGGARA TIMUR,Chili (bird's eye),51224.167499999996
2020-07-01,NUSA TENGGARA TIMUR,"Chili (bird's eye, green)",42075.417499999996
2020-07-01,NUSA TENGGARA TIMUR,"Chili (bird's eye, red)",60365.417499999996
2020-07-01,NUSA TENGGARA TIMUR,Chili (red),34109.582500000004
2020-07-01,NUSA TENGGARA TIMUR,"Chili (red, curly)",35185.415
2020-07-01,NUSA TENGGARA TIMUR,"Chili (red, large)",33027.5
2020-07-01,PAPUA,Chili (bird's eye),66864.13
2020-07-01,PAPUA,"Chili (bird's eye, green)",49862.19666666666
2020-07-01,PAPUA,"Chili (bird's eye, red)",87722.46333333333
2020-07-01,PAPUA,Chili (red),70049.39666666667
2020-07-01,PAPUA,"Chili (red, curly)",70688.16333333333
2020-07-01,PAPUA,"Chili (red, large)",69410.62833333334
2020-07-01,PAPUA BARAT,Chili (bird's eye),60166.667499999996
2020-07-01,PAPUA BARAT,"Chili (bird's eye, green)",36083.332500000004
2020-07-01,PAPUA BARAT,"Chili (bird's eye, red)",74166.66500000001
2020-07-01,PAPUA BARAT,Chili (red),55041.667499999996
2020-07-01,PAPUA BARAT,"Chili (red, curly)",53750.0
2020-07-01,PAPUA BARAT,"Chili (red, large)",55702.72
2020-07-01,RIAU,Chili (bird's eye),29891.666000000005
2020-07-01,RIAU,"Chili (bird's eye, green)",30140.475714285716
2020-07-01,RIAU,"Chili (bird's eye, red)",35271.12
2020-07-01,RIAU,Chili (red),26561.458749999998
2020-07-01,RIAU,"Chili (red, curly)",28941.666250000002
2020-07-01,RIAU,"Chili (red, large)",22091.668333333335
2020-07-01,SULAWESI BARAT,Chili (bird's eye),17980.605
2020-07-01,SULAWESI BARAT,"Chili (bird's eye, green)",15271.3925
2020-07-01,SULAWESI BARAT,"Chili (bird's eye, red)",20659.48
2020-07-01,SULAWESI BARAT,Chili (red),20744.25333333333
2020-07-01,SULAWESI BARAT,"Chili (red, curly)",20288.7925
2020-07-01,SULAWESI BARAT,"Chili (red, large)",18392.2425
2020-07-01,SULAWESI SELATAN,Chili (bird's eye),15121.451111111111
2020-07-01,SULAWESI SELATAN,"Chili (bird's eye, red)",16155.460000000001
2020-07-01,SULAWESI SELATAN,Chili (red),18099.85111111111
2020-07-01,SULAWESI SELATAN,"Chili (red, curly)",19151.854
2020-07-01,SULAWESI SELATAN,"Chili (red, large)",17150.098
2020-07-01,SULAWESI TENGAH,Chili (bird's eye),36262.5
2020-07-01,SULAWESI TENGAH,"Chili (bird's eye, green)",37208.335
2020-07-01,SULAWESI TENGAH,"Chili (bird's eye, red)",35316.665
2020-07-01,SULAWESI TENGAH,Chili (red),28554.165
2020-07-01,SULAWESI TENGAH,"Chili (red, curly)",27191.67
2020-07-01,SULAWESI TENGAH,"Chili (red, large)",30172.415
2020-07-01,SULAWESI TENGGARA,Chili (bird's eye),32199.585
2020-07-01,SULAWESI TENGGARA,"Chili (bird's eye, green)",30875.0
2020-07-01,SULAWESI TENGGARA,"Chili (bird's eye, red)",33520.832500000004
2020-07-01,SULAWESI TENGGARA,Chili (red),30970.0
2020-07-01,SULAWESI TENGGARA,"Chili (red, curly)",30918.75
2020-07-01,SULAWESI TENGGARA,"Chili (red, large)",28614.585
2020-07-01,SULAWESI UTARA,Chili (bird's eye),26472.989999999998
2020-07-01,SULAWESI UTARA,"Chili (bird's eye, green)",23781.61
2020-07-01,SULAWESI UTARA,"Chili (bird's eye, red)",29164.37
2020-07-01,SULAWESI UTARA,Chili (red),36018.68
2020-07-01,SULAWESI UTARA,"Chili (red, curly)",36416.67
2020-07-01,SUMATERA BARAT,Chili (bird's eye),32914.1025
2020-07-01,SUMATERA BARAT,"Chili (bird's eye, green)",32914.1025
2020-07-01,SUMATERA BARAT,Chili (red),25164.1025
2020-07-01,SUMATERA BARAT,"Chili (red, curly)",25164.1025
2020-07-01,SUMATERA SELATAN,Chili (bird's eye),37833.335
2020-07-01,SUMATERA SELATAN,"Chili (bird's eye, green)",37766.67
2020-07-01,SUMATERA SELATAN,"Chili (bird's eye, red)",33433.333333333336
2020-07-01,SUMATERA SELATAN,Chili (red),27213.89
2020-07-01,SUMATERA SELATAN,"Chili (red, curly)",27172.22333333333
2020-07-01,SUMATERA SELATAN,"Chili (red, large)",27255.556666666667
2020-07-01,SUMATERA UTARA,Chili (bird's eye),31363.928000000004
2020-07-01,SUMATERA UTARA,"Chili (bird's eye, green)",31673.268181818185
2020-07-01,SUMATERA UTARA,"Chili (bird's eye, red)",31716.6675
2020-07-01,SUMATERA UTARA,Chili (red),24128.245
2020-07-01,SUMATERA UTARA,"Chili (red, curly)",23875.087272727276
2020-08-01,ACEH,Chili (bird's eye),45176.924
2020-08-01,ACEH,"Chili (bird's eye, green)",43923.0775
2020-08-01,ACEH,Chili (red),34179.485
2020-08-01,ACEH,"Chili (red, curly)",32861.536
2020-08-01,BALI,Chili (bird's eye),19541.666666666668
2020-08-01,BALI,"Chili (bird's eye, green)",20135.4175
2020-08-01,BALI,"Chili (bird's eye, red)",18906.25
2020-08-01,BALI,Chili (red),17562.5
2020-08-01,BALI,"Chili (red, curly)",18437.5
2020-08-01,BALI,"Chili (red, large)",16687.4975
2020-08-01,BANTEN,Chili (bird's eye),26326.388333333336
2020-08-01,BANTEN,"Chili (bird's eye, green)",23156.2525
2020-08-01,BANTEN,"Chili (bird's eye, red)",28798.61
2020-08-01,BANTEN,Chili (red),27604.166666666668
2020-08-01,BANTEN,"Chili (red, curly)",26409.724999999995
2020-08-01,BANTEN,"Chili (red, large)",30368.056666666667
2020-08-01,BENGKULU,Chili (bird's eye),27548.075
2020-08-01,BENGKULU,"Chili (bird's eye, green)",30971.155
2020-08-01,BENGKULU,"Chili (bird's eye, red)",24102.885
2020-08-01,BENGKULU,Chili (red),21942.31
2020-08-01,BENGKULU,"Chili (red, curly)",23897.436666666665
2020-08-01,BENGKULU,"Chili (red, large)",19778.8475
2020-08-01,DAERAH ISTIMEWA YOGYAKARTA,"Chili (bird's eye, green)",18634.62
2020-08-01,DAERAH ISTIMEWA YOGYAKARTA,"Chili (bird's eye, red)",16326.925000000001
2020-08-01,DAERAH ISTIMEWA YOGYAKARTA,Chili (red),18865.385000000002
2020-08-01,DAERAH ISTIMEWA YOGYAKARTA,"Chili (red, curly)",16442.31
2020-08-01,DAERAH ISTIMEWA YOGYAKARTA,"Chili (red, large)",21288.46
2020-08-01,DKI JAKARTA,Chili (bird's eye),29455.126666666667
2020-08-01,DKI JAKARTA,"Chili (bird's eye, green)",27243.59
2020-08-01,DKI JAKARTA,"Chili (bird's eye, red)",31666.666666666668
2020-08-01,DKI JAKARTA,Chili (red),31826.925000000003
2020-08-01,DKI JAKARTA,"Chili (red, curly)",30064.103333333333
2020-08-01,DKI JAKARTA,"Chili (red, large)",35769.23333333333
2020-08-01,GORONTALO,Chili (bird's eye),35222.223333333335
2020-08-01,GORONTALO,"Chili (bird's eye, green)",31250.0
2020-08-01,GORONTALO,"Chili (bird's eye, red)",36361.11
2020-08-01,GORONTALO,Chili (red),47500.0
2020-08-01,GORONTALO,"Chili (red, curly)",44930.556666666664
2020-08-01,JAMBI,Chili (bird's eye),31379.8075
2020-08-01,JAMBI,"Chili (bird's eye, green)",34269.23
2020-08-01,JAMBI,"Chili (bird's eye, red)",31894.23
2020-08-01,JAMBI,Chili (red),20044.873333333333
2020-08-01,JAMBI,"Chili (red, curly)",20557.692499999997
2020-08-01,JAMBI,"Chili (red, large)",20605.767499999998
2020-08-01,JAWA BARAT,Chili (bird's eye),25784.85625
2020-08-01,JAWA BARAT,"Chili (bird's eye, green)",22993.59
2020-08-01,JAWA BARAT,"Chili (bird's eye, red)",28604.700555555555
2020-08-01,JAWA BARAT,Chili (red),29359.374375
2020-08-01,JAWA BARAT,"Chili (red, curly)",25179.486666666668
2020-08-01,JAWA BARAT,"Chili (red, large)",33232.906111111115
2020-08-01,JAWA TENGAH,Chili (bird's eye),18495.958695652174
2020-08-01,JAWA TENGAH,"Chili (bird's eye, green)",16805.69
2020-08-01,JAWA TENGAH,"Chili (bird's eye, red)",20388.48875
2020-08-01,JAWA TENGAH,Chili (red),18269.973157894736
2020-08-01,JAWA TENGAH,"Chili (red, curly)",17579.194583333334
2020-08-01,JAWA TENGAH,"Chili (red, large)",18603.765416666665
2020-08-01,JAWA TIMUR,Chili (bird's eye),15643.665882352941
2020-08-01,JAWA TIMUR,"Chili (bird's eye, green)",13868.422105263158
2020-08-01,JAWA TIMUR,"Chili (bird's eye, red)",17809.953529411767
2020-08-01,JAWA TIMUR,Chili (red),19233.174375
2020-08-01,JAWA TIMUR,"Chili (red, curly)",18442.308571428573
2020-08-01,JAWA TIMUR,"Chili (red, large)",20469.634736842105
2020-08-01,KALIMANTAN BARAT,Chili (bird's eye),62721.15333333333
2020-08-01,KALIMANTAN BARAT,"Chili (bird's eye, green)",57923.07666666666
2020-08-01,KALIMANTAN BARAT,"Chili (bird's eye, red)",67519.23
2020-08-01,KALIMANTAN BARAT,Chili (red),43880.768
2020-08-01,KALIMANTAN BARAT,"Chili (red, curly)",46551.28
2020-08-01,KALIMANTAN BARAT,"Chili (red, large)",48792.306
2020-08-01,KALIMANTAN SELATAN,Chili (bird's eye),26673.07666666667
2020-08-01,KALIMANTAN SELATAN,"Chili (bird's eye, green)",21358.97333333333
2020-08-01,KALIMANTAN SELATAN,"Chili (bird's eye, red)",31987.18333333333
2020-08-01,KALIMANTAN SELATAN,Chili (red),35737.176666666666
2020-08-01,KALIMANTAN SELATAN,"Chili (red, curly)",34461.54
2020-08-01,KALIMANTAN SELATAN,"Chili (red, large)",37012.82
2020-08-01,KALIMANTAN TENGAH,Chili (bird's eye),38459.3525
2020-08-01,KALIMANTAN TENGAH,"Chili (bird's eye, green)",31166.9575
2020-08-01,KALIMANTAN TENGAH,"Chili (bird's eye, red)",49881.119999999995
2020-08-01,KALIMANTAN TENGAH,Chili (red),52135.055
2020-08-01,KALIMANTAN TENGAH,"Chili (red, curly)",51193.1825
2020-08-01,KALIMANTAN TENGAH,"Chili (red, large)",53076.925
2020-08-01,KALIMANTAN TIMUR,Chili (bird's eye),37560.89833333334
2020-08-01,KALIMANTAN TIMUR,"Chili (bird's eye, green)",41192.30833333333
2020-08-01,KALIMANTAN TIMUR,"Chili (bird's eye, red)",33929.486666666664
2020-08-01,KALIMANTAN TIMUR,Chili (red),45437.5
2020-08-01,KALIMANTAN TIMUR,"Chili (red, curly)",43865.385
2020-08-01,KALIMANTAN TIMUR,"Chili (red, large)",46792.308000000005
2020-08-01,KALIMANTAN UTARA,Chili (bird's eye),68293.27
2020-08-01,KALIMANTAN UTARA,"Chili (bird's eye, green)",74615.3825
2020-08-01,KALIMANTAN UTARA,"Chili (bird's eye, red)",61971.155
2020-08-01,KALIMANTAN UTARA,Chili (red),58514.42
2020-08-01,KALIMANTAN UTARA,"Chili (red, curly)",62307.695
2020-08-01,KALIMANTAN UTARA,"Chili (red, large)",55509.615000000005
2020-08-01,KEPULAUAN BANGKA BELITUNG,Chili (bird's eye),35128.20333333333
2020-08-01,KEPULAUAN BANGKA BELITUNG,"Chili (bird's eye, green)",33807.6925
2020-08-01,KEPULAUAN BANGKA BELITUNG,"Chili (bird's eye, red)",36932.695
2020-08-01,KEPULAUAN BANGKA BELITUNG,Chili (red),49673.0775
2020-08-01,KEPULAUAN BANGKA BELITUNG,"Chili (red, curly)",29346.152499999997
2020-08-01,KEPULAUAN BANGKA BELITUNG,"Chili (red, large)",70000.0
2020-08-01,KEPULAUAN RIAU,Chili (bird's eye),31215.384
2020-08-01,KEPULAUAN RIAU,"Chili (bird's eye, green)",31215.384
2020-08-01,KEPULAUAN RIAU,Chili (red),32064.10666666667
2020-08-01,KEPULAUAN RIAU,"Chili (red, curly)",31453.85
2020-08-01,LAMPUNG,Chili (bird's eye),26024.0375
2020-08-01,LAMPUNG,"Chili (bird's eye, green)",31987.180000000004
2020-08-01,LAMPUNG,"Chili (bird's eye, red)",23153.8425
2020-08-01,LAMPUNG,Chili (red),18826.923333333336
2020-08-01,LAMPUNG,"Chili (red, curly)",20038.46
2020-08-01,LAMPUNG,"Chili (red, large)",26064.103333333333
2020-08-01,MALUKU,Chili (bird's eye),43413.46
2020-08-01,MALUKU,"Chili (bird's eye, green)",36923.08
2020-08-01,MALUKU,"Chili (bird's eye, red)",45192.307499999995
2020-08-01,MALUKU,Chili (red),61230.770000000004
2020-08-01,MALUKU,"Chili (red, curly)",60490.385
2020-08-01,MALUKU,"Chili (red, large)",39230.77
2020-08-01,MALUKU UTARA,Chili (bird's eye),77115.385
2020-08-01,MALUKU UTARA,"Chili (bird's eye, green)",80192.31
2020-08-01,MALUKU UTARA,"Chili (bird's eye, red)",73461.54
2020-08-01,MALUKU UTARA,Chili (red),59134.615
2020-08-01,MALUKU UTARA,"Chili (red, curly)",67692.31
2020-08-01,MALUKU UTARA,"Chili (red, large)",50576.92
2020-08-01,NUSA TENGGARA BARAT,Chili (bird's eye),14300.0
2020-08-01,NUSA TENGGARA BARAT,"Chili (bird's eye, green)",11480.7675
2020-08-01,NUSA TENGGARA BARAT,"Chili (bird's eye, red)",16015.384
2020-08-01,NUSA TENGGARA BARAT,Chili (red),19437.5025
2020-08-01,NUSA TENGGARA BARAT,"Chili (red, curly)",19884.614
2020-08-01,NUSA TENGGARA BARAT,"Chili (red, large)",19215.384
2020-08-01,NUSA TENGGARA TIMUR,Chili (bird's eye),44475.0
2020-08-01,NUSA TENGGARA TIMUR,"Chili (bird's eye, green)",39473.957500000004
2020-08-01,NUSA TENGGARA TIMUR,"Chili (bird's eye, red)",49464.582500000004
2020-08-01,NUSA TENGGARA TIMUR,Chili (red),31516.6675
2020-08-01,NUSA TENGGARA TIMUR,"Chili (red, curly)",34075.0
2020-08-01,NUSA TENGGARA TIMUR,"Chili (red, large)",28955.2075
2020-08-01,PAPUA,Chili (bird's eye),57762.81666666667
2020-08-01,PAPUA,"Chili (bird's eye, green)",48192.30833333333
2020-08-01,PAPUA,"Chili (bird's eye, red)",84153.84666666666
2020-08-01,PAPUA,Chili (red),80762.81999999999
2020-08-01,PAPUA,"Chili (red, curly)",80224.36
2020-08-01,PAPUA,"Chili (red, large)",81301.28333333334
2020-08-01,PAPUA BARAT,Chili (bird's eye),60384.615
2020-08-01,PAPUA BARAT,"Chili (bird's eye, green)",39743.59
2020-08-01,PAPUA BARAT,"Chili (bird's eye, red)",70769.2325
2020-08-01,PAPUA BARAT,Chili (red),44519.229999999996
2020-08-01,PAPUA BARAT,"Chili (red, curly)",40769.229999999996
2020-08-01,PAPUA BARAT,"Chili (red, large)",50192.3075
2020-08-01,RIAU,Chili (bird's eye),32514.425
2020-08-01,RIAU,"Chili (bird's eye, green)",34071.42857142857
2020-08-01,RIAU,"Chili (bird's eye, red)",32270.8325
2020-08-01,RIAU,Chili (red),29894.23125
2020-08-01,RIAU,"Chili (red, curly)",32293.2675
2020-08-01,RIAU,"Chili (red, large)",25185.898333333334
2020-08-01,SULAWESI BARAT,Chili (bird's eye),19056.489999999998
2020-08-01,SULAWESI BARAT,"Chili (bird's eye, green)",15977.5625
2020-08-01,SULAWESI BARAT,"Chili (bird's eye, red)",22135.4175
2020-08-01,SULAWESI BARAT,Chili (red),30478.096666666668
2020-08-01,SULAWESI BARAT,"Chili (red, curly)",30788.4625
2020-08-01,SULAWESI BARAT,"Chili (red, large)",29592.15
2020-08-01,SULAWESI SELATAN,Chili (bird's eye),15874.326666666668
2020-08-01,SULAWESI SELATAN,"Chili (bird's eye, red)",17332.91222222222
2020-08-01,SULAWESI SELATAN,Chili (red),24519.853750000002
2020-08-01,SULAWESI SELATAN,"Chili (red, curly)",25545.947
2020-08-01,SULAWESI SELATAN,"Chili (red, large)",23317.64
2020-08-01,SULAWESI TENGAH,Chili (bird's eye),44730.770000000004
2020-08-01,SULAWESI TENGAH,"Chili (bird's eye, green)",46980.77
2020-08-01,SULAWESI TENGAH,"Chili (bird's eye, red)",42480.770000000004
2020-08-01,SULAWESI TENGAH,Chili (red),36086.535
2020-08-01,SULAWESI TENGAH,"Chili (red, curly)",36403.845
2020-08-01,SULAWESI TENGAH,"Chili (red, large)",35961.54
2020-08-01,SULAWESI TENGGARA,Chili (bird's eye),37038.46
2020-08-01,SULAWESI TENGGARA,"Chili (bird's eye, green)",35721.1525
2020-08-01,SULAWESI TENGGARA,"Chili (bird's eye, red)",38355.7675
2020-08-01,SULAWESI TENGGARA,Chili (red),37951.92
2020-08-01,SULAWESI TENGGARA,"Chili (red, curly)",45548.0775
2020-08-01,SULAWESI TENGGARA,"Chili (red, large)",44679.49
2020-08-01,SULAWESI UTARA,Chili (bird's eye),30817.31
2020-08-01,SULAWESI UTARA,"Chili (bird's eye, green)",27596.155
2020-08-01,SULAWESI UTARA,"Chili (bird's eye, red)",34038.465
2020-08-01,SULAWESI UTARA,Chili (red),44038.46000000001
2020-08-01,SULAWESI UTARA,"Chili (red, curly)",44038.46000000001
2020-08-01,SUMATERA BARAT,Chili (bird's eye),33448.71666666667
2020-08-01,SUMATERA BARAT,"Chili (bird's eye, green)",33269.229999999996
2020-08-01,SUMATERA BARAT,Chili (red),27625.002500000002
2020-08-01,SUMATERA BARAT,"Chili (red, curly)",27625.002500000002
2020-08-01,SUMATERA SELATAN,Chili (bird's eye),37730.77
2020-08-01,SUMATERA SELATAN,"Chili (bird's eye, green)",40884.613333333335
2020-08-01,SUMATERA SELATAN,"Chili (bird's eye, red)",34576.92333333333
2020-08-01,SUMATERA SELATAN,Chili (red),28839.743333333336
2020-08-01,SUMATERA SELATAN,"Chili (red, curly)",28935.896666666667
2020-08-01,SUMATERA SELATAN,"Chili (red, large)",28743.586666666666
2020-08-01,SUMATERA UTARA,Chili (bird's eye),38384.615
2020-08-01,SUMATERA UTARA,"Chili (bird's eye, green)",38411.63363636364
2020-08-01,SUMATERA UTARA,"Chili (bird's eye, red)",37730.770000000004
2020-08-01,SUMATERA UTARA,Chili (red),27769.620000000003
2020-08-01,SUMATERA UTARA,"Chili (red, curly)",27727.590909090908
2020-09-01,ACEH,Chili (bird's eye),34619.484
2020-09-01,ACEH,"Chili (bird's eye, green)",34511.335
2020-09-01,ACEH,Chili (red),26900.0
2020-09-01,ACEH,"Chili (red, curly)",27083.333333333332
2020-09-01,BALI,Chili (bird's eye),18034.316666666666
2020-09-01,BALI,"Chili (bird's eye, green)",18308.825
2020-09-01,BALI,"Chili (bird's eye, red)",18066.177499999998
2020-09-01,BALI,Chili (red),18470.59
2020-09-01,BALI,"Chili (red, curly)",18294.1175
2020-09-01,BALI,"Chili (red, large)",18647.06
2020-09-01,BANTEN,Chili (bird's eye),23710.785
2020-09-01,BANTEN,"Chili (bird's eye, green)",21154.4125
2020-09-01,BANTEN,"Chili (bird's eye, red)",25093.138333333336
2020-09-01,BANTEN,Chili (red),26068.626666666667
2020-09-01,BANTEN,"Chili (red, curly)",23622.548333333336
2020-09-01,BANTEN,"Chili (red, large)",26774.51
2020-09-01,BENGKULU,Chili (bird's eye),23044.1175
2020-09-01,BENGKULU,"Chili (bird's eye, green)",26845.5875
2020-09-01,BENGKULU,"Chili (bird's eye, red)",19216.1725
2020-09-01,BENGKULU,Chili (red),20441.1775
2020-09-01,BENGKULU,"Chili (red, curly)",22215.686666666665
2020-09-01,BENGKULU,"Chili (red, large)",18419.1175
2020-09-01,DAERAH ISTIMEWA YOGYAKARTA,"Chili (bird's eye, green)",17058.825
2020-09-01,DAERAH ISTIMEWA YOGYAKARTA,"Chili (bird's eye, red)",15102.939999999999
2020-09-01,DAERAH ISTIMEWA YOGYAKARTA,Chili (red),17477.94
2020-09-01,DAERAH ISTIMEWA YOGYAKARTA,"Chili (red, curly)",14514.705
2020-09-01,DAERAH ISTIMEWA YOGYAKARTA,"Chili (red, large)",20441.18
2020-09-01,DKI JAKARTA,Chili (bird's eye),27682.289999999997
2020-09-01,DKI JAKARTA,"Chili (bird's eye, green)",27447.916666666668
2020-09-01,DKI JAKARTA,"Chili (bird's eye, red)",27916.666666666668
2020-09-01,DKI JAKARTA,Chili (red),32539.065000000002
2020-09-01,DKI JAKARTA,"Chili (red, curly)",27708.333333333332
2020-09-01,DKI JAKARTA,"Chili (red, large)",38541.666666666664
2020-09-01,GORONTALO,Chili (bird's eye),38294.11666666667
2020-09-01,GORONTALO,"Chili (bird's eye, green)",25882.35
2020-09-01,GORONTALO,"Chili (bird's eye, red)",40460.78333333333
2020-09-01,GORONTALO,Chili (red),39647.06
2020-09-01,GORONTALO,"Chili (red, curly)",38254.90333333333
2020-09-01,JAMBI,Chili (bird's eye),22944.8525
2020-09-01,JAMBI,"Chili (bird's eye, green)",21970.5875
2020-09-01,JAMBI,"Chili (bird's eye, red)",23919.114999999998
2020-09-01,JAMBI,Chili (red),19651.963333333333
2020-09-01,JAMBI,"Chili (red, curly)",20345.59
2020-09-01,JAMBI,"Chili (red, large)",19727.940000000002
2020-09-01,JAWA BARAT,Chili (bird's eye),22757.351875
2020-09-01,JAWA BARAT,"Chili (bird's eye, green)",21096.405555555553
2020-09-01,JAWA BARAT,"Chili (bird's eye, red)",25558.823529411766
2020-09-01,JAWA BARAT,Chili (red),25395.097999999998
2020-09-01,JAWA BARAT,"Chili (red, curly)",23081.699999999997
2020-09-01,JAWA BARAT,"Chili (red, large)",27398.692777777775
2020-09-01,JAWA TENGAH,Chili (bird's eye),16146.323333333334
2020-09-01,JAWA TENGAH,"Chili (bird's eye, green)",15284.313333333334
2020-09-01,JAWA TENGAH,"Chili (bird's eye, red)",17007.96625
2020-09-01,JAWA TENGAH,Chili (red),16891.470999999998
2020-09-01,JAWA TENGAH,"Chili (red, curly)",15627.45125
2020-09-01,JAWA TENGAH,"Chili (red, large)",18090.793478260868
2020-09-01,JAWA TIMUR,Chili (bird's eye),13353.460000000001
2020-09-01,JAWA TIMUR,"Chili (bird's eye, green)",12005.418421052631
2020-09-01,JAWA TIMUR,"Chili (bird's eye, red)",15128.027647058823
2020-09-01,JAWA TIMUR,Chili (red),19834.559375
2020-09-01,JAWA TIMUR,"Chili (red, curly)",16888.655
2020-09-01,JAWA TIMUR,"Chili (red, large)",21013.932631578948
2020-09-01,KALIMANTAN BARAT,Chili (bird's eye),57208.335
2020-09-01,KALIMANTAN BARAT,"Chili (bird's eye, green)",52460.785
2020-09-01,KALIMANTAN BARAT,"Chili (bird's eye, red)",61955.88333333334
2020-09-01,KALIMANTAN BARAT,Chili (red),50419.1175
2020-09-01,KALIMANTAN BARAT,"Chili (red, curly)",45441.175
2020-09-01,KALIMANTAN BARAT,"Chili (red, large)",54289.21666666667
2020-09-01,KALIMANTAN SELATAN,Chili (bird's eye),21308.823333333334
2020-09-01,KALIMANTAN SELATAN,"Chili (bird's eye, green)",16970.586666666666
2020-09-01,KALIMANTAN SELATAN,"Chili (bird's eye, red)",25647.059999999998
2020-09-01,KALIMANTAN SELATAN,Chili (red),32700.98
2020-09-01,KALIMANTAN SELATAN,"Chili (red, curly)",31970.586666666666
2020-09-01,KALIMANTAN SELATAN,"Chili (red, large)",33431.37333333333
2020-09-01,KALIMANTAN TENGAH,Chili (bird's eye),29264.706666666665
2020-09-01,KALIMANTAN TENGAH,"Chili (bird's eye, green)",28923.4075
2020-09-01,KALIMANTAN TENGAH,"Chili (bird's eye, red)",41372.549999999996
2020-09-01,KALIMANTAN TENGAH,Chili (red),47411.765
2020-09-01,KALIMANTAN TENGAH,"Chili (red, curly)",45818.802500000005
2020-09-01,KALIMANTAN TENGAH,"Chili (red, large)",49169.1175
2020-09-01,KALIMANTAN TIMUR,Chili (bird's eye),35713.235
2020-09-01,KALIMANTAN TIMUR,"Chili (bird's eye, green)",41338.235
2020-09-01,KALIMANTAN TIMUR,"Chili (bird's eye, red)",30088.236666666664
2020-09-01,KALIMANTAN TIMUR,Chili (red),38845.59
2020-09-01,KALIMANTAN TIMUR,"Chili (red, curly)",38916.665
2020-09-01,KALIMANTAN TIMUR,"Chili (red, large)",37166.665
2020-09-01,KALIMANTAN UTARA,Chili (bird's eye),57996.3225
2020-09-01,KALIMANTAN UTARA,"Chili (bird's eye, green)",64558.8225
2020-09-01,KALIMANTAN UTARA,"Chili (bird's eye, red)",51433.8225
2020-09-01,KALIMANTAN UTARA,Chili (red),49047.792499999996
2020-09-01,KALIMANTAN UTARA,"Chili (red, curly)",47303.920000000006
2020-09-01,KALIMANTAN UTARA,"Chili (red, large)",48367.645000000004
2020-09-01,KEPULAUAN BANGKA BELITUNG,Chili (bird's eye),33117.65
2020-09-01,KEPULAUAN BANGKA BELITUNG,"Chili (bird's eye, green)",31757.3525
2020-09-01,KEPULAUAN BANGKA BELITUNG,"Chili (bird's eye, red)",33448.5275
2020-09-01,KEPULAUAN BANGKA BELITUNG,Chili (red),46867.6475
2020-09-01,KEPULAUAN BANGKA BELITUNG,"Chili (red, curly)",23735.2925
2020-09-01,KEPULAUAN BANGKA BELITUNG,"Chili (red, large)",70000.0
2020-09-01,KEPULAUAN RIAU,Chili (bird's eye),28852.940000000002
2020-09-01,KEPULAUAN RIAU,"Chili (bird's eye, green)",28852.940000000002
2020-09-01,KEPULAUAN RIAU,Chili (red),28607.846666666668
2020-09-01,KEPULAUAN RIAU,"Chili (red, curly)",28147.061999999998
2020-09-01,LAMPUNG,Chili (bird's eye),23569.8525
2020-09-01,LAMPUNG,"Chili (bird's eye, green)",27507.3525
2020-09-01,LAMPUNG,"Chili (bird's eye, red)",19632.3525
2020-09-01,LAMPUNG,Chili (red),23362.74666666667
2020-09-01,LAMPUNG,"Chili (red, curly)",19279.4125
2020-09-01,LAMPUNG,"Chili (red, large)",28127.45
2020-09-01,MALUKU,Chili (bird's eye),49632.354999999996
2020-09-01,MALUKU,"Chili (bird's eye, green)",35000.0
2020-09-01,MALUKU,"Chili (bird's eye, red)",49852.942500000005
2020-09-01,MALUKU,Chili (red),51654.41
2020-09-01,MALUKU,"Chili (red, curly)",50551.467500000006
2020-09-01,MALUKU,"Chili (red, large)",40000.0
2020-09-01,MALUKU UTARA,Chili (bird's eye),90882.35
2020-09-01,MALUKU UTARA,"Chili (bird's eye, green)",90882.35
2020-09-01,MALUKU UTARA,"Chili (bird's eye, red)",64117.65
2020-09-01,MALUKU UTARA,Chili (red),48088.235
2020-09-01,MALUKU UTARA,"Chili (red, curly)",53235.29
2020-09-01,MALUKU UTARA,"Chili (red, large)",42941.18
2020-09-01,NUSA TENGGARA BARAT,Chili (bird's eye),13005.882000000001
2020-09-01,NUSA TENGGARA BARAT,"Chili (bird's eye, green)",11073.529999999999
2020-09-01,NUSA TENGGARA BARAT,"Chili (bird's eye, red)",14052.939999999999
2020-09-01,NUSA TENGGARA BARAT,Chili (red),20250.002500000002
2020-09-01,NUSA TENGGARA BARAT,"Chili (red, curly)",18723.53
2020-09-01,NUSA TENGGARA BARAT,"Chili (red, large)",20088.235
2020-09-01,NUSA TENGGARA TIMUR,Chili (bird's eye),36822.792499999996
2020-09-01,NUSA TENGGARA TIMUR,"Chili (bird's eye, green)",38080.145
2020-09-01,NUSA TENGGARA TIMUR,"Chili (bird's eye, red)",35551.4725
2020-09-01,NUSA TENGGARA TIMUR,Chili (red),31832.3525
2020-09-01,NUSA TENGGARA TIMUR,"Chili (red, curly)",32749.262499999997
2020-09-01,NUSA TENGGARA TIMUR,"Chili (red, large)",30910.2925
2020-09-01,PAPUA,Chili (bird's eye),61727.942500000005
2020-09-01,PAPUA,"Chili (bird's eye, green)",48352.94166666667
2020-09-01,PAPUA,"Chili (bird's eye, red)",88250.00166666666
2020-09-01,PAPUA,Chili (red),42218.136666666665
2020-09-01,PAPUA,"Chili (red, curly)",38730.39333333333
2020-09-01,PAPUA,"Chili (red, large)",45705.88333333333
2020-09-01,PAPUA BARAT,Chili (bird's eye),63161.7675
2020-09-01,PAPUA BARAT,"Chili (bird's eye, green)",42156.863333333335
2020-09-01,PAPUA BARAT,"Chili (bird's eye, red)",76911.7675
2020-09-01,PAPUA BARAT,Chili (red),47107.84333333333
2020-09-01,PAPUA BARAT,"Chili (red, curly)",42132.3525
2020-09-01,PAPUA BARAT,"Chili (red, large)",46911.765
2020-09-01,RIAU,Chili (bird's eye),25855.395
2020-09-01,RIAU,"Chili (bird's eye, green)",25397.06
2020-09-01,RIAU,"Chili (bird's eye, red)",28408.825
2020-09-01,RIAU,Chili (red),24974.265
2020-09-01,RIAU,"Chili (red, curly)",27165.44125
2020-09-01,RIAU,"Chili (red, large)",21230.391666666666
2020-09-01,SULAWESI BARAT,Chili (bird's eye),17139.704999999998
2020-09-01,SULAWESI BARAT,"Chili (bird's eye, green)",13904.4125
2020-09-01,SULAWESI BARAT,"Chili (bird's eye, red)",20375.0025
2020-09-01,SULAWESI BARAT,Chili (red),28448.5275
2020-09-01,SULAWESI BARAT,"Chili (red, curly)",29191.18
2020-09-01,SULAWESI BARAT,"Chili (red, large)",27705.885000000002
2020-09-01,SULAWESI SELATAN,Chili (bird's eye),15623.530999999999
2020-09-01,SULAWESI SELATAN,"Chili (bird's eye, red)",15986.93
2020-09-01,SULAWESI SELATAN,Chili (red),24756.536666666667
2020-09-01,SULAWESI SELATAN,"Chili (red, curly)",24705.882
2020-09-01,SULAWESI SELATAN,"Chili (red, large)",25097.059
2020-09-01,SULAWESI TENGAH,Chili (bird's eye),39328.125
2020-09-01,SULAWESI TENGAH,"Chili (bird's eye, green)",40296.875
2020-09-01,SULAWESI TENGAH,"Chili (bird's eye, red)",38359.375
2020-09-01,SULAWESI TENGAH,Chili (red),28421.87
2020-09-01,SULAWESI TENGAH,"Chili (red, curly)",30125.0
2020-09-01,SULAWESI TENGAH,"Chili (red, large)",26411.46
2020-09-01,SULAWESI TENGGARA,Chili (bird's eye),28926.47
2020-09-01,SULAWESI TENGGARA,"Chili (bird's eye, green)",28161.765
2020-09-01,SULAWESI TENGGARA,"Chili (bird's eye, red)",29691.177499999998
2020-09-01,SULAWESI TENGGARA,Chili (red),35588.24
2020-09-01,SULAWESI TENGGARA,"Chili (red, curly)",32040.440000000002
2020-09-01,SULAWESI TENGGARA,"Chili (red, large)",34539.21333333333
2020-09-01,SULAWESI UTARA,Chili (bird's eye),33941.18
2020-09-01,SULAWESI UTARA,"Chili (bird's eye, green)",30000.0
2020-09-01,SULAWESI UTARA,"Chili (bird's eye, red)",37882.354999999996
2020-09-01,SULAWESI UTARA,Chili (red),36029.415
2020-09-01,SULAWESI UTARA,"Chili (red, curly)",36029.415
2020-09-01,SUMATERA BARAT,Chili (bird's eye),26654.4125
2020-09-01,SUMATERA BARAT,"Chili (bird's eye, green)",26654.4125
2020-09-01,SUMATERA BARAT,Chili (red),24602.940000000002
2020-09-01,SUMATERA BARAT,"Chili (red, curly)",24602.940000000002
2020-09-01,SUMATERA SELATAN,Chili (bird's eye),34830.88
2020-09-01,SUMATERA SELATAN,"Chili (bird's eye, green)",34700.98
2020-09-01,SUMATERA SELATAN,"Chili (bird's eye, red)",29446.076666666664
2020-09-01,SUMATERA SELATAN,Chili (red),26750.0
2020-09-01,SUMATERA SELATAN,"Chili (red, curly)",26759.803333333333
2020-09-01,SUMATERA SELATAN,"Chili (red, large)",26740.196666666667
2020-09-01,SUMATERA UTARA,Chili (bird's eye),26191.469
2020-09-01,SUMATERA UTARA,"Chili (bird's eye, green)",26451.87
2020-09-01,SUMATERA UTARA,"Chili (bird's eye, red)",26196.095
2020-09-01,SUMATERA UTARA,Chili (red),24403.742727272725
2020-09-01,SUMATERA UTARA,"Chili (red, curly)",24403.742727272725
2020-10-01,ACEH,Chili (bird's eye),35761.901999999995
2020-10-01,ACEH,"Chili (bird's eye, green)",35476.18833333333
2020-10-01,ACEH,Chili (red),43038.096000000005
2020-10-01,ACEH,"Chili (red, curly)",43972.223333333335
2020-10-01,BALI,Chili (bird's eye),16849.206666666665
2020-10-01,BALI,"Chili (bird's eye, green)",16946.427499999998
2020-10-01,BALI,"Chili (bird's eye, red)",16958.3325
2020-10-01,BALI,Chili (red),27091.27
2020-10-01,BALI,"Chili (red, curly)",26880.9525
2020-10-01,BALI,"Chili (red, large)",28827.38
2020-10-01,BANTEN,Chili (bird's eye),24394.84
2020-10-01,BANTEN,"Chili (bird's eye, green)",22101.1925
2020-10-01,BANTEN,"Chili (bird's eye, red)",26273.809999999998
2020-10-01,BANTEN,Chili (red),41249.206666666665
2020-10-01,BANTEN,"Chili (red, curly)",40378.57166666666
2020-10-01,BANTEN,"Chili (red, large)",40657.935
2020-10-01,BENGKULU,Chili (bird's eye),28046.826666666664
2020-10-01,BENGKULU,"Chili (bird's eye, green)",30404.760000000002
2020-10-01,BENGKULU,"Chili (bird's eye, red)",25029.1675
2020-10-01,BENGKULU,Chili (red),38946.4275
2020-10-01,BENGKULU,"Chili (red, curly)",41761.90666666667
2020-10-01,BENGKULU,"Chili (red, large)",36160.715
2020-10-01,DAERAH ISTIMEWA YOGYAKARTA,Chili (bird's eye),18857.14
2020-10-01,DAERAH ISTIMEWA YOGYAKARTA,"Chili (bird's eye, green)",18071.43
2020-10-01,DAERAH ISTIMEWA YOGYAKARTA,"Chili (bird's eye, red)",16678.575
2020-10-01,DAERAH ISTIMEWA YOGYAKARTA,Chili (red),32988.1
2020-10-01,DAERAH ISTIMEWA YOGYAKARTA,"Chili (red, curly)",27607.145
2020-10-01,DAERAH ISTIMEWA YOGYAKARTA,"Chili (red, large)",38369.045
2020-10-01,DKI JAKARTA,Chili (bird's eye),28650.793333333335
2020-10-01,DKI JAKARTA,"Chili (bird's eye, green)",27539.680000000004
2020-10-01,DKI JAKARTA,"Chili (bird's eye, red)",29761.906666666666
2020-10-01,DKI JAKARTA,Chili (red),48888.89000000001
2020-10-01,DKI JAKARTA,"Chili (red, curly)",46428.57
2020-10-01,DKI JAKARTA,"Chili (red, large)",51349.21
2020-10-01,GORONTALO,Chili (bird's eye),47186.506666666675
2020-10-01,GORONTALO,"Chili (bird's eye, green)",30952.38
2020-10-01,GORONTALO,"Chili (bird's eye, red)",50206.35
2020-10-01,GORONTALO,"Chili (red, curly)",50722.22333333333
2020-10-01,JAMBI,Chili (bird's eye),26446.427499999998
2020-10-01,JAMBI,"Chili (bird's eye, green)",26388.89
2020-10-01,JAMBI,"Chili (bird's eye, red)",29238.095
2020-10-01,JAMBI,Chili (red),34610.1175
2020-10-01,JAMBI,"Chili (red, curly)",34422.6225
2020-10-01,JAMBI,"Chili (red, large)",33420.636666666665
2020-10-01,JAWA BARAT,Chili (bird's eye),23582.48285714286
2020-10-01,JAWA BARAT,"Chili (bird's eye, green)",21811.01125
2020-10-01,JAWA BARAT,"Chili (bird's eye, red)",27087.30277777778
2020-10-01,JAWA BARAT,Chili (red),43895.83375
2020-10-01,JAWA BARAT,"Chili (red, curly)",40009.25888888889
2020-10-01,JAWA BARAT,"Chili (red, large)",45662.69777777778
2020-10-01,JAWA TENGAH,Chili (bird's eye),17046.528333333332
2020-10-01,JAWA TENGAH,"Chili (bird's eye, green)",15437.995833333334
2020-10-01,JAWA TENGAH,"Chili (bird's eye, red)",18654.76125
2020-10-01,JAWA TENGAH,Chili (red),31204.1665
2020-10-01,JAWA TENGAH,"Chili (red, curly)",30524.801666666666
2020-10-01,JAWA TENGAH,"Chili (red, large)",32259.920833333334
2020-10-01,JAWA TIMUR,Chili (bird's eye),12761.903571428571
2020-10-01,JAWA TIMUR,"Chili (bird's eye, green)",11746.866315789473
2020-10-01,JAWA TIMUR,"Chili (bird's eye, red)",15215.687058823529
2020-10-01,JAWA TIMUR,Chili (red),27707.7375
2020-10-01,JAWA TIMUR,"Chili (red, curly)",27574.829285714284
2020-10-01,JAWA TIMUR,"Chili (red, large)",28774.56210526316
2020-10-01,KALIMANTAN BARAT,Chili (bird's eye),55317.46166666667
2020-10-01,KALIMANTAN BARAT,"Chili (bird's eye, green)",50472.22166666667
2020-10-01,KALIMANTAN BARAT,"Chili (bird's eye, red)",60162.69666666666
2020-10-01,KALIMANTAN BARAT,Chili (red),57571.42833333334
2020-10-01,KALIMANTAN BARAT,"Chili (red, curly)",52875.0025
2020-10-01,KALIMANTAN BARAT,"Chili (red, large)",62766.666000000005
2020-10-01,KALIMANTAN SELATAN,Chili (bird's eye),22103.17333333333
2020-10-01,KALIMANTAN SELATAN,"Chili (bird's eye, green)",17206.350000000002
2020-10-01,KALIMANTAN SELATAN,"Chili (bird's eye, red)",26999.996666666662
2020-10-01,KALIMANTAN SELATAN,Chili (red),30821.430000000004
2020-10-01,KALIMANTAN SELATAN,"Chili (red, curly)",33198.41333333333
2020-10-01,KALIMANTAN SELATAN,"Chili (red, large)",28444.443333333333
2020-10-01,KALIMANTAN TENGAH,Chili (bird's eye),33119.04666666667
2020-10-01,KALIMANTAN TENGAH,"Chili (bird's eye, green)",26601.190000000002
2020-10-01,KALIMANTAN TENGAH,"Chili (bird's eye, red)",41031.746666666666
2020-10-01,KALIMANTAN TENGAH,Chili (red),48654.7625
2020-10-01,KALIMANTAN TENGAH,"Chili (red, curly)",48250.0025
2020-10-01,KALIMANTAN TENGAH,"Chili (red, large)",49059.525
2020-10-01,KALIMANTAN TIMUR,Chili (bird's eye),34892.435
2020-10-01,KALIMANTAN TIMUR,"Chili (bird's eye, green)",37891.448333333334
2020-10-01,KALIMANTAN TIMUR,"Chili (bird's eye, red)",31893.421666666665
2020-10-01,KALIMANTAN TIMUR,Chili (red),43251.645000000004
2020-10-01,KALIMANTAN TIMUR,"Chili (red, curly)",42562.5
2020-10-01,KALIMANTAN TIMUR,"Chili (red, large)",40484.21
2020-10-01,KALIMANTAN UTARA,Chili (bird's eye),61220.2375
2020-10-01,KALIMANTAN UTARA,"Chili (bird's eye, green)",65714.285
2020-10-01,KALIMANTAN UTARA,"Chili (bird's eye, red)",56726.192500000005
2020-10-01,KALIMANTAN UTARA,Chili (red),53842.2625
2020-10-01,KALIMANTAN UTARA,"Chili (red, curly)",52325.4
2020-10-01,KALIMANTAN UTARA,"Chili (red, large)",53529.7625
2020-10-01,KEPULAUAN BANGKA BELITUNG,Chili (bird's eye),32208.336666666666
2020-10-01,KEPULAUAN BANGKA BELITUNG,"Chili (bird's eye, green)",29645.8325
2020-10-01,KEPULAUAN BANGKA BELITUNG,"Chili (bird's eye, red)",31703.703333333335
2020-10-01,KEPULAUAN BANGKA BELITUNG,Chili (red),55774.307499999995
2020-10-01,KEPULAUAN BANGKA BELITUNG,"Chili (red, curly)",41548.6125
2020-10-01,KEPULAUAN BANGKA BELITUNG,"Chili (red, large)",70000.0
2020-10-01,KEPULAUAN RIAU,Chili (bird's eye),29105.264000000003
2020-10-01,KEPULAUAN RIAU,"Chili (bird's eye, green)",29105.264000000003
2020-10-01,KEPULAUAN RIAU,Chili (red),46914.475
2020-10-01,KEPULAUAN RIAU,"Chili (red, curly)",48000.002
2020-10-01,LAMPUNG,Chili (bird's eye),24003.125
2020-10-01,LAMPUNG,"Chili (bird's eye, green)",30100.0
2020-10-01,LAMPUNG,"Chili (bird's eye, red)",21537.5
2020-10-01,LAMPUNG,Chili (red),34718.75
2020-10-01,LAMPUNG,"Chili (red, curly)",32143.75
2020-10-01,LAMPUNG,"Chili (red, large)",38375.0
2020-10-01,MALUKU,Chili (bird's eye),39444.442500000005
2020-10-01,MALUKU,"Chili (bird's eye, green)",35000.0
2020-10-01,MALUKU,"Chili (bird's eye, red)",42534.72
2020-10-01,MALUKU,Chili (red),57657.270000000004
2020-10-01,MALUKU,"Chili (red, curly)",58073.9375
2020-10-01,MALUKU,"Chili (red, large)",36666.67
2020-10-01,MALUKU UTARA,Chili (bird's eye),98154.76000000001
2020-10-01,MALUKU UTARA,"Chili (bird's eye, green)",112976.19
2020-10-01,MALUKU UTARA,"Chili (bird's eye, red)",59523.81
2020-10-01,MALUKU UTARA,Chili (red),48821.425
2020-10-01,MALUKU UTARA,"Chili (red, curly)",52857.14
2020-10-01,MALUKU UTARA,"Chili (red, large)",44785.71
2020-10-01,NUSA TENGGARA BARAT,Chili (bird's eye),12376.189999999999
2020-10-01,NUSA TENGGARA BARAT,"Chili (bird's eye, green)",10505.9525
2020-10-01,NUSA TENGGARA BARAT,"Chili (bird's eye, red)",13376.189999999999
2020-10-01,NUSA TENGGARA BARAT,Chili (red),29940.475
2020-10-01,NUSA TENGGARA BARAT,"Chili (red, curly)",29719.048
2020-10-01,NUSA TENGGARA BARAT,"Chili (red, large)",29410.7125
2020-10-01,NUSA TENGGARA TIMUR,Chili (bird's eye),39612.5
2020-10-01,NUSA TENGGARA TIMUR,"Chili (bird's eye, green)",36116.07
2020-10-01,NUSA TENGGARA TIMUR,"Chili (bird's eye, red)",43081.545
2020-10-01,NUSA TENGGARA TIMUR,Chili (red),49311.9025
2020-10-01,NUSA TENGGARA TIMUR,"Chili (red, curly)",47883.332500000004
2020-10-01,NUSA TENGGARA TIMUR,"Chili (red, large)",50728.57
2020-10-01,PAPUA,Chili (bird's eye),54044.645000000004
2020-10-01,PAPUA,"Chili (bird's eye, green)",41178.57
2020-10-01,PAPUA,"Chili (bird's eye, red)",75047.61833333333
2020-10-01,PAPUA,Chili (red),54091.26833333333
2020-10-01,PAPUA,"Chili (red, curly)",44000.002
2020-10-01,PAPUA,"Chili (red, large)",63777.776666666665
2020-10-01,PAPUA BARAT,Chili (bird's eye),59613.0925
2020-10-01,PAPUA BARAT,"Chili (bird's eye, green)",60079.36333333334
2020-10-01,PAPUA BARAT,"Chili (bird's eye, red)",62976.19
2020-10-01,PAPUA BARAT,Chili (red),64047.619999999995
2020-10-01,PAPUA BARAT,"Chili (red, curly)",53511.905
2020-10-01,PAPUA BARAT,"Chili (red, large)",55654.7625
2020-10-01,RIAU,Chili (bird's eye),27092.856
2020-10-01,RIAU,"Chili (bird's eye, green)",27251.7
2020-10-01,RIAU,"Chili (bird's eye, red)",29178.5725
2020-10-01,RIAU,Chili (red),44004.465
2020-10-01,RIAU,"Chili (red, curly)",46488.09625
2020-10-01,RIAU,"Chili (red, large)",39559.52333333333
2020-10-01,SULAWESI BARAT,Chili (bird's eye),19223.2125
2020-10-01,SULAWESI BARAT,"Chili (bird's eye, green)",15060.05
2020-10-01,SULAWESI BARAT,"Chili (bird's eye, red)",22973.215
2020-10-01,SULAWESI BARAT,Chili (red),40030.426666666666
2020-10-01,SULAWESI BARAT,"Chili (red, curly)",38894.84
2020-10-01,SULAWESI BARAT,"Chili (red, large)",41823.4125
2020-10-01,SULAWESI SELATAN,Chili (bird's eye),19449.40375
2020-10-01,SULAWESI SELATAN,"Chili (bird's eye, red)",20690.475
2020-10-01,SULAWESI SELATAN,Chili (red),38031.747777777775
2020-10-01,SULAWESI SELATAN,"Chili (red, curly)",35909.523
2020-10-01,SULAWESI SELATAN,"Chili (red, large)",40771.428
2020-10-01,SULAWESI TENGAH,Chili (bird's eye),44357.14
2020-10-01,SULAWESI TENGAH,"Chili (bird's eye, green)",45309.525
2020-10-01,SULAWESI TENGAH,"Chili (bird's eye, red)",43404.759999999995
2020-10-01,SULAWESI TENGAH,Chili (red),40767.854999999996
2020-10-01,SULAWESI TENGAH,"Chili (red, curly)",38785.715
2020-10-01,SULAWESI TENGAH,"Chili (red, large)",47333.335
2020-10-01,SULAWESI TENGGARA,Chili (bird's eye),31622.025
2020-10-01,SULAWESI TENGGARA,"Chili (bird's eye, green)",30178.5725
2020-10-01,SULAWESI TENGGARA,"Chili (bird's eye, red)",33065.4775
2020-10-01,SULAWESI TENGGARA,Chili (red),41600.0
2020-10-01,SULAWESI TENGGARA,"Chili (red, curly)",40238.095
2020-10-01,SULAWESI TENGGARA,"Chili (red, large)",43590.47666666666
2020-10-01,SULAWESI UTARA,Chili (bird's eye),51339.285
2020-10-01,SULAWESI UTARA,"Chili (bird's eye, green)",47619.05
2020-10-01,SULAWESI UTARA,"Chili (bird's eye, red)",51369.05
2020-10-01,SULAWESI UTARA,Chili (red),41761.905
2020-10-01,SULAWESI UTARA,"Chili (red, curly)",43047.62
2020-10-01,SUMATERA BARAT,Chili (bird's eye),34837.5
2020-10-01,SUMATERA BARAT,"Chili (bird's eye, green)",34837.5
2020-10-01,SUMATERA BARAT,Chili (red),42062.5
2020-10-01,SUMATERA BARAT,"Chili (red, curly)",42062.5
2020-10-01,SUMATERA SELATAN,Chili (bird's eye),33638.886666666665
2020-10-01,SUMATERA SELATAN,"Chili (bird's eye, green)",34476.19
2020-10-01,SUMATERA SELATAN,"Chili (bird's eye, red)",32801.58666666667
2020-10-01,SUMATERA SELATAN,Chili (red),38059.52333333334
2020-10-01,SUMATERA SELATAN,"Chili (red, curly)",38190.473333333335
2020-10-01,SUMATERA SELATAN,"Chili (red, large)",37928.57
2020-10-01,SUMATERA UTARA,Chili (bird's eye),27798.94
2020-10-01,SUMATERA UTARA,"Chili (bird's eye, green)",28071.427272727273
2020-10-01,SUMATERA UTARA,"Chili (bird's eye, red)",27517.855
2020-10-01,SUMATERA UTARA,Chili (red),36087.30111111111
2020-10-01,SUMATERA UTARA,"Chili (red, curly)",36257.575454545455
2020-11-01,ACEH,Chili (bird's eye),36051.58833333333
2020-11-01,ACEH,"Chili (bird's eye, green)",35095.240000000005
2020-11-01,ACEH,Chili (red),40057.14200000001
2020-11-01,ACEH,"Chili (red, curly)",39996.03166666667
2020-11-01,BALI,Chili (bird's eye),19806.5475
2020-11-01,BALI,"Chili (bird's eye, green)",16607.14
2020-11-01,BALI,"Chili (bird's eye, red)",23005.9525
2020-11-01,BALI,Chili (red),29550.595
2020-11-01,BALI,"Chili (red, curly)",28226.1925
2020-11-01,BALI,"Chili (red, large)",30875.0
2020-11-01,BANTEN,Chili (bird's eye),29722.22333333333
2020-11-01,BANTEN,"Chili (bird's eye, green)",23777.78
2020-11-01,BANTEN,"Chili (bird's eye, red)",35666.666666666664
2020-11-01,BANTEN,Chili (red),41559.525
2020-11-01,BANTEN,"Chili (red, curly)",41805.556666666664
2020-11-01,BANTEN,"Chili (red, large)",41646.82833333333
2020-11-01,BENGKULU,Chili (bird's eye),28695.24
2020-11-01,BENGKULU,"Chili (bird's eye, green)",30791.6675
2020-11-01,BENGKULU,"Chili (bird's eye, red)",25376.7825
2020-11-01,BENGKULU,Chili (red),37883.93
2020-11-01,BENGKULU,"Chili (red, curly)",39944.44666666666
2020-11-01,BENGKULU,"Chili (red, large)",35767.8575
2020-11-01,DAERAH ISTIMEWA YOGYAKARTA,"Chili (bird's eye, green)",22047.620000000003
2020-11-01,DAERAH ISTIMEWA YOGYAKARTA,"Chili (bird's eye, red)",27821.43
2020-11-01,DAERAH ISTIMEWA YOGYAKARTA,Chili (red),32761.905
2020-11-01,DAERAH ISTIMEWA YOGYAKARTA,"Chili (red, curly)",30357.145
2020-11-01,DAERAH ISTIMEWA YOGYAKARTA,"Chili (red, large)",35166.665
2020-11-01,DKI JAKARTA,Chili (bird's eye),34345.24
2020-11-01,DKI JAKARTA,"Chili (bird's eye, green)",30039.683333333334
2020-11-01,DKI JAKARTA,"Chili (bird's eye, red)",38650.793333333335
2020-11-01,DKI JAKARTA,Chili (red),47988.095
2020-11-01,DKI JAKARTA,"Chili (red, curly)",45690.47666666666
2020-11-01,DKI JAKARTA,"Chili (red, large)",52777.776666666665
2020-11-01,GORONTALO,Chili (bird's eye),41079.36666666667
2020-11-01,GORONTALO,"Chili (bird's eye, green)",30714.29
2020-11-01,GORONTALO,"Chili (bird's eye, red)",42992.06666666667
2020-11-01,GORONTALO,Chili (red),40273.81
2020-11-01,GORONTALO,"Chili (red, curly)",41849.206666666665
2020-11-01,JAMBI,Chili (bird's eye),33428.5725
2020-11-01,JAMBI,"Chili (bird's eye, green)",26464.2875
2020-11-01,JAMBI,"Chili (bird's eye, red)",40392.8575
2020-11-01,JAMBI,Chili (red),37520.832500000004
2020-11-01,JAMBI,"Chili (red, curly)",37125.0025
2020-11-01,JAMBI,"Chili (red, large)",36579.363333333335
2020-11-01,JAWA BARAT,Chili (bird's eye),28137.302
2020-11-01,JAWA BARAT,"Chili (bird's eye, green)",23092.261875
2020-11-01,JAWA BARAT,"Chili (bird's eye, red)",34229.69176470588
2020-11-01,JAWA BARAT,Chili (red),42625.74375
2020-11-01,JAWA BARAT,"Chili (red, curly)",39978.83666666667
2020-11-01,JAWA BARAT,"Chili (red, large)",43142.85647058824
2020-11-01,JAWA TENGAH,Chili (bird's eye),23646.103636363638
2020-11-01,JAWA TENGAH,"Chili (bird's eye, green)",17946.429166666665
2020-11-01,JAWA TENGAH,"Chili (bird's eye, red)",30021.825833333332
2020-11-01,JAWA TENGAH,Chili (red),33416.071
2020-11-01,JAWA TENGAH,"Chili (red, curly)",33181.54666666667
2020-11-01,JAWA TENGAH,"Chili (red, large)",33511.90409090909
2020-11-01,JAWA TIMUR,Chili (bird's eye),19198.096
2020-11-01,JAWA TIMUR,"Chili (bird's eye, green)",15424.186842105262
2020-11-01,JAWA TIMUR,"Chili (bird's eye, red)",25019.345
2020-11-01,JAWA TIMUR,Chili (red),29964.285625
2020-11-01,JAWA TIMUR,"Chili (red, curly)",29292.515000000003
2020-11-01,JAWA TIMUR,"Chili (red, large)",30863.40842105263
2020-11-01,KALIMANTAN BARAT,Chili (bird's eye),57371.02833333333
2020-11-01,KALIMANTAN BARAT,"Chili (bird's eye, green)",54174.60166666666
2020-11-01,KALIMANTAN BARAT,"Chili (bird's eye, red)",60567.46
2020-11-01,KALIMANTAN BARAT,Chili (red),50207.144
2020-11-01,KALIMANTAN BARAT,"Chili (red, curly)",46011.905
2020-11-01,KALIMANTAN BARAT,"Chili (red, large)",57611.11166666667
2020-11-01,KALIMANTAN SELATAN,Chili (bird's eye),28786.809999999998
2020-11-01,KALIMANTAN SELATAN,"Chili (bird's eye, green)",22079.575
2020-11-01,KALIMANTAN SELATAN,"Chili (bird's eye, red)",35494.0475
2020-11-01,KALIMANTAN SELATAN,Chili (red),33353.6975
2020-11-01,KALIMANTAN SELATAN,"Chili (red, curly)",32098.995000000003
2020-11-01,KALIMANTAN SELATAN,"Chili (red, large)",34608.395
2020-11-01,KALIMANTAN TENGAH,Chili (bird's eye),35828.79
2020-11-01,KALIMANTAN TENGAH,"Chili (bird's eye, green)",27128.7575
2020-11-01,KALIMANTAN TENGAH,"Chili (bird's eye, red)",46468.253333333334
2020-11-01,KALIMANTAN TENGAH,Chili (red),47658.99
2020-11-01,KALIMANTAN TENGAH,"Chili (red, curly)",46587.3
2020-11-01,KALIMANTAN TENGAH,"Chili (red, large)",48482.145
2020-11-01,KALIMANTAN TIMUR,Chili (bird's eye),37676.590000000004
2020-11-01,KALIMANTAN TIMUR,"Chili (bird's eye, green)",37853.174999999996
2020-11-01,KALIMANTAN TIMUR,"Chili (bird's eye, red)",37499.99833333333
2020-11-01,KALIMANTAN TIMUR,Chili (red),42671.426
2020-11-01,KALIMANTAN TIMUR,"Chili (red, curly)",39119.04833333333
2020-11-01,KALIMANTAN TIMUR,"Chili (red, large)",44174.60333333333
2020-11-01,KALIMANTAN UTARA,Chili (bird's eye),64645.832500000004
2020-11-01,KALIMANTAN UTARA,"Chili (bird's eye, green)",73158.73
2020-11-01,KALIMANTAN UTARA,"Chili (bird's eye, red)",58351.19
2020-11-01,KALIMANTAN UTARA,Chili (red),52065.4775
2020-11-01,KALIMANTAN UTARA,"Chili (red, curly)",49793.65333333333
2020-11-01,KALIMANTAN UTARA,"Chili (red, large)",51636.9025
2020-11-01,KEPULAUAN BANGKA BELITUNG,Chili (bird's eye),32178.57
2020-11-01,KEPULAUAN BANGKA BELITUNG,"Chili (bird's eye, green)",29529.76
2020-11-01,KEPULAUAN BANGKA BELITUNG,"Chili (bird's eye, red)",35920.636666666665
2020-11-01,KEPULAUAN BANGKA BELITUNG,Chili (red),58595.2375
2020-11-01,KEPULAUAN BANGKA BELITUNG,"Chili (red, curly)",43857.145000000004
2020-11-01,KEPULAUAN BANGKA BELITUNG,"Chili (red, large)",73333.33499999999
2020-11-01,KEPULAUAN RIAU,Chili (bird's eye),33728.572
2020-11-01,KEPULAUAN RIAU,"Chili (bird's eye, green)",33728.572
2020-11-01,KEPULAUAN RIAU,Chili (red),52333.335
2020-11-01,KEPULAUAN RIAU,"Chili (red, curly)",53042.85799999999
2020-11-01,LAMPUNG,Chili (bird's eye),28872.0225
2020-11-01,LAMPUNG,"Chili (bird's eye, green)",27565.4775
2020-11-01,LAMPUNG,"Chili (bird's eye, red)",30178.572500000002
2020-11-01,LAMPUNG,Chili (red),31365.08
2020-11-01,LAMPUNG,"Chili (red, curly)",32648.8075
2020-11-01,LAMPUNG,"Chili (red, large)",38825.39666666667
2020-11-01,MALUKU,Chili (bird's eye),49882.93666666667
2020-11-01,MALUKU,"Chili (bird's eye, green)",35000.0
2020-11-01,MALUKU,"Chili (bird's eye, red)",51724.7025
2020-11-01,MALUKU,Chili (red),58645.832500000004
2020-11-01,MALUKU,"Chili (red, curly)",56755.9525
2020-11-01,MALUKU,"Chili (red, large)",52142.86
2020-11-01,MALUKU UTARA,Chili (bird's eye),118809.52
2020-11-01,MALUKU UTARA,"Chili (bird's eye, green)",118809.52
2020-11-01,MALUKU UTARA,"Chili (bird's eye, red)",60476.19
2020-11-01,MALUKU UTARA,Chili (red),50773.805
2020-11-01,MALUKU UTARA,"Chili (red, curly)",54761.9
2020-11-01,MALUKU UTARA,"Chili (red, large)",46785.71
2020-11-01,NUSA TENGGARA BARAT,Chili (bird's eye),16271.428
2020-11-01,NUSA TENGGARA BARAT,"Chili (bird's eye, green)",12464.282500000001
2020-11-01,NUSA TENGGARA BARAT,"Chili (bird's eye, red)",18766.667999999998
2020-11-01,NUSA TENGGARA BARAT,Chili (red),31547.6175
2020-11-01,NUSA TENGGARA BARAT,"Chili (red, curly)",31038.095999999998
2020-11-01,NUSA TENGGARA BARAT,"Chili (red, large)",31196.427499999998
2020-11-01,NUSA TENGGARA TIMUR,Chili (bird's eye),41884.525
2020-11-01,NUSA TENGGARA TIMUR,"Chili (bird's eye, green)",36011.905
2020-11-01,NUSA TENGGARA TIMUR,"Chili (bird's eye, red)",47734.524999999994
2020-11-01,NUSA TENGGARA TIMUR,Chili (red),57517.8575
2020-11-01,NUSA TENGGARA TIMUR,"Chili (red, curly)",57756.5475
2020-11-01,NUSA TENGGARA TIMUR,"Chili (red, large)",57270.835
2020-11-01,PAPUA,Chili (bird's eye),51269.84
2020-11-01,PAPUA,"Chili (bird's eye, green)",43099.206666666665
2020-11-01,PAPUA,"Chili (bird's eye, red)",76869.04833333332
2020-11-01,PAPUA,Chili (red),54134.92166666667
2020-11-01,PAPUA,"Chili (red, curly)",48657.144
2020-11-01,PAPUA,"Chili (red, large)",60837.299999999996
2020-11-01,PAPUA BARAT,Chili (bird's eye),64315.4725
2020-11-01,PAPUA BARAT,"Chili (bird's eye, green)",61349.20333333334
2020-11-01,PAPUA BARAT,"Chili (bird's eye, red)",68928.5675
2020-11-01,PAPUA BARAT,Chili (red),54523.81
2020-11-01,PAPUA BARAT,"Chili (red, curly)",48750.0025
2020-11-01,PAPUA BARAT,"Chili (red, large)",49619.05
2020-11-01,RIAU,Chili (bird's eye),31205.78142857143
2020-11-01,RIAU,"Chili (bird's eye, green)",28244.897142857142
2020-11-01,RIAU,"Chili (bird's eye, red)",40732.1425
2020-11-01,RIAU,Chili (red),45005.9525
2020-11-01,RIAU,"Chili (red, curly)",47217.2625
2020-11-01,RIAU,"Chili (red, large)",41269.84333333333
2020-11-01,SULAWESI BARAT,Chili (bird's eye),21639.88
2020-11-01,SULAWESI BARAT,"Chili (bird's eye, green)",15959.525
2020-11-01,SULAWESI BARAT,"Chili (bird's eye, red)",26988.095
2020-11-01,SULAWESI BARAT,Chili (red),36166.666666666664
2020-11-01,SULAWESI BARAT,"Chili (red, curly)",36875.0
2020-11-01,SULAWESI BARAT,"Chili (red, large)",37029.76
2020-11-01,SULAWESI SELATAN,Chili (bird's eye),24949.735555555555
2020-11-01,SULAWESI SELATAN,"Chili (bird's eye, red)",25273.81
2020-11-01,SULAWESI SELATAN,Chili (red),33285.71375
2020-11-01,SULAWESI SELATAN,"Chili (red, curly)",32835.715000000004
2020-11-01,SULAWESI SELATAN,"Chili (red, large)",34200.0
2020-11-01,SULAWESI TENGAH,Chili (bird's eye),42047.62
2020-11-01,SULAWESI TENGAH,"Chili (bird's eye, green)",40869.05
2020-11-01,SULAWESI TENGAH,"Chili (bird's eye, red)",43226.19
2020-11-01,SULAWESI TENGAH,Chili (red),37160.715
2020-11-01,SULAWESI TENGAH,"Chili (red, curly)",31654.760000000002
2020-11-01,SULAWESI TENGAH,"Chili (red, large)",43958.33
2020-11-01,SULAWESI TENGGARA,Chili (bird's eye),30100.0
2020-11-01,SULAWESI TENGGARA,"Chili (bird's eye, green)",28026.7875
2020-11-01,SULAWESI TENGGARA,"Chili (bird's eye, red)",32166.667500000003
2020-11-01,SULAWESI TENGGARA,Chili (red),33121.43
2020-11-01,SULAWESI TENGGARA,"Chili (red, curly)",33886.905
2020-11-01,SULAWESI TENGGARA,"Chili (red, large)",35375.0
2020-11-01,SULAWESI UTARA,Chili (bird's eye),39630.95
2020-11-01,SULAWESI UTARA,"Chili (bird's eye, green)",37559.525
2020-11-01,SULAWESI UTARA,"Chili (bird's eye, red)",41702.38
2020-11-01,SULAWESI UTARA,Chili (red),41273.81
2020-11-01,SULAWESI UTARA,"Chili (red, curly)",41523.81
2020-11-01,SUMATERA BARAT,Chili (bird's eye),36350.0
2020-11-01,SUMATERA BARAT,"Chili (bird's eye, green)",33008.3325
2020-11-01,SUMATERA BARAT,Chili (red),45488.69
2020-11-01,SUMATERA BARAT,"Chili (red, curly)",45488.69
2020-11-01,SUMATERA SELATAN,Chili (bird's eye),36963.49
2020-11-01,SUMATERA SELATAN,"Chili (bird's eye, green)",34944.443333333336
2020-11-01,SUMATERA SELATAN,"Chili (bird's eye, red)",38981.746666666666
2020-11-01,SUMATERA SELATAN,Chili (red),37542.06333333333
2020-11-01,SUMATERA SELATAN,"Chili (red, curly)",37575.39666666667
2020-11-01,SUMATERA SELATAN,"Chili (red, large)",37507.93333333333
2020-11-01,SUMATERA UTARA,Chili (bird's eye),29015.872222222224
2020-11-01,SUMATERA UTARA,"Chili (bird's eye, green)",28730.951
2020-11-01,SUMATERA UTARA,"Chili (bird's eye, red)",29041.665
2020-11-01,SUMATERA UTARA,Chili (red),38621.21181818182
2020-11-01,SUMATERA UTARA,"Chili (red, curly)",38621.21181818182
2020-12-01,ACEH,Chili (bird's eye),50460.52833333333
2020-12-01,ACEH,"Chili (bird's eye, green)",50342.108
2020-12-01,ACEH,Chili (red),47468.422
2020-12-01,ACEH,"Chili (red, curly)",47820.176666666666
2020-12-01,BALI,Chili (bird's eye),32162.28
2020-12-01,BALI,"Chili (bird's eye, green)",24157.895
2020-12-01,BALI,"Chili (bird's eye, red)",41513.16
2020-12-01,BALI,Chili (red),42707.2375
2020-12-01,BALI,"Chili (red, curly)",43611.11
2020-12-01,BALI,"Chili (red, large)",41861.84
2020-12-01,BANTEN,Chili (bird's eye),47493.420000000006
2020-12-01,BANTEN,"Chili (bird's eye, green)",37436.842
2020-12-01,BANTEN,"Chili (bird's eye, red)",56982.456666666665
2020-12-01,BANTEN,Chili (red),58464.91333333333
2020-12-01,BANTEN,"Chili (red, curly)",58833.333333333336
2020-12-01,BANTEN,"Chili (red, large)",59210.526666666665
2020-12-01,BENGKULU,Chili (bird's eye),34691.23
2020-12-01,BENGKULU,"Chili (bird's eye, green)",36848.682499999995
2020-12-01,BENGKULU,"Chili (bird's eye, red)",32821.71
2020-12-01,BENGKULU,Chili (red),53279.604999999996
2020-12-01,BENGKULU,"Chili (red, curly)",57276.315
2020-12-01,BENGKULU,"Chili (red, large)",49282.895000000004
2020-12-01,DAERAH ISTIMEWA YOGYAKARTA,"Chili (bird's eye, green)",31934.21
2020-12-01,DAERAH ISTIMEWA YOGYAKARTA,"Chili (bird's eye, red)",46947.365
2020-12-01,DAERAH ISTIMEWA YOGYAKARTA,Chili (red),52888.155
2020-12-01,DAERAH ISTIMEWA YOGYAKARTA,"Chili (red, curly)",41105.259999999995
2020-12-01,DAERAH ISTIMEWA YOGYAKARTA,"Chili (red, large)",64671.05
2020-12-01,DKI JAKARTA,Chili (bird's eye),53004.386666666665
2020-12-01,DKI JAKARTA,"Chili (bird's eye, green)",43815.79
2020-12-01,DKI JAKARTA,"Chili (bird's eye, red)",62192.98
2020-12-01,DKI JAKARTA,Chili (red),65131.58
2020-12-01,DKI JAKARTA,"Chili (red, curly)",62412.28
2020-12-01,DKI JAKARTA,"Chili (red, large)",71271.93
2020-12-01,GORONTALO,Chili (bird's eye),46320.176666666666
2020-12-01,GORONTALO,"Chili (bird's eye, green)",39736.84
2020-12-01,GORONTALO,"Chili (bird's eye, red)",47561.40333333333
2020-12-01,GORONTALO,Chili (red),37500.0
2020-12-01,GORONTALO,"Chili (red, curly)",35614.03666666667
2020-12-01,JAMBI,Chili (bird's eye),53299.34
2020-12-01,JAMBI,"Chili (bird's eye, green)",44403.50666666666
2020-12-01,JAMBI,"Chili (bird's eye, red)",63473.685
2020-12-01,JAMBI,Chili (red),52118.42333333333
2020-12-01,JAMBI,"Chili (red, curly)",52467.104999999996
2020-12-01,JAMBI,"Chili (red, large)",52638.155
2020-12-01,JAWA BARAT,Chili (bird's eye),45267.761666666665
2020-12-01,JAWA BARAT,"Chili (bird's eye, green)",34389.34625
2020-12-01,JAWA BARAT,"Chili (bird's eye, red)",56161.224444444444
2020-12-01,JAWA BARAT,Chili (red),56605.220588235294
2020-12-01,JAWA BARAT,"Chili (red, curly)",54599.25277777778
2020-12-01,JAWA BARAT,"Chili (red, large)",58657.977777777785
2020-12-01,JAWA TENGAH,Chili (bird's eye),38339.693333333336
2020-12-01,JAWA TENGAH,"Chili (bird's eye, green)",27900.45695652174
2020-12-01,JAWA TENGAH,"Chili (bird's eye, red)",49006.291739130436
2020-12-01,JAWA TENGAH,Chili (red),50092.82181818182
2020-12-01,JAWA TENGAH,"Chili (red, curly)",50511.512500000004
2020-12-01,JAWA TENGAH,"Chili (red, large)",51029.748695652175
2020-12-01,JAWA TIMUR,Chili (bird's eye),32695.06625
2020-12-01,JAWA TIMUR,"Chili (bird's eye, green)",25801.938947368424
2020-12-01,JAWA TIMUR,"Chili (bird's eye, red)",41447.367333333335
2020-12-01,JAWA TIMUR,Chili (red),48198.09888888889
2020-12-01,JAWA TIMUR,"Chili (red, curly)",47443.60857142857
2020-12-01,JAWA TIMUR,"Chili (red, large)",49843.49157894737
2020-12-01,KALIMANTAN BARAT,Chili (bird's eye),78537.28
2020-12-01,KALIMANTAN BARAT,"Chili (bird's eye, green)",72557.01833333333
2020-12-01,KALIMANTAN BARAT,"Chili (bird's eye, red)",84517.54333333333
2020-12-01,KALIMANTAN BARAT,Chili (red),61677.6325
2020-12-01,KALIMANTAN BARAT,"Chili (red, curly)",64059.2125
2020-12-01,KALIMANTAN BARAT,"Chili (red, large)",67131.58
2020-12-01,KALIMANTAN SELATAN,Chili (bird's eye),45351.9725
2020-12-01,KALIMANTAN SELATAN,"Chili (bird's eye, green)",34447.3675
2020-12-01,KALIMANTAN SELATAN,"Chili (bird's eye, red)",56256.58
2020-12-01,KALIMANTAN SELATAN,Chili (red),58648.0275
2020-12-01,KALIMANTAN SELATAN,"Chili (red, curly)",56532.895
2020-12-01,KALIMANTAN SELATAN,"Chili (red, large)",60763.159999999996
2020-12-01,KALIMANTAN TENGAH,Chili (bird's eye),46418.369999999995
2020-12-01,KALIMANTAN TENGAH,"Chili (bird's eye, green)",33031.8
2020-12-01,KALIMANTAN TENGAH,"Chili (bird's eye, red)",60834.427500000005
2020-12-01,KALIMANTAN TENGAH,Chili (red),71173.5075
2020-12-01,KALIMANTAN TENGAH,"Chili (red, curly)",68240.695
2020-12-01,KALIMANTAN TENGAH,"Chili (red, large)",74645.4675
2020-12-01,KALIMANTAN TIMUR,Chili (bird's eye),46252.19
2020-12-01,KALIMANTAN TIMUR,"Chili (bird's eye, green)",44627.193333333336
2020-12-01,KALIMANTAN TIMUR,"Chili (bird's eye, red)",47877.19166666667
2020-12-01,KALIMANTAN TIMUR,Chili (red),49101.972499999996
2020-12-01,KALIMANTAN TIMUR,"Chili (red, curly)",47043.85833333334
2020-12-01,KALIMANTAN TIMUR,"Chili (red, large)",52678.945999999996
2020-12-01,KALIMANTAN UTARA,Chili (bird's eye),69730.0675
2020-12-01,KALIMANTAN UTARA,"Chili (bird's eye, green)",80072.23666666668
2020-12-01,KALIMANTAN UTARA,"Chili (bird's eye, red)",63891.2525
2020-12-01,KALIMANTAN UTARA,Chili (red),59453.365000000005
2020-12-01,KALIMANTAN UTARA,"Chili (red, curly)",53998.97
2020-12-01,KALIMANTAN UTARA,"Chili (red, large)",61753.0975
2020-12-01,KEPULAUAN BANGKA BELITUNG,Chili (bird's eye),53942.98
2020-12-01,KEPULAUAN BANGKA BELITUNG,"Chili (bird's eye, green)",39651.317500000005
2020-12-01,KEPULAUAN BANGKA BELITUNG,"Chili (bird's eye, red)",66032.89499999999
2020-12-01,KEPULAUAN BANGKA BELITUNG,Chili (red),67917.7625
2020-12-01,KEPULAUAN BANGKA BELITUNG,"Chili (red, curly)",60835.5275
2020-12-01,KEPULAUAN BANGKA BELITUNG,"Chili (red, large)",75000.0
2020-12-01,KEPULAUAN RIAU,Chili (bird's eye),47321.052
2020-12-01,KEPULAUAN RIAU,"Chili (bird's eye, green)",47321.052
2020-12-01,KEPULAUAN RIAU,Chili (red),62105.26
2020-12-01,KEPULAUAN RIAU,"Chili (red, curly)",63652.630000000005
2020-12-01,LAMPUNG,Chili (bird's eye),44786.185
2020-12-01,LAMPUNG,"Chili (bird's eye, green)",40875.0
2020-12-01,LAMPUNG,"Chili (bird's eye, red)",48697.3675
2020-12-01,LAMPUNG,Chili (red),51750.0
2020-12-01,LAMPUNG,"Chili (red, curly)",53967.1075
2020-12-01,LAMPUNG,"Chili (red, large)",57035.08666666667
2020-12-01,MALUKU,Chili (bird's eye),61365.1325
2020-12-01,MALUKU,"Chili (bird's eye, green)",40789.47
2020-12-01,MALUKU,"Chili (bird's eye, red)",65592.105
2020-12-01,MALUKU,Chili (red),54407.8925
2020-12-01,MALUKU,"Chili (red, curly)",51644.735
2020-12-01,MALUKU,"Chili (red, large)",53684.21
2020-12-01,MALUKU UTARA,Chili (bird's eye),111578.95
2020-12-01,MALUKU UTARA,"Chili (bird's eye, green)",111578.95
2020-12-01,MALUKU UTARA,"Chili (bird's eye, red)",60000.0
2020-12-01,MALUKU UTARA,Chili (red),43026.315
2020-12-01,MALUKU UTARA,"Chili (red, curly)",50000.0
2020-12-01,MALUKU UTARA,"Chili (red, large)",36052.63
2020-12-01,NUSA TENGGARA BARAT,Chili (bird's eye),28226.314000000002
2020-12-01,NUSA TENGGARA BARAT,"Chili (bird's eye, green)",18500.0
2020-12-01,NUSA TENGGARA BARAT,"Chili (bird's eye, red)",34915.79
2020-12-01,NUSA TENGGARA BARAT,Chili (red),39457.237499999996
2020-12-01,NUSA TENGGARA BARAT,"Chili (red, curly)",40721.052
2020-12-01,NUSA TENGGARA BARAT,"Chili (red, large)",40157.896
2020-12-01,NUSA TENGGARA TIMUR,Chili (bird's eye),46056.582500000004
2020-12-01,NUSA TENGGARA TIMUR,"Chili (bird's eye, green)",42532.895000000004
2020-12-01,NUSA TENGGARA TIMUR,"Chili (bird's eye, red)",49572.37
2020-12-01,NUSA TENGGARA TIMUR,Chili (red),60702.630000000005
2020-12-01,NUSA TENGGARA TIMUR,"Chili (red, curly)",64488.815
2020-12-01,NUSA TENGGARA TIMUR,"Chili (red, large)",56912.5
2020-12-01,PAPUA,Chili (bird's eye),68495.615
2020-12-01,PAPUA,"Chili (bird's eye, green)",51819.08
2020-12-01,PAPUA,"Chili (bird's eye, red)",92000.00125
2020-12-01,PAPUA,Chili (red),58601.975
2020-12-01,PAPUA,"Chili (red, curly)",56281.95428571429
2020-12-01,PAPUA,"Chili (red, large)",60884.86875
2020-12-01,PAPUA BARAT,Chili (bird's eye),83815.79000000001
2020-12-01,PAPUA BARAT,"Chili (bird's eye, green)",63975.565
2020-12-01,PAPUA BARAT,"Chili (bird's eye, red)",87500.0
2020-12-01,PAPUA BARAT,Chili (red),55412.28
2020-12-01,PAPUA BARAT,"Chili (red, curly)",50197.3675
2020-12-01,PAPUA BARAT,"Chili (red, large)",56175.44
2020-12-01,RIAU,Chili (bird's eye),51431.58
2020-12-01,RIAU,"Chili (bird's eye, green)",46500.0
2020-12-01,RIAU,"Chili (bird's eye, red)",61309.2125
2020-12-01,RIAU,Chili (red),53705.5925
2020-12-01,RIAU,"Chili (red, curly)",57184.21125
2020-12-01,RIAU,"Chili (red, large)",47570.17333333333
2020-12-01,SULAWESI BARAT,Chili (bird's eye),25506.58
2020-12-01,SULAWESI BARAT,"Chili (bird's eye, green)",17743.42
2020-12-01,SULAWESI BARAT,"Chili (bird's eye, red)",33269.735
2020-12-01,SULAWESI BARAT,Chili (red),35557.01666666667
2020-12-01,SULAWESI BARAT,"Chili (red, curly)",35322.3675
2020-12-01,SULAWESI BARAT,"Chili (red, large)",35184.21
2020-12-01,SULAWESI SELATAN,Chili (bird's eye),31947.367777777778
2020-12-01,SULAWESI SELATAN,"Chili (bird's eye, red)",31989.472999999998
2020-12-01,SULAWESI SELATAN,Chili (red),35246.052
2020-12-01,SULAWESI SELATAN,"Chili (red, curly)",35000.0
2020-12-01,SULAWESI SELATAN,"Chili (red, large)",35492.107
2020-12-01,SULAWESI TENGAH,Chili (bird's eye),44934.21
2020-12-01,SULAWESI TENGAH,"Chili (bird's eye, green)",43223.685
2020-12-01,SULAWESI TENGAH,"Chili (bird's eye, red)",46644.735
2020-12-01,SULAWESI TENGAH,Chili (red),38815.785
2020-12-01,SULAWESI TENGAH,"Chili (red, curly)",33684.21
2020-12-01,SULAWESI TENGAH,"Chili (red, large)",43947.369999999995
2020-12-01,SULAWESI TENGGARA,Chili (bird's eye),38803.947499999995
2020-12-01,SULAWESI TENGGARA,"Chili (bird's eye, green)",37328.947499999995
2020-12-01,SULAWESI TENGGARA,"Chili (bird's eye, red)",40276.315
2020-12-01,SULAWESI TENGGARA,Chili (red),36517.104999999996
2020-12-01,SULAWESI TENGGARA,"Chili (red, curly)",32743.4225
2020-12-01,SULAWESI TENGGARA,"Chili (red, large)",43859.65
2020-12-01,SULAWESI UTARA,Chili (bird's eye),46565.79
2020-12-01,SULAWESI UTARA,"Chili (bird's eye, green)",51052.630000000005
2020-12-01,SULAWESI UTARA,"Chili (bird's eye, red)",42078.945
2020-12-01,SULAWESI UTARA,Chili (red),36960.525
2020-12-01,SULAWESI UTARA,"Chili (red, curly)",36960.525
2020-12-01,SUMATERA BARAT,Chili (bird's eye),48371.3475
2020-12-01,SUMATERA BARAT,"Chili (bird's eye, green)",48371.3475
2020-12-01,SUMATERA BARAT,Chili (red),57540.57
2020-12-01,SUMATERA BARAT,"Chili (red, curly)",57540.57
2020-12-01,SUMATERA SELATAN,Chili (bird's eye),55131.579999999994
2020-12-01,SUMATERA SELATAN,"Chili (bird's eye, green)",48543.85999999999
2020-12-01,SUMATERA SELATAN,"Chili (bird's eye, red)",61719.29666666667
2020-12-01,SUMATERA SELATAN,Chili (red),59692.98333333334
2020-12-01,SUMATERA SELATAN,"Chili (red, curly)",60219.29666666667
2020-12-01,SUMATERA SELATAN,"Chili (red, large)",59166.66333333333
2020-12-01,SUMATERA UTARA,Chili (bird's eye),49829.531111111115
2020-12-01,SUMATERA UTARA,"Chili (bird's eye, green)",49487.32
2020-12-01,SUMATERA UTARA,"Chili (bird's eye, red)",49986.84
2020-12-01,SUMATERA UTARA,Chili (red),46362.368
2020-12-01,SUMATERA UTARA,"Chili (red, curly)",46295.93272727273
2021-01-01,ACEH,Chili (bird's eye),63887.5
2021-01-01,ACEH,"Chili (bird's eye, green)",64510.0
2021-01-01,ACEH,Chili (red),41708.333333333336
2021-01-01,ACEH,"Chili (red, curly)",41708.333333333336
2021-01-01,BALI,Chili (bird's eye),56662.5
2021-01-01,BALI,"Chili (bird's eye, green)",40200.0
2021-01-01,BALI,"Chili (bird's eye, red)",72031.25
2021-01-01,BALI,Chili (red),36593.75
2021-01-01,BALI,"Chili (red, curly)",41350.0
2021-01-01,BALI,"Chili (red, large)",31837.5
2021-01-01,BANTEN,Chili (bird's eye),82175.0
2021-01-01,BANTEN,"Chili (bird's eye, green)",75186.25
2021-01-01,BANTEN,"Chili (bird's eye, red)",88320.83333333333
2021-01-01,BANTEN,Chili (red),48387.5
2021-01-01,BANTEN,"Chili (red, curly)",51554.166666666664
2021-01-01,BANTEN,"Chili (red, large)",47479.166666666664
2021-01-01,BENGKULU,Chili (bird's eye),52393.333333333336
2021-01-01,BENGKULU,"Chili (bird's eye, green)",57418.75
2021-01-01,BENGKULU,"Chili (bird's eye, red)",48701.875
2021-01-01,BENGKULU,Chili (red),54434.375
2021-01-01,BENGKULU,"Chili (red, curly)",57416.666666666664
2021-01-01,BENGKULU,"Chili (red, large)",50662.5
2021-01-01,DAERAH ISTIMEWA YOGYAKARTA,"Chili (bird's eye, green)",57912.5
2021-01-01,DAERAH ISTIMEWA YOGYAKARTA,"Chili (bird's eye, red)",69437.5
2021-01-01,DAERAH ISTIMEWA YOGYAKARTA,Chili (red),50375.0
2021-01-01,DAERAH ISTIMEWA YOGYAKARTA,"Chili (red, curly)",47312.5
2021-01-01,DAERAH ISTIMEWA YOGYAKARTA,"Chili (red, large)",53437.5
2021-01-01,DKI JAKARTA,Chili (bird's eye),83541.66666666667
2021-01-01,DKI JAKARTA,"Chili (bird's eye, green)",77041.66666666667
2021-01-01,DKI JAKARTA,"Chili (bird's eye, red)",90041.66666666667
2021-01-01,DKI JAKARTA,Chili (red),61312.5
2021-01-01,DKI JAKARTA,"Chili (red, curly)",61541.666666666664
2021-01-01,DKI JAKARTA,"Chili (red, large)",61083.333333333336
2021-01-01,GORONTALO,Chili (bird's eye),64204.166666666664
2021-01-01,GORONTALO,"Chili (bird's eye, green)",54000.0
2021-01-01,GORONTALO,"Chili (bird's eye, red)",66183.33333333333
2021-01-01,GORONTALO,Chili (red),48462.5
2021-01-01,GORONTALO,"Chili (red, curly)",47891.666666666664
2021-01-01,JAMBI,Chili (bird's eye),77906.25
2021-01-01,JAMBI,"Chili (bird's eye, green)",68400.0
2021-01-01,JAMBI,"Chili (bird's eye, red)",87031.25
2021-01-01,JAMBI,Chili (red),42981.25
2021-01-01,JAMBI,"Chili (red, curly)",45881.25
2021-01-01,JAMBI,"Chili (red, large)",43766.666666666664
2021-01-01,JAWA BARAT,Chili (bird's eye),74578.08375
2021-01-01,JAWA BARAT,"Chili (bird's eye, green)",66975.8225
2021-01-01,JAWA BARAT,"Chili (bird's eye, red)",82887.20777777777
2021-01-01,JAWA BARAT,Chili (red),47235.10058823529
2021-01-01,JAWA BARAT,"Chili (red, curly)",48929.23944444445
2021-01-01,JAWA BARAT,"Chili (red, large)",44840.86277777778
2021-01-01,JAWA TENGAH,Chili (bird's eye),59834.92818181818
2021-01-01,JAWA TENGAH,"Chili (bird's eye, green)",47423.135833333334
2021-01-01,JAWA TENGAH,"Chili (bird's eye, red)",72761.15565217391
2021-01-01,JAWA TENGAH,Chili (red),42553.322499999995
2021-01-01,JAWA TENGAH,"Chili (red, curly)",46061.303636363635
2021-01-01,JAWA TENGAH,"Chili (red, large)",40194.13375
2021-01-01,JAWA TIMUR,Chili (bird's eye),53645.13888888889
2021-01-01,JAWA TIMUR,"Chili (bird's eye, green)",42081.57894736842
2021-01-01,JAWA TIMUR,"Chili (bird's eye, red)",67371.875
2021-01-01,JAWA TIMUR,Chili (red),36004.166666666664
2021-01-01,JAWA TIMUR,"Chili (red, curly)",44242.857142857145
2021-01-01,JAWA TIMUR,"Chili (red, large)",32511.842105263157
2021-01-01,KALIMANTAN BARAT,Chili (bird's eye),99504.27625
2021-01-01,KALIMANTAN BARAT,"Chili (bird's eye, green)",91760.0325
2021-01-01,KALIMANTAN BARAT,"Chili (bird's eye, red)",107248.52
2021-01-01,KALIMANTAN BARAT,Chili (red),66380.73285714285
2021-01-01,KALIMANTAN BARAT,"Chili (red, curly)",69601.09666666666
2021-01-01,KALIMANTAN BARAT,"Chili (red, large)",64868.585
2021-01-01,KALIMANTAN SELATAN,Chili (bird's eye),64859.045
2021-01-01,KALIMANTAN SELATAN,"Chili (bird's eye, green)",49489.4725
2021-01-01,KALIMANTAN SELATAN,"Chili (bird's eye, red)",80228.6175
2021-01-01,KALIMANTAN SELATAN,Chili (red),62936.677500000005
2021-01-01,KALIMANTAN SELATAN,"Chili (red, curly)",70886.5125
2021-01-01,KALIMANTAN SELATAN,"Chili (red, large)",54986.8425
2021-01-01,KALIMANTAN TENGAH,Chili (bird's eye),74375.0
2021-01-01,KALIMANTAN TENGAH,"Chili (bird's eye, green)",46281.25
2021-01-01,KALIMANTAN TENGAH,"Chili (bird's eye, red)",89812.5
2021-01-01,KALIMANTAN TENGAH,Chili (red),83241.72750000001
2021-01-01,KALIMANTAN TENGAH,"Chili (red, curly)",83898.4375
2021-01-01,KALIMANTAN TENGAH,"Chili (red, large)",82437.5
2021-01-01,KALIMANTAN TIMUR,Chili (bird's eye),56587.5
2021-01-01,KALIMANTAN TIMUR,"Chili (bird's eye, green)",49312.5
2021-01-01,KALIMANTAN TIMUR,"Chili (bird's eye, red)",62285.0
2021-01-01,KALIMANTAN TIMUR,Chili (red),50247.5
2021-01-01,KALIMANTAN TIMUR,"Chili (red, curly)",51750.0
2021-01-01,KALIMANTAN TIMUR,"Chili (red, large)",49558.333333333336
2021-01-01,KALIMANTAN UTARA,Chili (bird's eye),93500.0
2021-01-01,KALIMANTAN UTARA,"Chili (bird's eye, green)",98899.67
2021-01-01,KALIMANTAN UTARA,"Chili (bird's eye, red)",88093.75
2021-01-01,KALIMANTAN UTARA,Chili (red),59437.5
2021-01-01,KALIMANTAN UTARA,"Chili (red, curly)",55625.0
2021-01-01,KALIMANTAN UTARA,"Chili (red, large)",60562.5
2021-01-01,KEPULAUAN BANGKA BELITUNG,Chili (bird's eye),61075.0
2021-01-01,KEPULAUAN BANGKA BELITUNG,"Chili (bird's eye, green)",57843.75
2021-01-01,KEPULAUAN BANGKA BELITUNG,"Chili (bird's eye, red)",87756.25
2021-01-01,KEPULAUAN BANGKA BELITUNG,Chili (red),72350.0
2021-01-01,KEPULAUAN BANGKA BELITUNG,"Chili (red, curly)",67450.0
2021-01-01,KEPULAUAN BANGKA BELITUNG,"Chili (red, large)",77250.0
2021-01-01,KEPULAUAN RIAU,Chili (bird's eye),84295.0
2021-01-01,KEPULAUAN RIAU,"Chili (bird's eye, green)",84295.0
2021-01-01,KEPULAUAN RIAU,Chili (red),68505.0
2021-01-01,KEPULAUAN RIAU,"Chili (red, curly)",68505.0
2021-01-01,LAMPUNG,Chili (bird's eye),70150.0
2021-01-01,LAMPUNG,"Chili (bird's eye, green)",66406.25
2021-01-01,LAMPUNG,"Chili (bird's eye, red)",73893.75
2021-01-01,LAMPUNG,Chili (red),45243.75
2021-01-01,LAMPUNG,"Chili (red, curly)",49231.25
2021-01-01,LAMPUNG,"Chili (red, large)",56083.333333333336
2021-01-01,MALUKU,Chili (bird's eye),91291.66666666667
2021-01-01,MALUKU,"Chili (bird's eye, green)",42500.0
2021-01-01,MALUKU,"Chili (bird's eye, red)",100281.25
2021-01-01,MALUKU,Chili (red),74250.0
2021-01-01,MALUKU,"Chili (red, curly)",74031.25
2021-01-01,MALUKU,"Chili (red, large)",57222.22
2021-01-01,MALUKU UTARA,Chili (bird's eye),120882.5
2021-01-01,MALUKU UTARA,"Chili (bird's eye, green)",120882.5
2021-01-01,MALUKU UTARA,"Chili (bird's eye, red)",88125.0
2021-01-01,MALUKU UTARA,Chili (red),41500.0
2021-01-01,MALUKU UTARA,"Chili (red, curly)",48000.0
2021-01-01,MALUKU UTARA,"Chili (red, large)",35000.0
2021-01-01,NUSA TENGGARA BARAT,Chili (bird's eye),54130.0
2021-01-01,NUSA TENGGARA BARAT,"Chili (bird's eye, green)",28125.0
2021-01-01,NUSA TENGGARA BARAT,"Chili (bird's eye, red)",70935.0
2021-01-01,NUSA TENGGARA BARAT,Chili (red),47383.333333333336
2021-01-01,NUSA TENGGARA BARAT,"Chili (red, curly)",49745.0
2021-01-01,NUSA TENGGARA BARAT,"Chili (red, large)",39145.0
2021-01-01,NUSA TENGGARA TIMUR,Chili (bird's eye),57229.375
2021-01-01,NUSA TENGGARA TIMUR,"Chili (bird's eye, green)",49625.0
2021-01-01,NUSA TENGGARA TIMUR,"Chili (bird's eye, red)",64816.875
2021-01-01,NUSA TENGGARA TIMUR,Chili (red),59859.166666666664
2021-01-01,NUSA TENGGARA TIMUR,"Chili (red, curly)",62890.625
2021-01-01,NUSA TENGGARA TIMUR,"Chili (red, large)",59143.75
2021-01-01,PAPUA,Chili (bird's eye),57785.0
2021-01-01,PAPUA,"Chili (bird's eye, green)",46181.25
2021-01-01,PAPUA,"Chili (bird's eye, red)",79003.125
2021-01-01,PAPUA,Chili (red),49689.0625
2021-01-01,PAPUA,"Chili (red, curly)",46428.125
2021-01-01,PAPUA,"Chili (red, large)",52950.0
2021-01-01,PAPUA BARAT,Chili (bird's eye),98085.5275
2021-01-01,PAPUA BARAT,"Chili (bird's eye, green)",53250.0
2021-01-01,PAPUA BARAT,"Chili (bird's eye, red)",105250.0
2021-01-01,PAPUA BARAT,Chili (red),61750.0
2021-01-01,PAPUA BARAT,"Chili (red, curly)",55700.6575
2021-01-01,PAPUA BARAT,"Chili (red, large)",58458.332500000004
2021-01-01,RIAU,Chili (bird's eye),72022.91666666667
2021-01-01,RIAU,"Chili (bird's eye, green)",68993.75
2021-01-01,RIAU,"Chili (bird's eye, red)",80281.25
2021-01-01,RIAU,Chili (red),50318.75
2021-01-01,RIAU,"Chili (red, curly)",53109.375
2021-01-01,RIAU,"Chili (red, large)",45229.166666666664
2021-01-01,SULAWESI BARAT,Chili (bird's eye),35888.1575
2021-01-01,SULAWESI BARAT,"Chili (bird's eye, green)",20359.649999999998
2021-01-01,SULAWESI BARAT,"Chili (bird's eye, red)",47756.5775
2021-01-01,SULAWESI BARAT,Chili (red),35769.735
2021-01-01,SULAWESI BARAT,"Chili (red, curly)",42440.79
2021-01-01,SULAWESI BARAT,"Chili (red, large)",32394.735
2021-01-01,SULAWESI SELATAN,Chili (bird's eye),47555.555555555555
2021-01-01,SULAWESI SELATAN,"Chili (bird's eye, red)",47850.0
2021-01-01,SULAWESI SELATAN,Chili (red),31076.5625
2021-01-01,SULAWESI SELATAN,"Chili (red, curly)",37494.444444444445
2021-01-01,SULAWESI SELATAN,"Chili (red, large)",24558.333333333332
2021-01-01,SULAWESI TENGAH,Chili (bird's eye),62968.75
2021-01-01,SULAWESI TENGAH,"Chili (bird's eye, green)",57875.0
2021-01-01,SULAWESI TENGAH,"Chili (bird's eye, red)",68062.5
2021-01-01,SULAWESI TENGAH,Chili (red),38950.0
2021-01-01,SULAWESI TENGAH,"Chili (red, curly)",36662.5
2021-01-01,SULAWESI TENGAH,"Chili (red, large)",41309.21
2021-01-01,SULAWESI TENGGARA,Chili (bird's eye),51509.375
2021-01-01,SULAWESI TENGGARA,"Chili (bird's eye, green)",47706.25
2021-01-01,SULAWESI TENGGARA,"Chili (bird's eye, red)",55312.5
2021-01-01,SULAWESI TENGGARA,Chili (red),46812.5
2021-01-01,SULAWESI TENGGARA,"Chili (red, curly)",55181.25
2021-01-01,SULAWESI TENGGARA,"Chili (red, large)",43256.25
2021-01-01,SULAWESI UTARA,Chili (bird's eye),53414.475
2021-01-01,SULAWESI UTARA,"Chili (bird's eye, green)",43750.0
2021-01-01,SULAWESI UTARA,"Chili (bird's eye, red)",63078.945
2021-01-01,SULAWESI UTARA,Chili (red),37197.369999999995
2021-01-01,SULAWESI UTARA,"Chili (red, curly)",38894.74
2021-01-01,SUMATERA BARAT,Chili (bird's eye),64934.21
2021-01-01,SUMATERA BARAT,"Chili (bird's eye, green)",65631.9075
2021-01-01,SUMATERA BARAT,Chili (red),52077.96
2021-01-01,SUMATERA BARAT,"Chili (red, curly)",52077.96
2021-01-01,SUMATERA SELATAN,Chili (bird's eye),76212.5
2021-01-01,SUMATERA SELATAN,"Chili (bird's eye, green)",72625.0
2021-01-01,SUMATERA SELATAN,"Chili (bird's eye, red)",77516.66666666667
2021-01-01,SUMATERA SELATAN,Chili (red),59129.166666666664
2021-01-01,SUMATERA SELATAN,"Chili (red, curly)",59158.333333333336
2021-01-01,SUMATERA SELATAN,"Chili (red, large)",59100.0
2021-01-01,SUMATERA UTARA,Chili (bird's eye),61516.666666666664
2021-01-01,SUMATERA UTARA,"Chili (bird's eye, green)",61377.27272727273
2021-01-01,SUMATERA UTARA,"Chili (bird's eye, red)",63343.75
2021-01-01,SUMATERA UTARA,Chili (red),42287.5
2021-01-01,SUMATERA UTARA,"Chili (red, curly)",42090.90909090909
2021-02-01,ACEH,Chili (bird's eye),62157.89333333333
2021-02-01,ACEH,"Chili (bird's eye, green)",62151.315
2021-02-01,ACEH,Chili (red),38741.22666666666
2021-02-01,ACEH,"Chili (red, curly)",38741.22666666666
2021-02-01,BALI,Chili (bird's eye),62065.79
2021-02-01,BALI,"Chili (bird's eye, green)",46250.0
2021-02-01,BALI,"Chili (bird's eye, red)",78217.1075
2021-02-01,BALI,Chili (red),43927.6325
2021-02-01,BALI,"Chili (red, curly)",46177.63
2021-02-01,BALI,"Chili (red, large)",41677.6325
2021-02-01,BANTEN,Chili (bird's eye),86642.54166666667
2021-02-01,BANTEN,"Chili (bird's eye, green)",80578.948
2021-02-01,BANTEN,"Chili (bird's eye, red)",92995.61333333333
2021-02-01,BANTEN,Chili (red),54203.950000000004
2021-02-01,BANTEN,"Chili (red, curly)",59057.01833333333
2021-02-01,BANTEN,"Chili (red, large)",52173.682
2021-02-01,BENGKULU,Chili (bird's eye),63177.6325
2021-02-01,BENGKULU,"Chili (bird's eye, green)",69421.05249999999
2021-02-01,BENGKULU,"Chili (bird's eye, red)",56911.8425
2021-02-01,BENGKULU,Chili (red),48095.395
2021-02-01,BENGKULU,"Chili (red, curly)",51438.59666666667
2021-02-01,BENGKULU,"Chili (red, large)",43631.58
2021-02-01,DAERAH ISTIMEWA YOGYAKARTA,Chili (bird's eye),71184.21
2021-02-01,DAERAH ISTIMEWA YOGYAKARTA,"Chili (bird's eye, green)",64934.21000000001
2021-02-01,DAERAH ISTIMEWA YOGYAKARTA,"Chili (bird's eye, red)",77302.63
2021-02-01,DAERAH ISTIMEWA YOGYAKARTA,Chili (red),52730.26
2021-02-01,DAERAH ISTIMEWA YOGYAKARTA,"Chili (red, curly)",51052.63
2021-02-01,DAERAH ISTIMEWA YOGYAKARTA,"Chili (red, large)",54407.895000000004
2021-02-01,DKI JAKARTA,Chili (bird's eye),92006.58
2021-02-01,DKI JAKARTA,"Chili (bird's eye, green)",81359.65000000001
2021-02-01,DKI JAKARTA,"Chili (bird's eye, red)",101929.82666666666
2021-02-01,DKI JAKARTA,Chili (red),65899.12333333334
2021-02-01,DKI JAKARTA,"Chili (red, curly)",69342.10333333333
2021-02-01,DKI JAKARTA,"Chili (red, large)",62456.13999999999
2021-02-01,GORONTALO,Chili (bird's eye),71342.10333333333
2021-02-01,GORONTALO,"Chili (bird's eye, green)",57894.74
2021-02-01,GORONTALO,"Chili (bird's eye, red)",74149.12
2021-02-01,GORONTALO,Chili (red),40552.63
2021-02-01,GORONTALO,"Chili (red, curly)",46105.26333333333
2021-02-01,JAMBI,Chili (bird's eye),80756.5775
2021-02-01,JAMBI,"Chili (bird's eye, green)",70657.89499999999
2021-02-01,JAMBI,"Chili (bird's eye, red)",90460.525
2021-02-01,JAMBI,Chili (red),40013.15666666667
2021-02-01,JAMBI,"Chili (red, curly)",41210.5225
2021-02-01,JAMBI,"Chili (red, large)",39719.299999999996
2021-02-01,JAWA BARAT,Chili (bird's eye),80142.269375
2021-02-01,JAWA BARAT,"Chili (bird's eye, green)",72340.55705882353
2021-02-01,JAWA BARAT,"Chili (bird's eye, red)",88735.37999999999
2021-02-01,JAWA BARAT,Chili (red),52456.41375
2021-02-01,JAWA BARAT,"Chili (red, curly)",55910.81888888889
2021-02-01,JAWA BARAT,"Chili (red, large)",48941.52222222222
2021-02-01,JAWA TENGAH,Chili (bird's eye),67341.50681818182
2021-02-01,JAWA TENGAH,"Chili (bird's eye, green)",55088.815833333334
2021-02-01,JAWA TENGAH,"Chili (bird's eye, red)",79564.69208333334
2021-02-01,JAWA TENGAH,Chili (red),46495.151052631576
2021-02-01,JAWA TENGAH,"Chili (red, curly)",49958.331666666665
2021-02-01,JAWA TENGAH,"Chili (red, large)",44383.29521739131
2021-02-01,JAWA TIMUR,Chili (bird's eye),58601.93842105263
2021-02-01,JAWA TIMUR,"Chili (bird's eye, green)",46084.487368421054
2021-02-01,JAWA TIMUR,"Chili (bird's eye, red)",73715.625625
2021-02-01,JAWA TIMUR,Chili (red),42328.17235294118
2021-02-01,JAWA TIMUR,"Chili (red, curly)",46719.924999999996
2021-02-01,JAWA TIMUR,"Chili (red, large)",40440.44315789474
2021-02-01,KALIMANTAN BARAT,Chili (bird's eye),106684.11875
2021-02-01,KALIMANTAN BARAT,"Chili (bird's eye, green)",99553.54625
2021-02-01,KALIMANTAN BARAT,"Chili (bird's eye, red)",113814.6925
2021-02-01,KALIMANTAN BARAT,Chili (red),58024.855
2021-02-01,KALIMANTAN BARAT,"Chili (red, curly)",66576.99833333334
2021-02-01,KALIMANTAN BARAT,"Chili (red, large)",52676.90125
2021-02-01,KALIMANTAN SELATAN,Chili (bird's eye),74253.2875
2021-02-01,KALIMANTAN SELATAN,"Chili (bird's eye, green)",58572.3675
2021-02-01,KALIMANTAN SELATAN,"Chili (bird's eye, red)",89934.21
2021-02-01,KALIMANTAN SELATAN,Chili (red),46029.605
2021-02-01,KALIMANTAN SELATAN,"Chili (red, curly)",50657.895000000004
2021-02-01,KALIMANTAN SELATAN,"Chili (red, large)",41401.315
2021-02-01,KALIMANTAN TENGAH,Chili (bird's eye),78991.23
2021-02-01,KALIMANTAN TENGAH,"Chili (bird's eye, green)",54144.7375
2021-02-01,KALIMANTAN TENGAH,"Chili (bird's eye, red)",102401.315
2021-02-01,KALIMANTAN TENGAH,Chili (red),71019.7375
2021-02-01,KALIMANTAN TENGAH,"Chili (red, curly)",70785.8175
2021-02-01,KALIMANTAN TENGAH,"Chili (red, large)",71250.0
2021-02-01,KALIMANTAN TIMUR,Chili (bird's eye),65087.71833333333
2021-02-01,KALIMANTAN TIMUR,"Chili (bird's eye, green)",57083.331666666665
2021-02-01,KALIMANTAN TIMUR,"Chili (bird's eye, red)",71500.0
2021-02-01,KALIMANTAN TIMUR,Chili (red),45700.0
2021-02-01,KALIMANTAN TIMUR,"Chili (red, curly)",46026.31666666667
2021-02-01,KALIMANTAN TIMUR,"Chili (red, large)",45096.49166666667
2021-02-01,KALIMANTAN UTARA,Chili (bird's eye),95476.975
2021-02-01,KALIMANTAN UTARA,"Chili (bird's eye, green)",100690.79
2021-02-01,KALIMANTAN UTARA,"Chili (bird's eye, red)",90263.1575
2021-02-01,KALIMANTAN UTARA,Chili (red),53223.6875
2021-02-01,KALIMANTAN UTARA,"Chili (red, curly)",53552.6325
2021-02-01,KALIMANTAN UTARA,"Chili (red, large)",51666.666666666664
2021-02-01,KEPULAUAN BANGKA BELITUNG,Chili (bird's eye),87171.05
2021-02-01,KEPULAUAN BANGKA BELITUNG,"Chili (bird's eye, green)",58986.8425
2021-02-01,KEPULAUAN BANGKA BELITUNG,"Chili (bird's eye, red)",91809.21
2021-02-01,KEPULAUAN BANGKA BELITUNG,Chili (red),69963.815
2021-02-01,KEPULAUAN BANGKA BELITUNG,"Chili (red, curly)",64763.16
2021-02-01,KEPULAUAN BANGKA BELITUNG,"Chili (red, large)",75164.475
2021-02-01,KEPULAUAN RIAU,Chili (bird's eye),83015.788
2021-02-01,KEPULAUAN RIAU,"Chili (bird's eye, green)",83015.788
2021-02-01,KEPULAUAN RIAU,Chili (red),51526.315
2021-02-01,KEPULAUAN RIAU,"Chili (red, curly)",50526.316000000006
2021-02-01,LAMPUNG,Chili (bird's eye),76592.105
2021-02-01,LAMPUNG,"Chili (bird's eye, green)",72151.315
2021-02-01,LAMPUNG,"Chili (bird's eye, red)",81032.895
2021-02-01,LAMPUNG,Chili (red),43986.84333333333
2021-02-01,LAMPUNG,"Chili (red, curly)",44861.840000000004
2021-02-01,LAMPUNG,"Chili (red, large)",53114.03666666666
2021-02-01,MALUKU,Chili (bird's eye),71798.24666666666
2021-02-01,MALUKU,"Chili (bird's eye, green)",45526.32
2021-02-01,MALUKU,"Chili (bird's eye, red)",77171.055
2021-02-01,MALUKU,Chili (red),68236.845
2021-02-01,MALUKU,"Chili (red, curly)",66967.11
2021-02-01,MALUKU,"Chili (red, large)",50000.0
2021-02-01,MALUKU UTARA,"Chili (bird's eye, green)",112105.26
2021-02-01,MALUKU UTARA,"Chili (bird's eye, red)",83289.47
2021-02-01,MALUKU UTARA,Chili (red),42894.740000000005
2021-02-01,MALUKU UTARA,"Chili (red, curly)",46842.11
2021-02-01,MALUKU UTARA,"Chili (red, large)",38947.37
2021-02-01,NUSA TENGGARA BARAT,Chili (bird's eye),53342.10600000001
2021-02-01,NUSA TENGGARA BARAT,"Chili (bird's eye, green)",27105.265
2021-02-01,NUSA TENGGARA BARAT,"Chili (bird's eye, red)",70668.42199999999
2021-02-01,NUSA TENGGARA BARAT,Chili (red),43085.525
2021-02-01,NUSA TENGGARA BARAT,"Chili (red, curly)",47052.632
2021-02-01,NUSA TENGGARA BARAT,"Chili (red, large)",41621.052
2021-02-01,NUSA TENGGARA TIMUR,Chili (bird's eye),60440.424999999996
2021-02-01,NUSA TENGGARA TIMUR,"Chili (bird's eye, green)",51579.676666666666
2021-02-01,NUSA TENGGARA TIMUR,"Chili (bird's eye, red)",69290.64166666666
2021-02-01,NUSA TENGGARA TIMUR,Chili (red),73402.17166666668
2021-02-01,NUSA TENGGARA TIMUR,"Chili (red, curly)",75684.7
2021-02-01,NUSA TENGGARA TIMUR,"Chili (red, large)",71119.63833333332
2021-02-01,PAPUA,Chili (bird's eye),71775.48
2021-02-01,PAPUA,"Chili (bird's eye, green)",55248.17125
2021-02-01,PAPUA,"Chili (bird's eye, red)",92168.13
2021-02-01,PAPUA,Chili (red),71028.05
2021-02-01,PAPUA,"Chili (red, curly)",62425.40125
2021-02-01,PAPUA,"Chili (red, large)",76034.54000000001
2021-02-01,PAPUA BARAT,Chili (bird's eye),80822.3725
2021-02-01,PAPUA BARAT,"Chili (bird's eye, green)",28333.33
2021-02-01,PAPUA BARAT,"Chili (bird's eye, red)",82434.215
2021-02-01,PAPUA BARAT,Chili (red),42427.63
2021-02-01,PAPUA BARAT,"Chili (red, curly)",38333.333333333336
2021-02-01,PAPUA BARAT,"Chili (red, large)",42421.0525
2021-02-01,RIAU,Chili (bird's eye),70947.36666666665
2021-02-01,RIAU,"Chili (bird's eye, green)",65848.685
2021-02-01,RIAU,"Chili (bird's eye, red)",74802.63
2021-02-01,RIAU,Chili (red),43192.43375
2021-02-01,RIAU,"Chili (red, curly)",45328.94875
2021-02-01,RIAU,"Chili (red, large)",39697.36833333333
2021-02-01,SULAWESI BARAT,Chili (bird's eye),32388.1575
2021-02-01,SULAWESI BARAT,"Chili (bird's eye, green)",16368.419999999998
2021-02-01,SULAWESI BARAT,"Chili (bird's eye, red)",44342.104999999996
2021-02-01,SULAWESI BARAT,Chili (red),30942.98
2021-02-01,SULAWESI BARAT,"Chili (red, curly)",32736.84
2021-02-01,SULAWESI BARAT,"Chili (red, large)",25789.475
2021-02-01,SULAWESI SELATAN,Chili (bird's eye),55947.10400000001
2021-02-01,SULAWESI SELATAN,"Chili (bird's eye, red)",55947.10400000001
2021-02-01,SULAWESI SELATAN,Chili (red),29215.46125
2021-02-01,SULAWESI SELATAN,"Chili (red, curly)",36602.631
2021-02-01,SULAWESI SELATAN,"Chili (red, large)",20330.41
2021-02-01,SULAWESI TENGAH,Chili (bird's eye),72138.155
2021-02-01,SULAWESI TENGAH,"Chili (bird's eye, green)",67763.16
2021-02-01,SULAWESI TENGAH,"Chili (bird's eye, red)",76513.155
2021-02-01,SULAWESI TENGAH,Chili (red),32006.575
2021-02-01,SULAWESI TENGAH,"Chili (red, curly)",28289.475
2021-02-01,SULAWESI TENGAH,"Chili (red, large)",35723.685
2021-02-01,SULAWESI TENGGARA,Chili (bird's eye),39723.685
2021-02-01,SULAWESI TENGGARA,"Chili (bird's eye, green)",36618.4225
2021-02-01,SULAWESI TENGGARA,"Chili (bird's eye, red)",42828.947499999995
2021-02-01,SULAWESI TENGGARA,Chili (red),38453.945
2021-02-01,SULAWESI TENGGARA,"Chili (red, curly)",40006.58
2021-02-01,SULAWESI TENGGARA,"Chili (red, large)",32904.605
2021-02-01,SULAWESI UTARA,Chili (bird's eye),55960.53
2021-02-01,SULAWESI UTARA,"Chili (bird's eye, green)",42302.630000000005
2021-02-01,SULAWESI UTARA,"Chili (bird's eye, red)",69618.42
2021-02-01,SULAWESI UTARA,Chili (red),30368.42
2021-02-01,SULAWESI UTARA,"Chili (red, curly)",34657.89
2021-02-01,SUMATERA BARAT,Chili (bird's eye),64513.1575
2021-02-01,SUMATERA BARAT,"Chili (bird's eye, green)",64513.1575
2021-02-01,SUMATERA BARAT,Chili (red),46710.525
2021-02-01,SUMATERA BARAT,"Chili (red, curly)",46710.525
2021-02-01,SUMATERA SELATAN,Chili (bird's eye),82355.26
2021-02-01,SUMATERA SELATAN,"Chili (bird's eye, green)",80219.29666666666
2021-02-01,SUMATERA SELATAN,"Chili (bird's eye, red)",84491.23
2021-02-01,SUMATERA SELATAN,Chili (red),56254.38333333334
2021-02-01,SUMATERA SELATAN,"Chili (red, curly)",56114.03333333333
2021-02-01,SUMATERA SELATAN,"Chili (red, large)",56394.73666666667
2021-02-01,SUMATERA UTARA,Chili (bird's eye),55286.84300000001
2021-02-01,SUMATERA UTARA,"Chili (bird's eye, green)",55102.34
2021-02-01,SUMATERA UTARA,"Chili (bird's eye, red)",55657.8925
2021-02-01,SUMATERA UTARA,Chili (red),36830.41
2021-02-01,SUMATERA UTARA,"Chili (red, curly)",36787.08272727273
2021-03-01,ACEH,Chili (bird's eye),43340.90833333333
2021-03-01,ACEH,"Chili (bird's eye, green)",43340.90833333333
2021-03-01,ACEH,Chili (red),42745.454
2021-03-01,ACEH,"Chili (red, curly)",43272.726
2021-03-01,BALI,Chili (bird's eye),75496.21333333333
2021-03-01,BALI,"Chili (bird's eye, green)",48534.09
2021-03-01,BALI,"Chili (bird's eye, red)",102431.81666666667
2021-03-01,BALI,Chili (red),42985.795
2021-03-01,BALI,"Chili (red, curly)",50250.0
2021-03-01,BALI,"Chili (red, large)",35721.5925
2021-03-01,BANTEN,Chili (bird's eye),91083.33333333333
2021-03-01,BANTEN,"Chili (bird's eye, green)",62437.4975
2021-03-01,BANTEN,"Chili (bird's eye, red)",119916.66666666667
2021-03-01,BANTEN,Chili (red),53755.685
2021-03-01,BANTEN,"Chili (red, curly)",54882.573333333334
2021-03-01,BANTEN,"Chili (red, large)",50200.756666666675
2021-03-01,BENGKULU,Chili (bird's eye),52934.09
2021-03-01,BENGKULU,"Chili (bird's eye, green)",50682.9525
2021-03-01,BENGKULU,"Chili (bird's eye, red)",58316.0775
2021-03-01,BENGKULU,Chili (red),41469.8875
2021-03-01,BENGKULU,"Chili (red, curly)",44551.705
2021-03-01,BENGKULU,"Chili (red, large)",38388.0675
2021-03-01,DAERAH ISTIMEWA YOGYAKARTA,Chili (bird's eye),81647.73
2021-03-01,DAERAH ISTIMEWA YOGYAKARTA,"Chili (bird's eye, green)",61000.0
2021-03-01,DAERAH ISTIMEWA YOGYAKARTA,"Chili (bird's eye, red)",100568.185
2021-03-01,DAERAH ISTIMEWA YOGYAKARTA,Chili (red),46022.725
2021-03-01,DAERAH ISTIMEWA YOGYAKARTA,"Chili (red, curly)",47727.275
2021-03-01,DAERAH ISTIMEWA YOGYAKARTA,"Chili (red, large)",44318.18
2021-03-01,DKI JAKARTA,Chili (bird's eye),97765.15333333332
2021-03-01,DKI JAKARTA,"Chili (bird's eye, green)",67424.24333333333
2021-03-01,DKI JAKARTA,"Chili (bird's eye, red)",128106.06333333334
2021-03-01,DKI JAKARTA,Chili (red),58958.333333333336
2021-03-01,DKI JAKARTA,"Chili (red, curly)",61704.543333333335
2021-03-01,DKI JAKARTA,"Chili (red, large)",56212.11666666666
2021-03-01,GORONTALO,Chili (bird's eye),86151.51666666666
2021-03-01,GORONTALO,"Chili (bird's eye, green)",71090.91
2021-03-01,GORONTALO,"Chili (bird's eye, red)",89037.88
2021-03-01,GORONTALO,"Chili (red, curly)",42992.42
2021-03-01,JAMBI,Chili (bird's eye),72988.635
2021-03-01,JAMBI,"Chili (bird's eye, green)",49443.1825
2021-03-01,JAMBI,"Chili (bird's eye, red)",96534.09
2021-03-01,JAMBI,Chili (red),43772.72666666666
2021-03-01,JAMBI,"Chili (red, curly)",43909.0925
2021-03-01,JAMBI,"Chili (red, large)",42257.57666666667
2021-03-01,JAWA BARAT,Chili (bird's eye),88347.40357142857
2021-03-01,JAWA BARAT,"Chili (bird's eye, green)",60351.60411764706
2021-03-01,JAWA BARAT,"Chili (bird's eye, red)",117718.43333333332
2021-03-01,JAWA BARAT,Chili (red),49773.48466666667
2021-03-01,JAWA BARAT,"Chili (red, curly)",53310.60611111111
2021-03-01,JAWA BARAT,"Chili (red, large)",46622.475000000006
2021-03-01,JAWA TENGAH,Chili (bird's eye),74552.08291666667
2021-03-01,JAWA TENGAH,"Chili (bird's eye, green)",48688.4475
2021-03-01,JAWA TENGAH,"Chili (bird's eye, red)",100371.54130434783
2021-03-01,JAWA TENGAH,Chili (red),43162.33619047619
2021-03-01,JAWA TENGAH,"Chili (red, curly)",46193.182499999995
2021-03-01,JAWA TENGAH,"Chili (red, large)",41063.24130434783
2021-03-01,JAWA TIMUR,Chili (bird's eye),64758.20722222222
2021-03-01,JAWA TIMUR,"Chili (bird's eye, green)",38124.999444444446
2021-03-01,JAWA TIMUR,"Chili (bird's eye, red)",98327.53882352941
2021-03-01,JAWA TIMUR,Chili (red),42330.21294117647
2021-03-01,JAWA TIMUR,"Chili (red, curly)",50836.03928571429
2021-03-01,JAWA TIMUR,"Chili (red, large)",37472.48789473684
2021-03-01,KALIMANTAN BARAT,Chili (bird's eye),109558.06875
2021-03-01,KALIMANTAN BARAT,"Chili (bird's eye, green)",98780.1
2021-03-01,KALIMANTAN BARAT,"Chili (bird's eye, red)",120336.03875
2021-03-01,KALIMANTAN BARAT,Chili (red),47417.75
2021-03-01,KALIMANTAN BARAT,"Chili (red, curly)",51853.35666666667
2021-03-01,KALIMANTAN BARAT,"Chili (red, large)",43942.91125
2021-03-01,KALIMANTAN SELATAN,Chili (bird's eye),90950.57
2021-03-01,KALIMANTAN SELATAN,"Chili (bird's eye, green)",68232.955
2021-03-01,KALIMANTAN SELATAN,"Chili (bird's eye, red)",113667.61249999999
2021-03-01,KALIMANTAN SELATAN,Chili (red),49463.067500000005
2021-03-01,KALIMANTAN SELATAN,"Chili (red, curly)",52732.955
2021-03-01,KALIMANTAN SELATAN,"Chili (red, large)",46193.18
2021-03-01,KALIMANTAN TENGAH,Chili (bird's eye),96231.06
2021-03-01,KALIMANTAN TENGAH,"Chili (bird's eye, green)",65795.455
2021-03-01,KALIMANTAN TENGAH,"Chili (bird's eye, red)",130211.04
2021-03-01,KALIMANTAN TENGAH,Chili (red),68808.315
2021-03-01,KALIMANTAN TENGAH,"Chili (red, curly)",69488.6375
2021-03-01,KALIMANTAN TENGAH,"Chili (red, large)",68008.02249999999
2021-03-01,KALIMANTAN TIMUR,Chili (bird's eye),87556.81666666667
2021-03-01,KALIMANTAN TIMUR,"Chili (bird's eye, green)",75454.545
2021-03-01,KALIMANTAN TIMUR,"Chili (bird's eye, red)",99659.09166666667
2021-03-01,KALIMANTAN TIMUR,Chili (red),46213.636
2021-03-01,KALIMANTAN TIMUR,"Chili (red, curly)",44886.365
2021-03-01,KALIMANTAN TIMUR,"Chili (red, large)",44962.119999999995
2021-03-01,KALIMANTAN UTARA,Chili (bird's eye),109843.345
2021-03-01,KALIMANTAN UTARA,"Chili (bird's eye, green)",114445.35
2021-03-01,KALIMANTAN UTARA,"Chili (bird's eye, red)",105241.345
2021-03-01,KALIMANTAN UTARA,Chili (red),53940.07
2021-03-01,KALIMANTAN UTARA,"Chili (red, curly)",51634.200000000004
2021-03-01,KALIMANTAN UTARA,"Chili (red, large)",51221.13999999999
2021-03-01,KEPULAUAN BANGKA BELITUNG,Chili (bird's eye),86477.275
2021-03-01,KEPULAUAN BANGKA BELITUNG,"Chili (bird's eye, green)",59346.59
2021-03-01,KEPULAUAN BANGKA BELITUNG,"Chili (bird's eye, red)",98380.6825
2021-03-01,KEPULAUAN BANGKA BELITUNG,Chili (red),67690.34
2021-03-01,KEPULAUAN BANGKA BELITUNG,"Chili (red, curly)",60380.6825
2021-03-01,KEPULAUAN BANGKA BELITUNG,"Chili (red, large)",75000.0
2021-03-01,KEPULAUAN RIAU,Chili (bird's eye),61559.092000000004
2021-03-01,KEPULAUAN RIAU,"Chili (bird's eye, green)",61559.092000000004
2021-03-01,KEPULAUAN RIAU,Chili (red),50312.5
2021-03-01,KEPULAUAN RIAU,"Chili (red, curly)",51363.636
2021-03-01,LAMPUNG,Chili (bird's eye),81985.795
2021-03-01,LAMPUNG,"Chili (bird's eye, green)",59795.455
2021-03-01,LAMPUNG,"Chili (bird's eye, red)",104176.1375
2021-03-01,LAMPUNG,Chili (red),41939.39333333333
2021-03-01,LAMPUNG,"Chili (red, curly)",43244.32
2021-03-01,LAMPUNG,"Chili (red, large)",49265.15
2021-03-01,MALUKU,Chili (bird's eye),99403.41
2021-03-01,MALUKU,"Chili (bird's eye, green)",48522.725
2021-03-01,MALUKU,"Chili (bird's eye, red)",108494.32
2021-03-01,MALUKU,Chili (red),63252.84
2021-03-01,MALUKU,"Chili (red, curly)",54393.93666666667
2021-03-01,MALUKU,"Chili (red, large)",50000.0
2021-03-01,MALUKU UTARA,Chili (bird's eye),97386.36499999999
2021-03-01,MALUKU UTARA,"Chili (bird's eye, green)",108409.09
2021-03-01,MALUKU UTARA,"Chili (bird's eye, red)",86363.64
2021-03-01,MALUKU UTARA,Chili (red),52045.455
2021-03-01,MALUKU UTARA,"Chili (red, curly)",55000.0
2021-03-01,MALUKU UTARA,"Chili (red, large)",49090.91
2021-03-01,NUSA TENGGARA BARAT,Chili (bird's eye),91577.274
2021-03-01,NUSA TENGGARA BARAT,"Chili (bird's eye, green)",42568.18
2021-03-01,NUSA TENGGARA BARAT,"Chili (bird's eye, red)",124531.81999999999
2021-03-01,NUSA TENGGARA BARAT,Chili (red),48306.82000000001
2021-03-01,NUSA TENGGARA BARAT,"Chili (red, curly)",50504.546
2021-03-01,NUSA TENGGARA BARAT,"Chili (red, large)",41073.8675
2021-03-01,NUSA TENGGARA TIMUR,Chili (bird's eye),62902.27166666667
2021-03-01,NUSA TENGGARA TIMUR,"Chili (bird's eye, green)",53750.00166666667
2021-03-01,NUSA TENGGARA TIMUR,"Chili (bird's eye, red)",72037.87833333334
2021-03-01,NUSA TENGGARA TIMUR,Chili (red),62852.274
2021-03-01,NUSA TENGGARA TIMUR,"Chili (red, curly)",70871.21166666667
2021-03-01,NUSA TENGGARA TIMUR,"Chili (red, large)",65303.03
2021-03-01,PAPUA,Chili (bird's eye),93787.49285714285
2021-03-01,PAPUA,"Chili (bird's eye, green)",71011.75
2021-03-01,PAPUA,"Chili (bird's eye, red)",118597.945
2021-03-01,PAPUA,Chili (red),79145.94857142857
2021-03-01,PAPUA,"Chili (red, curly)",76915.98999999999
2021-03-01,PAPUA,"Chili (red, large)",77455.90125
2021-03-01,PAPUA BARAT,Chili (bird's eye),106204.005
2021-03-01,PAPUA BARAT,"Chili (bird's eye, green)",27500.0
2021-03-01,PAPUA BARAT,"Chili (bird's eye, red)",107056.2775
2021-03-01,PAPUA BARAT,Chili (red),41114.72
2021-03-01,PAPUA BARAT,"Chili (red, curly)",41001.082500000004
2021-03-01,PAPUA BARAT,"Chili (red, large)",41125.54
2021-03-01,RIAU,Chili (bird's eye),53846.43
2021-03-01,RIAU,"Chili (bird's eye, green)",46750.0
2021-03-01,RIAU,"Chili (bird's eye, red)",81325.5675
2021-03-01,RIAU,Chili (red),47443.1825
2021-03-01,RIAU,"Chili (red, curly)",49968.75125
2021-03-01,RIAU,"Chili (red, large)",42712.121666666666
2021-03-01,SULAWESI BARAT,Chili (bird's eye),47269.8875
2021-03-01,SULAWESI BARAT,"Chili (bird's eye, green)",29893.2425
2021-03-01,SULAWESI BARAT,"Chili (bird's eye, red)",63602.270000000004
2021-03-01,SULAWESI BARAT,Chili (red),33007.573333333334
2021-03-01,SULAWESI BARAT,"Chili (red, curly)",35926.1375
2021-03-01,SULAWESI BARAT,"Chili (red, large)",29801.135000000002
2021-03-01,SULAWESI SELATAN,Chili (bird's eye),73520.20111111112
2021-03-01,SULAWESI SELATAN,"Chili (bird's eye, red)",74561.363
2021-03-01,SULAWESI SELATAN,Chili (red),33527.59714285714
2021-03-01,SULAWESI SELATAN,"Chili (red, curly)",41194.44222222222
2021-03-01,SULAWESI SELATAN,"Chili (red, large)",25761.363
2021-03-01,SULAWESI TENGAH,Chili (bird's eye),81101.19
2021-03-01,SULAWESI TENGAH,"Chili (bird's eye, green)",71785.715
2021-03-01,SULAWESI TENGAH,"Chili (bird's eye, red)",90416.67
2021-03-01,SULAWESI TENGAH,Chili (red),31666.665
2021-03-01,SULAWESI TENGAH,"Chili (red, curly)",30119.05
2021-03-01,SULAWESI TENGAH,"Chili (red, large)",33261.905
2021-03-01,SULAWESI TENGGARA,Chili (bird's eye),58803.9775
2021-03-01,SULAWESI TENGGARA,"Chili (bird's eye, green)",53005.68
2021-03-01,SULAWESI TENGGARA,"Chili (bird's eye, red)",64602.2725
2021-03-01,SULAWESI TENGGARA,Chili (red),37034.09
2021-03-01,SULAWESI TENGGARA,"Chili (red, curly)",43551.134999999995
2021-03-01,SULAWESI TENGGARA,"Chili (red, large)",35818.182499999995
2021-03-01,SULAWESI UTARA,Chili (bird's eye),70176.13500000001
2021-03-01,SULAWESI UTARA,"Chili (bird's eye, green)",51920.455
2021-03-01,SULAWESI UTARA,"Chili (bird's eye, red)",88431.815
2021-03-01,SULAWESI UTARA,Chili (red),42761.365000000005
2021-03-01,SULAWESI UTARA,"Chili (red, curly)",42761.365000000005
2021-03-01,SUMATERA BARAT,Chili (bird's eye),44505.682499999995
2021-03-01,SUMATERA BARAT,"Chili (bird's eye, green)",44505.682499999995
2021-03-01,SUMATERA BARAT,Chili (red),49232.4125
2021-03-01,SUMATERA BARAT,"Chili (red, curly)",49232.4125
2021-03-01,SUMATERA SELATAN,Chili (bird's eye),85303.57
2021-03-01,SUMATERA SELATAN,"Chili (bird's eye, green)",64031.02333333334
2021-03-01,SUMATERA SELATAN,"Chili (bird's eye, red)",95237.37
2021-03-01,SUMATERA SELATAN,Chili (red),56289.13999999999
2021-03-01,SUMATERA SELATAN,"Chili (red, curly)",56444.083333333336
2021-03-01,SUMATERA SELATAN,"Chili (red, large)",56134.19666666666
2021-03-01,SUMATERA UTARA,Chili (bird's eye),35899.998999999996
2021-03-01,SUMATERA UTARA,"Chili (bird's eye, green)",35901.51416666667
2021-03-01,SUMATERA UTARA,"Chili (bird's eye, red)",33647.725
2021-03-01,SUMATERA UTARA,Chili (red),40400.350000000006
2021-03-01,SUMATERA UTARA,"Chili (red, curly)",40400.350000000006
2021-04-01,ACEH,Chili (bird's eye),44809.52333333334
2021-04-01,ACEH,"Chili (bird's eye, green)",44809.52333333334
2021-04-01,ACEH,Chili (red),45023.80833333333
2021-04-01,ACEH,"Chili (red, curly)",45023.80833333333
2021-04-01,BALI,Chili (bird's eye),47769.84
2021-04-01,BALI,"Chili (bird's eye, green)",36160.712499999994
2021-04-01,BALI,"Chili (bird's eye, red)",57166.666666666664
2021-04-01,BALI,Chili (red),41059.5225
2021-04-01,BALI,"Chili (red, curly)",46809.525
2021-04-01,BALI,"Chili (red, large)",37952.3825
2021-04-01,BANTEN,Chili (bird's eye),57365.07833333333
2021-04-01,BANTEN,"Chili (bird's eye, green)",44190.476
2021-04-01,BANTEN,"Chili (bird's eye, red)",69317.46166666667
2021-04-01,BANTEN,Chili (red),50916.67
2021-04-01,BANTEN,"Chili (red, curly)",46059.52333333334
2021-04-01,BANTEN,"Chili (red, large)",55218.253333333334
2021-04-01,BENGKULU,Chili (bird's eye),40963.05666666667
2021-04-01,BENGKULU,"Chili (bird's eye, green)",38848.81
2021-04-01,BENGKULU,"Chili (bird's eye, red)",46250.715
2021-04-01,BENGKULU,Chili (red),36596.725
2021-04-01,BENGKULU,"Chili (red, curly)",40683.33
2021-04-01,BENGKULU,"Chili (red, large)",32510.1175
2021-04-01,DAERAH ISTIMEWA YOGYAKARTA,Chili (bird's eye),48761.905
2021-04-01,DAERAH ISTIMEWA YOGYAKARTA,"Chili (bird's eye, green)",43857.14
2021-04-01,DAERAH ISTIMEWA YOGYAKARTA,"Chili (bird's eye, red)",53666.67
2021-04-01,DAERAH ISTIMEWA YOGYAKARTA,Chili (red),43779.765
2021-04-01,DAERAH ISTIMEWA YOGYAKARTA,"Chili (red, curly)",38809.525
2021-04-01,DAERAH ISTIMEWA YOGYAKARTA,"Chili (red, large)",48750.0
2021-04-01,DKI JAKARTA,Chili (bird's eye),66488.095
2021-04-01,DKI JAKARTA,"Chili (bird's eye, green)",53333.329999999994
2021-04-01,DKI JAKARTA,"Chili (bird's eye, red)",76269.84333333332
2021-04-01,DKI JAKARTA,Chili (red),58253.96666666667
2021-04-01,DKI JAKARTA,"Chili (red, curly)",52936.51
2021-04-01,DKI JAKARTA,"Chili (red, large)",63571.43
2021-04-01,GORONTALO,Chili (bird's eye),80214.28666666667
2021-04-01,GORONTALO,"Chili (bird's eye, green)",62714.29
2021-04-01,GORONTALO,"Chili (bird's eye, red)",83849.20666666667
2021-04-01,GORONTALO,Chili (red),38095.235
2021-04-01,GORONTALO,"Chili (red, curly)",38333.329999999994
2021-04-01,JAMBI,Chili (bird's eye),52747.0225
2021-04-01,JAMBI,"Chili (bird's eye, green)",36079.36666666667
2021-04-01,JAMBI,"Chili (bird's eye, red)",67386.905
2021-04-01,JAMBI,Chili (red),33580.354999999996
2021-04-01,JAMBI,"Chili (red, curly)",33511.905
2021-04-01,JAMBI,"Chili (red, large)",33648.8075
2021-04-01,JAWA BARAT,Chili (bird's eye),59329.08866666666
2021-04-01,JAWA BARAT,"Chili (bird's eye, green)",47115.75529411765
2021-04-01,JAWA BARAT,"Chili (bird's eye, red)",72268.51833333334
2021-04-01,JAWA BARAT,Chili (red),50475.89125
2021-04-01,JAWA BARAT,"Chili (red, curly)",48608.863333333335
2021-04-01,JAWA BARAT,"Chili (red, large)",52206.746111111104
2021-04-01,JAWA TENGAH,Chili (bird's eye),47612.1025
2021-04-01,JAWA TENGAH,"Chili (bird's eye, green)",36399.80125
2021-04-01,JAWA TENGAH,"Chili (bird's eye, red)",58824.40541666667
2021-04-01,JAWA TENGAH,Chili (red),38017.85772727273
2021-04-01,JAWA TENGAH,"Chili (red, curly)",36832.34208333333
2021-04-01,JAWA TENGAH,"Chili (red, large)",39993.78913043479
2021-04-01,JAWA TIMUR,Chili (bird's eye),39139.72368421053
2021-04-01,JAWA TIMUR,"Chili (bird's eye, green)",26799.497894736844
2021-04-01,JAWA TIMUR,"Chili (bird's eye, red)",54519.60764705882
2021-04-01,JAWA TIMUR,Chili (red),43862.74647058823
2021-04-01,JAWA TIMUR,"Chili (red, curly)",43684.982307692306
2021-04-01,JAWA TIMUR,"Chili (red, large)",44595.238421052636
2021-04-01,KALIMANTAN BARAT,Chili (bird's eye),92084.8225
2021-04-01,KALIMANTAN BARAT,"Chili (bird's eye, green)",83755.9525
2021-04-01,KALIMANTAN BARAT,"Chili (bird's eye, red)",100413.69125
2021-04-01,KALIMANTAN BARAT,Chili (red),49054.764
2021-04-01,KALIMANTAN BARAT,"Chili (red, curly)",46916.666666666664
2021-04-01,KALIMANTAN BARAT,"Chili (red, large)",45422.62
2021-04-01,KALIMANTAN SELATAN,Chili (bird's eye),71360.1175
2021-04-01,KALIMANTAN SELATAN,"Chili (bird's eye, green)",53154.7625
2021-04-01,KALIMANTAN SELATAN,"Chili (bird's eye, red)",89565.47750000001
2021-04-01,KALIMANTAN SELATAN,Chili (red),57318.4525
2021-04-01,KALIMANTAN SELATAN,"Chili (red, curly)",56946.43
2021-04-01,KALIMANTAN SELATAN,"Chili (red, large)",57690.475
2021-04-01,KALIMANTAN TENGAH,Chili (bird's eye),84613.095
2021-04-01,KALIMANTAN TENGAH,"Chili (bird's eye, green)",68869.045
2021-04-01,KALIMANTAN TENGAH,"Chili (bird's eye, red)",109523.81
2021-04-01,KALIMANTAN TENGAH,Chili (red),76101.19
2021-04-01,KALIMANTAN TENGAH,"Chili (red, curly)",75565.475
2021-04-01,KALIMANTAN TENGAH,"Chili (red, large)",76636.905
2021-04-01,KALIMANTAN TIMUR,Chili (bird's eye),72511.90666666666
2021-04-01,KALIMANTAN TIMUR,"Chili (bird's eye, green)",62690.47666666666
2021-04-01,KALIMANTAN TIMUR,"Chili (bird's eye, red)",82333.33333333333
2021-04-01,KALIMANTAN TIMUR,Chili (red),52349.20333333333
2021-04-01,KALIMANTAN TIMUR,"Chili (red, curly)",48234.128333333334
2021-04-01,KALIMANTAN TIMUR,"Chili (red, large)",53888.888333333336
2021-04-01,KALIMANTAN UTARA,Chili (bird's eye),105320.8325
2021-04-01,KALIMANTAN UTARA,"Chili (bird's eye, green)",110065.47750000001
2021-04-01,KALIMANTAN UTARA,"Chili (bird's eye, red)",100571.4275
2021-04-01,KALIMANTAN UTARA,Chili (red),51889.8825
2021-04-01,KALIMANTAN UTARA,"Chili (red, curly)",52142.8575
2021-04-01,KALIMANTAN UTARA,"Chili (red, large)",51636.9075
2021-04-01,KEPULAUAN BANGKA BELITUNG,Chili (bird's eye),70753.96666666667
2021-04-01,KEPULAUAN BANGKA BELITUNG,"Chili (bird's eye, green)",53184.5225
2021-04-01,KEPULAUAN BANGKA BELITUNG,"Chili (bird's eye, red)",79107.145
2021-04-01,KEPULAUAN BANGKA BELITUNG,Chili (red),63160.715
2021-04-01,KEPULAUAN BANGKA BELITUNG,"Chili (red, curly)",50369.0475
2021-04-01,KEPULAUAN BANGKA BELITUNG,"Chili (red, large)",75952.38
2021-04-01,KEPULAUAN RIAU,Chili (bird's eye),49995.240000000005
2021-04-01,KEPULAUAN RIAU,"Chili (bird's eye, green)",49995.240000000005
2021-04-01,KEPULAUAN RIAU,Chili (red),50484.12666666667
2021-04-01,KEPULAUAN RIAU,"Chili (red, curly)",49833.332
2021-04-01,LAMPUNG,Chili (bird's eye),54336.3075
2021-04-01,LAMPUNG,"Chili (bird's eye, green)",45440.475
2021-04-01,LAMPUNG,"Chili (bird's eye, red)",63232.1425
2021-04-01,LAMPUNG,Chili (red),30916.67
2021-04-01,LAMPUNG,"Chili (red, curly)",34011.9025
2021-04-01,LAMPUNG,"Chili (red, large)",42841.27
2021-04-01,MALUKU,Chili (bird's eye),84603.17333333334
2021-04-01,MALUKU,"Chili (bird's eye, green)",47023.81
2021-04-01,MALUKU,"Chili (bird's eye, red)",107797.6175
2021-04-01,MALUKU,Chili (red),64791.667499999996
2021-04-01,MALUKU,"Chili (red, curly)",63958.335
2021-04-01,MALUKU,"Chili (red, large)",53333.33
2021-04-01,MALUKU UTARA,Chili (bird's eye),109166.66500000001
2021-04-01,MALUKU UTARA,"Chili (bird's eye, green)",102500.0
2021-04-01,MALUKU UTARA,"Chili (bird's eye, red)",103809.52
2021-04-01,MALUKU UTARA,Chili (red),53690.475000000006
2021-04-01,MALUKU UTARA,"Chili (red, curly)",56904.76
2021-04-01,MALUKU UTARA,"Chili (red, large)",50476.19
2021-04-01,NUSA TENGGARA BARAT,Chili (bird's eye),71010.59599999999
2021-04-01,NUSA TENGGARA BARAT,"Chili (bird's eye, green)",37565.18
2021-04-01,NUSA TENGGARA BARAT,"Chili (bird's eye, red)",93040.476
2021-04-01,NUSA TENGGARA BARAT,Chili (red),48110.12
2021-04-01,NUSA TENGGARA BARAT,"Chili (red, curly)",49670.238
2021-04-01,NUSA TENGGARA BARAT,"Chili (red, large)",42980.952000000005
2021-04-01,NUSA TENGGARA TIMUR,Chili (bird's eye),73706.74666666666
2021-04-01,NUSA TENGGARA TIMUR,"Chili (bird's eye, green)",57519.84333333333
2021-04-01,NUSA TENGGARA TIMUR,"Chili (bird's eye, red)",89884.125
2021-04-01,NUSA TENGGARA TIMUR,Chili (red),71388.88833333334
2021-04-01,NUSA TENGGARA TIMUR,"Chili (red, curly)",72420.635
2021-04-01,NUSA TENGGARA TIMUR,"Chili (red, large)",70357.14166666668
2021-04-01,PAPUA,Chili (bird's eye),98313.77428571429
2021-04-01,PAPUA,"Chili (bird's eye, green)",72312.5
2021-04-01,PAPUA,"Chili (bird's eye, red)",124186.01125
2021-04-01,PAPUA,Chili (red),85278.2725
2021-04-01,PAPUA,"Chili (red, curly)",88366.07125000001
2021-04-01,PAPUA,"Chili (red, large)",82190.47625
2021-04-01,PAPUA BARAT,Chili (bird's eye),76696.4275
2021-04-01,PAPUA BARAT,"Chili (bird's eye, green)",31666.67
2021-04-01,PAPUA BARAT,"Chili (bird's eye, red)",85476.19
2021-04-01,PAPUA BARAT,Chili (red),57976.19
2021-04-01,PAPUA BARAT,"Chili (red, curly)",58988.0975
2021-04-01,PAPUA BARAT,"Chili (red, large)",54345.24
2021-04-01,RIAU,Chili (bird's eye),50003.23142857143
2021-04-01,RIAU,"Chili (bird's eye, green)",42923.95875
2021-04-01,RIAU,"Chili (bird's eye, red)",75684.525
2021-04-01,RIAU,Chili (red),43238.09375
2021-04-01,RIAU,"Chili (red, curly)",45509.225
2021-04-01,RIAU,"Chili (red, large)",38828.96833333333
2021-04-01,SULAWESI BARAT,Chili (bird's eye),49586.3075
2021-04-01,SULAWESI BARAT,"Chili (bird's eye, green)",34446.4275
2021-04-01,SULAWESI BARAT,"Chili (bird's eye, red)",64726.1875
2021-04-01,SULAWESI BARAT,Chili (red),34238.09333333333
2021-04-01,SULAWESI BARAT,"Chili (red, curly)",34666.665
2021-04-01,SULAWESI BARAT,"Chili (red, large)",32541.667500000003
2021-04-01,SULAWESI SELATAN,Chili (bird's eye),66142.85666666666
2021-04-01,SULAWESI SELATAN,"Chili (bird's eye, red)",66754.761
2021-04-01,SULAWESI SELATAN,Chili (red),34962.79625
2021-04-01,SULAWESI SELATAN,"Chili (red, curly)",39780.42444444445
2021-04-01,SULAWESI SELATAN,"Chili (red, large)",31347.619
2021-04-01,SULAWESI TENGAH,Chili (bird's eye),76666.66500000001
2021-04-01,SULAWESI TENGAH,"Chili (bird's eye, green)",69107.14499999999
2021-04-01,SULAWESI TENGAH,"Chili (bird's eye, red)",84226.19
2021-04-01,SULAWESI TENGAH,Chili (red),33491.67
2021-04-01,SULAWESI TENGAH,"Chili (red, curly)",29380.949999999997
2021-04-01,SULAWESI TENGAH,"Chili (red, large)",37601.19
2021-04-01,SULAWESI TENGGARA,Chili (bird's eye),63217.2625
2021-04-01,SULAWESI TENGGARA,"Chili (bird's eye, green)",57785.715
2021-04-01,SULAWESI TENGGARA,"Chili (bird's eye, red)",68648.81
2021-04-01,SULAWESI TENGGARA,Chili (red),42035.715
2021-04-01,SULAWESI TENGGARA,"Chili (red, curly)",43255.9525
2021-04-01,SULAWESI TENGGARA,"Chili (red, large)",39154.7625
2021-04-01,SULAWESI UTARA,Chili (bird's eye),72125.0
2021-04-01,SULAWESI UTARA,"Chili (bird's eye, green)",61309.524999999994
2021-04-01,SULAWESI UTARA,"Chili (bird's eye, red)",82940.475
2021-04-01,SULAWESI UTARA,Chili (red),37809.52
2021-04-01,SULAWESI UTARA,"Chili (red, curly)",39928.57
2021-04-01,SUMATERA BARAT,Chili (bird's eye),42583.3325
2021-04-01,SUMATERA BARAT,"Chili (bird's eye, green)",42583.3325
2021-04-01,SUMATERA BARAT,Chili (red),41095.24
2021-04-01,SUMATERA BARAT,"Chili (red, curly)",41095.24
2021-04-01,SUMATERA SELATAN,Chili (bird's eye),67785.715
2021-04-01,SUMATERA SELATAN,"Chili (bird's eye, green)",55253.97
2021-04-01,SUMATERA SELATAN,"Chili (bird's eye, red)",69849.20666666667
2021-04-01,SUMATERA SELATAN,Chili (red),47785.71333333334
2021-04-01,SUMATERA SELATAN,"Chili (red, curly)",47523.81
2021-04-01,SUMATERA SELATAN,"Chili (red, large)",48047.619999999995
2021-04-01,SUMATERA UTARA,Chili (bird's eye),38200.001000000004
2021-04-01,SUMATERA UTARA,"Chili (bird's eye, green)",37640.87333333333
2021-04-01,SUMATERA UTARA,"Chili (bird's eye, red)",36207.740000000005
2021-04-01,SUMATERA UTARA,Chili (red),38880.95181818181
2021-04-01,SUMATERA UTARA,"Chili (red, curly)",38474.35846153846
2021-05-01,ACEH,Chili (bird's eye),36730.39166666667
2021-05-01,ACEH,"Chili (bird's eye, green)",38191.175
2021-05-01,ACEH,Chili (red),35112.74333333334
2021-05-01,ACEH,"Chili (red, curly)",35112.74333333334
2021-05-01,BALI,Chili (bird's eye),33389.705
2021-05-01,BALI,"Chili (bird's eye, green)",25617.644999999997
2021-05-01,BALI,"Chili (bird's eye, red)",40198.5275
2021-05-01,BALI,Chili (red),28264.705
2021-05-01,BALI,"Chili (red, curly)",34588.2375
2021-05-01,BALI,"Chili (red, large)",25661.7675
2021-05-01,BANTEN,Chili (bird's eye),43651.96166666666
2021-05-01,BANTEN,"Chili (bird's eye, green)",32323.528000000002
2021-05-01,BANTEN,"Chili (bird's eye, red)",54769.60833333334
2021-05-01,BANTEN,Chili (red),40937.5
2021-05-01,BANTEN,"Chili (red, curly)",35382.355
2021-05-01,BANTEN,"Chili (red, large)",43250.00166666667
2021-05-01,BENGKULU,Chili (bird's eye),31755.885
2021-05-01,BENGKULU,"Chili (bird's eye, green)",33110.295
2021-05-01,BENGKULU,"Chili (bird's eye, red)",31325.735
2021-05-01,BENGKULU,Chili (red),26474.265
2021-05-01,BENGKULU,"Chili (red, curly)",29948.53
2021-05-01,BENGKULU,"Chili (red, large)",23000.0
2021-05-01,DAERAH ISTIMEWA YOGYAKARTA,Chili (bird's eye),36911.76
2021-05-01,DAERAH ISTIMEWA YOGYAKARTA,"Chili (bird's eye, green)",31102.940000000002
2021-05-01,DAERAH ISTIMEWA YOGYAKARTA,"Chili (bird's eye, red)",44485.295
2021-05-01,DAERAH ISTIMEWA YOGYAKARTA,Chili (red),36801.47
2021-05-01,DAERAH ISTIMEWA YOGYAKARTA,"Chili (red, curly)",29117.644999999997
2021-05-01,DAERAH ISTIMEWA YOGYAKARTA,"Chili (red, large)",44485.295
2021-05-01,DKI JAKARTA,Chili (bird's eye),51372.549999999996
2021-05-01,DKI JAKARTA,"Chili (bird's eye, green)",38431.37
2021-05-01,DKI JAKARTA,"Chili (bird's eye, red)",64313.723333333335
2021-05-01,DKI JAKARTA,Chili (red),50343.136666666665
2021-05-01,DKI JAKARTA,"Chili (red, curly)",42352.94
2021-05-01,DKI JAKARTA,"Chili (red, large)",58333.333333333336
2021-05-01,GORONTALO,Chili (bird's eye),73676.47333333333
2021-05-01,GORONTALO,"Chili (bird's eye, green)",61764.71
2021-05-01,GORONTALO,"Chili (bird's eye, red)",76470.59000000001
2021-05-01,GORONTALO,"Chili (red, curly)",33892.15333333333
2021-05-01,JAMBI,Chili (bird's eye),42091.912500000006
2021-05-01,JAMBI,"Chili (bird's eye, green)",34367.645000000004
2021-05-01,JAMBI,"Chili (bird's eye, red)",55727.9425
2021-05-01,JAMBI,Chili (red),23362.743333333332
2021-05-01,JAMBI,"Chili (red, curly)",22999.9975
2021-05-01,JAMBI,"Chili (red, large)",23411.765
2021-05-01,JAWA BARAT,Chili (bird's eye),45687.868
2021-05-01,JAWA BARAT,"Chili (bird's eye, green)",36275.275
2021-05-01,JAWA BARAT,"Chili (bird's eye, red)",57922.99888888889
2021-05-01,JAWA BARAT,Chili (red),40709.17941176471
2021-05-01,JAWA BARAT,"Chili (red, curly)",38433.823333333334
2021-05-01,JAWA BARAT,"Chili (red, large)",43771.75166666667
2021-05-01,JAWA TENGAH,Chili (bird's eye),37419.51818181818
2021-05-01,JAWA TENGAH,"Chili (bird's eye, green)",28303.30916666667
2021-05-01,JAWA TENGAH,"Chili (bird's eye, red)",46361.518749999996
2021-05-01,JAWA TENGAH,Chili (red),31933.0875
2021-05-01,JAWA TENGAH,"Chili (red, curly)",29290.44083333333
2021-05-01,JAWA TENGAH,"Chili (red, large)",34264.706086956525
2021-05-01,JAWA TIMUR,Chili (bird's eye),30516.436470588233
2021-05-01,JAWA TIMUR,"Chili (bird's eye, green)",21809.59736842105
2021-05-01,JAWA TIMUR,"Chili (bird's eye, red)",40154.411875
2021-05-01,JAWA TIMUR,Chili (red),32843.425294117646
2021-05-01,JAWA TIMUR,"Chili (red, curly)",33386.877692307695
2021-05-01,JAWA TIMUR,"Chili (red, large)",32989.164210526316
2021-05-01,KALIMANTAN BARAT,Chili (bird's eye),47901.8825
2021-05-01,KALIMANTAN BARAT,"Chili (bird's eye, green)",42766.3125
2021-05-01,KALIMANTAN BARAT,"Chili (bird's eye, red)",53037.45375
2021-05-01,KALIMANTAN BARAT,Chili (red),39159.742000000006
2021-05-01,KALIMANTAN BARAT,"Chili (red, curly)",32390.01
2021-05-01,KALIMANTAN BARAT,"Chili (red, large)",34245.405
2021-05-01,KALIMANTAN SELATAN,Chili (bird's eye),58437.5
2021-05-01,KALIMANTAN SELATAN,"Chili (bird's eye, green)",41029.4125
2021-05-01,KALIMANTAN SELATAN,"Chili (bird's eye, red)",75845.585
2021-05-01,KALIMANTAN SELATAN,Chili (red),47286.765
2021-05-01,KALIMANTAN SELATAN,"Chili (red, curly)",48044.12
2021-05-01,KALIMANTAN SELATAN,"Chili (red, large)",46529.4125
2021-05-01,KALIMANTAN TENGAH,Chili (bird's eye),68308.82333333333
2021-05-01,KALIMANTAN TENGAH,"Chili (bird's eye, green)",47720.5875
2021-05-01,KALIMANTAN TENGAH,"Chili (bird's eye, red)",87389.7075
2021-05-01,KALIMANTAN TENGAH,Chili (red),76856.6175
2021-05-01,KALIMANTAN TENGAH,"Chili (red, curly)",76250.0
2021-05-01,KALIMANTAN TENGAH,"Chili (red, large)",77463.235
2021-05-01,KALIMANTAN TIMUR,Chili (bird's eye),63174.02166666667
2021-05-01,KALIMANTAN TIMUR,"Chili (bird's eye, green)",54632.355
2021-05-01,KALIMANTAN TIMUR,"Chili (bird's eye, red)",71715.68666666666
2021-05-01,KALIMANTAN TIMUR,Chili (red),44970.5875
2021-05-01,KALIMANTAN TIMUR,"Chili (red, curly)",42877.45166666667
2021-05-01,KALIMANTAN TIMUR,"Chili (red, large)",50416.665
2021-05-01,KALIMANTAN UTARA,Chili (bird's eye),101929.6875
2021-05-01,KALIMANTAN UTARA,"Chili (bird's eye, green)",109633.7325
2021-05-01,KALIMANTAN UTARA,"Chili (bird's eye, red)",94225.6425
2021-05-01,KALIMANTAN UTARA,Chili (red),51744.025
2021-05-01,KALIMANTAN UTARA,"Chili (red, curly)",48967.52333333334
2021-05-01,KALIMANTAN UTARA,"Chili (red, large)",53012.4075
2021-05-01,KEPULAUAN BANGKA BELITUNG,Chili (bird's eye),48455.880000000005
2021-05-01,KEPULAUAN BANGKA BELITUNG,"Chili (bird's eye, green)",45294.1175
2021-05-01,KEPULAUAN BANGKA BELITUNG,"Chili (bird's eye, red)",49301.47
2021-05-01,KEPULAUAN BANGKA BELITUNG,Chili (red),59838.235
2021-05-01,KEPULAUAN BANGKA BELITUNG,"Chili (red, curly)",39676.4725
2021-05-01,KEPULAUAN BANGKA BELITUNG,"Chili (red, large)",80000.0
2021-05-01,KEPULAUAN RIAU,Chili (bird's eye),33752.942
2021-05-01,KEPULAUAN RIAU,"Chili (bird's eye, green)",33752.942
2021-05-01,KEPULAUAN RIAU,Chili (red),36352.94
2021-05-01,KEPULAUAN RIAU,"Chili (red, curly)",35847.058000000005
2021-05-01,LAMPUNG,Chili (bird's eye),42272.0575
2021-05-01,LAMPUNG,"Chili (bird's eye, green)",37176.47
2021-05-01,LAMPUNG,"Chili (bird's eye, red)",47367.65
2021-05-01,LAMPUNG,Chili (red),24404.41
2021-05-01,LAMPUNG,"Chili (red, curly)",26764.705
2021-05-01,LAMPUNG,"Chili (red, large)",37872.54666666667
2021-05-01,MALUKU,Chili (bird's eye),95147.0575
2021-05-01,MALUKU,"Chili (bird's eye, green)",43970.59
2021-05-01,MALUKU,"Chili (bird's eye, red)",101397.0575
2021-05-01,MALUKU,Chili (red),59356.6175
2021-05-01,MALUKU,"Chili (red, curly)",57610.2925
2021-05-01,MALUKU,"Chili (red, large)",50000.0
2021-05-01,MALUKU UTARA,Chili (bird's eye),107500.0
2021-05-01,MALUKU UTARA,"Chili (bird's eye, green)",119705.88
2021-05-01,MALUKU UTARA,"Chili (bird's eye, red)",95294.12
2021-05-01,MALUKU UTARA,Chili (red),45882.354999999996
2021-05-01,MALUKU UTARA,"Chili (red, curly)",55000.0
2021-05-01,MALUKU UTARA,"Chili (red, large)",36764.71
2021-05-01,NUSA TENGGARA BARAT,Chili (bird's eye),48264.708
2021-05-01,NUSA TENGGARA BARAT,"Chili (bird's eye, green)",28676.47
2021-05-01,NUSA TENGGARA BARAT,"Chili (bird's eye, red)",61529.412
2021-05-01,NUSA TENGGARA BARAT,Chili (red),40750.0
2021-05-01,NUSA TENGGARA BARAT,"Chili (red, curly)",41647.058000000005
2021-05-01,NUSA TENGGARA BARAT,"Chili (red, large)",35094.118
2021-05-01,NUSA TENGGARA TIMUR,Chili (bird's eye),82422.55
2021-05-01,NUSA TENGGARA TIMUR,"Chili (bird's eye, green)",62230.39166666666
2021-05-01,NUSA TENGGARA TIMUR,"Chili (bird's eye, red)",102607.35166666667
2021-05-01,NUSA TENGGARA TIMUR,Chili (red),69571.07666666668
2021-05-01,NUSA TENGGARA TIMUR,"Chili (red, curly)",71568.62833333334
2021-05-01,NUSA TENGGARA TIMUR,"Chili (red, large)",67573.52666666666
2021-05-01,PAPUA,Chili (bird's eye),89769.04000000001
2021-05-01,PAPUA,"Chili (bird's eye, green)",70323.75875
2021-05-01,PAPUA,"Chili (bird's eye, red)",117544.1175
2021-05-01,PAPUA,Chili (red),75249.60714285714
2021-05-01,PAPUA,"Chili (red, curly)",77691.63625
2021-05-01,PAPUA,"Chili (red, large)",72230.46875
2021-05-01,PAPUA BARAT,Chili (bird's eye),74779.4125
2021-05-01,PAPUA BARAT,"Chili (bird's eye, red)",74779.4125
2021-05-01,PAPUA BARAT,Chili (red),54375.0
2021-05-01,PAPUA BARAT,"Chili (red, curly)",51691.1775
2021-05-01,PAPUA BARAT,"Chili (red, large)",57058.825
2021-05-01,RIAU,Chili (bird's eye),44863.97
2021-05-01,RIAU,"Chili (bird's eye, green)",32739.494285714285
2021-05-01,RIAU,"Chili (bird's eye, red)",70036.765
2021-05-01,RIAU,Chili (red),32154.4125
2021-05-01,RIAU,"Chili (red, curly)",33992.6475
2021-05-01,RIAU,"Chili (red, large)",28107.843333333334
2021-05-01,SULAWESI BARAT,Chili (bird's eye),33867.6475
2021-05-01,SULAWESI BARAT,"Chili (bird's eye, green)",25450.98
2021-05-01,SULAWESI BARAT,"Chili (bird's eye, red)",40448.53
2021-05-01,SULAWESI BARAT,Chili (red),25568.63
2021-05-01,SULAWESI BARAT,"Chili (red, curly)",25301.47
2021-05-01,SULAWESI BARAT,"Chili (red, large)",26573.53
2021-05-01,SULAWESI SELATAN,Chili (bird's eye),43197.058999999994
2021-05-01,SULAWESI SELATAN,"Chili (bird's eye, red)",43197.058999999994
2021-05-01,SULAWESI SELATAN,Chili (red),27364.377777777776
2021-05-01,SULAWESI SELATAN,"Chili (red, curly)",30511.764000000003
2021-05-01,SULAWESI SELATAN,"Chili (red, large)",24552.942
2021-05-01,SULAWESI TENGAH,Chili (bird's eye),66617.64499999999
2021-05-01,SULAWESI TENGAH,"Chili (bird's eye, green)",61176.47
2021-05-01,SULAWESI TENGAH,"Chili (bird's eye, red)",72058.82500000001
2021-05-01,SULAWESI TENGAH,Chili (red),24279.41
2021-05-01,SULAWESI TENGAH,"Chili (red, curly)",18779.415
2021-05-01,SULAWESI TENGAH,"Chili (red, large)",29779.41
2021-05-01,SULAWESI TENGGARA,Chili (bird's eye),50165.44
2021-05-01,SULAWESI TENGGARA,"Chili (bird's eye, green)",46139.705
2021-05-01,SULAWESI TENGGARA,"Chili (bird's eye, red)",54191.175
2021-05-01,SULAWESI TENGGARA,Chili (red),33058.823333333334
2021-05-01,SULAWESI TENGGARA,"Chili (red, curly)",35529.415
2021-05-01,SULAWESI TENGGARA,"Chili (red, large)",32955.8825
2021-05-01,SULAWESI UTARA,Chili (bird's eye),63029.41
2021-05-01,SULAWESI UTARA,"Chili (bird's eye, green)",49779.41
2021-05-01,SULAWESI UTARA,"Chili (bird's eye, red)",76279.41
2021-05-01,SULAWESI UTARA,Chili (red),33058.825
2021-05-01,SULAWESI UTARA,"Chili (red, curly)",34970.59
2021-05-01,SUMATERA BARAT,Chili (bird's eye),34830.88
2021-05-01,SUMATERA BARAT,"Chili (bird's eye, green)",34830.88
2021-05-01,SUMATERA BARAT,Chili (red),30257.3525
2021-05-01,SUMATERA BARAT,"Chili (red, curly)",30257.3525
2021-05-01,SUMATERA SELATAN,Chili (bird's eye),55721.97
2021-05-01,SUMATERA SELATAN,"Chili (bird's eye, green)",47105.39333333333
2021-05-01,SUMATERA SELATAN,"Chili (bird's eye, red)",52337.62333333333
2021-05-01,SUMATERA SELATAN,Chili (red),37500.0
2021-05-01,SUMATERA SELATAN,"Chili (red, curly)",37550.24333333334
2021-05-01,SUMATERA SELATAN,"Chili (red, large)",37449.753333333334
2021-05-01,SUMATERA UTARA,Chili (bird's eye),29941.176
2021-05-01,SUMATERA UTARA,"Chili (bird's eye, green)",30090.685833333333
2021-05-01,SUMATERA UTARA,"Chili (bird's eye, red)",28698.5275
2021-05-01,SUMATERA UTARA,Chili (red),28783.42272727273
2021-05-01,SUMATERA UTARA,"Chili (red, curly)",28321.26692307692
2021-06-01,ACEH,Chili (bird's eye),32053.57
2021-06-01,ACEH,"Chili (bird's eye, green)",32232.14
2021-06-01,ACEH,Chili (red),24601.428
2021-06-01,ACEH,"Chili (red, curly)",24862.301666666666
2021-06-01,BALI,Chili (bird's eye),25511.9025
2021-06-01,BALI,"Chili (bird's eye, green)",20625.0
2021-06-01,BALI,"Chili (bird's eye, red)",30398.8075
2021-06-01,BALI,Chili (red),18470.2375
2021-06-01,BALI,"Chili (red, curly)",23892.8575
2021-06-01,BALI,"Chili (red, large)",16613.095
2021-06-01,BANTEN,Chili (bird's eye),38289.681666666664
2021-06-01,BANTEN,"Chili (bird's eye, green)",32200.0
2021-06-01,BANTEN,"Chili (bird's eye, red)",44563.49333333334
2021-06-01,BANTEN,Chili (red),32476.19
2021-06-01,BANTEN,"Chili (red, curly)",27091.26833333333
2021-06-01,BANTEN,"Chili (red, large)",31281.748333333333
2021-06-01,BENGKULU,Chili (bird's eye),29931.743333333336
2021-06-01,BENGKULU,"Chili (bird's eye, green)",31636.905
2021-06-01,BENGKULU,"Chili (bird's eye, red)",26036.3075
2021-06-01,BENGKULU,Chili (red),21833.3325
2021-06-01,BENGKULU,"Chili (red, curly)",24172.6175
2021-06-01,BENGKULU,"Chili (red, large)",19494.05
2021-06-01,DAERAH ISTIMEWA YOGYAKARTA,Chili (bird's eye),29196.43
2021-06-01,DAERAH ISTIMEWA YOGYAKARTA,"Chili (bird's eye, green)",25309.525
2021-06-01,DAERAH ISTIMEWA YOGYAKARTA,"Chili (bird's eye, red)",33083.33500000001
2021-06-01,DAERAH ISTIMEWA YOGYAKARTA,Chili (red),22005.95
2021-06-01,DAERAH ISTIMEWA YOGYAKARTA,"Chili (red, curly)",18571.425
2021-06-01,DAERAH ISTIMEWA YOGYAKARTA,"Chili (red, large)",25440.48
2021-06-01,DKI JAKARTA,Chili (bird's eye),41884.920000000006
2021-06-01,DKI JAKARTA,"Chili (bird's eye, green)",34801.58666666667
2021-06-01,DKI JAKARTA,"Chili (bird's eye, red)",48968.253333333334
2021-06-01,DKI JAKARTA,Chili (red),33823.01666666667
2021-06-01,DKI JAKARTA,"Chili (red, curly)",29960.316666666666
2021-06-01,DKI JAKARTA,"Chili (red, large)",37682.54
2021-06-01,GORONTALO,Chili (bird's eye),72718.25
2021-06-01,GORONTALO,"Chili (bird's eye, green)",64523.81
2021-06-01,GORONTALO,"Chili (bird's eye, red)",74722.22
2021-06-01,GORONTALO,Chili (red),30714.29
2021-06-01,GORONTALO,"Chili (red, curly)",28896.826666666664
2021-06-01,JAMBI,Chili (bird's eye),38223.2175
2021-06-01,JAMBI,"Chili (bird's eye, green)",32634.923333333336
2021-06-01,JAMBI,"Chili (bird's eye, red)",44821.43
2021-06-01,JAMBI,Chili (red),19077.38
2021-06-01,JAMBI,"Chili (red, curly)",18738.0925
2021-06-01,JAMBI,"Chili (red, large)",19416.6675
2021-06-01,JAWA BARAT,Chili (bird's eye),37705.358125
2021-06-01,JAWA BARAT,"Chili (bird's eye, green)",31968.750625
2021-06-01,JAWA BARAT,"Chili (bird's eye, red)",43194.444444444445
2021-06-01,JAWA BARAT,Chili (red),28116.24588235294
2021-06-01,JAWA BARAT,"Chili (red, curly)",26817.460555555554
2021-06-01,JAWA BARAT,"Chili (red, large)",29892.856111111112
2021-06-01,JAWA TENGAH,Chili (bird's eye),30556.602272727272
2021-06-01,JAWA TENGAH,"Chili (bird's eye, green)",26241.071249999997
2021-06-01,JAWA TENGAH,"Chili (bird's eye, red)",36033.73
2021-06-01,JAWA TENGAH,Chili (red),21230.45
2021-06-01,JAWA TENGAH,"Chili (red, curly)",19704.861249999998
2021-06-01,JAWA TENGAH,"Chili (red, large)",23130.953913043475
2021-06-01,JAWA TIMUR,Chili (bird's eye),27418.187222222223
2021-06-01,JAWA TIMUR,"Chili (bird's eye, green)",22297.751111111113
2021-06-01,JAWA TIMUR,"Chili (bird's eye, red)",32983.47352941177
2021-06-01,JAWA TIMUR,Chili (red),20007.77411764706
2021-06-01,JAWA TIMUR,"Chili (red, curly)",21514.653076923078
2021-06-01,JAWA TIMUR,"Chili (red, large)",20359.712631578946
2021-06-01,KALIMANTAN BARAT,Chili (bird's eye),34337.7975
2021-06-01,KALIMANTAN BARAT,"Chili (bird's eye, green)",30699.40375
2021-06-01,KALIMANTAN BARAT,"Chili (bird's eye, red)",37976.19125
2021-06-01,KALIMANTAN BARAT,Chili (red),29037.696666666667
2021-06-01,KALIMANTAN BARAT,"Chili (red, curly)",29652.379999999997
2021-06-01,KALIMANTAN BARAT,"Chili (red, large)",30005.95125
2021-06-01,KALIMANTAN SELATAN,Chili (bird's eye),48657.7375
2021-06-01,KALIMANTAN SELATAN,"Chili (bird's eye, green)",35767.854999999996
2021-06-01,KALIMANTAN SELATAN,"Chili (bird's eye, red)",61547.619999999995
2021-06-01,KALIMANTAN SELATAN,Chili (red),35041.6675
2021-06-01,KALIMANTAN SELATAN,"Chili (red, curly)",36125.0025
2021-06-01,KALIMANTAN SELATAN,"Chili (red, large)",33958.3325
2021-06-01,KALIMANTAN TENGAH,Chili (bird's eye),53666.665
2021-06-01,KALIMANTAN TENGAH,"Chili (bird's eye, green)",40674.1075
2021-06-01,KALIMANTAN TENGAH,"Chili (bird's eye, red)",67521.82666666668
2021-06-01,KALIMANTAN TENGAH,Chili (red),61932.2925
2021-06-01,KALIMANTAN TENGAH,"Chili (red, curly)",61252.9775
2021-06-01,KALIMANTAN TENGAH,"Chili (red, large)",62611.6075
2021-06-01,KALIMANTAN TIMUR,Chili (bird's eye),53849.204999999994
2021-06-01,KALIMANTAN TIMUR,"Chili (bird's eye, green)",51607.14166666666
2021-06-01,KALIMANTAN TIMUR,"Chili (bird's eye, red)",56091.27
2021-06-01,KALIMANTAN TIMUR,Chili (red),41726.19
2021-06-01,KALIMANTAN TIMUR,"Chili (red, curly)",37559.52333333334
2021-06-01,KALIMANTAN TIMUR,"Chili (red, large)",40873.015
2021-06-01,KALIMANTAN UTARA,Chili (bird's eye),89563.245
2021-06-01,KALIMANTAN UTARA,"Chili (bird's eye, green)",97897.3225
2021-06-01,KALIMANTAN UTARA,"Chili (bird's eye, red)",81229.17
2021-06-01,KALIMANTAN UTARA,Chili (red),45630.9525
2021-06-01,KALIMANTAN UTARA,"Chili (red, curly)",44126.98333333334
2021-06-01,KALIMANTAN UTARA,"Chili (red, large)",45354.1675
2021-06-01,KEPULAUAN BANGKA BELITUNG,Chili (bird's eye),44488.1
2021-06-01,KEPULAUAN BANGKA BELITUNG,"Chili (bird's eye, green)",42101.192500000005
2021-06-01,KEPULAUAN BANGKA BELITUNG,"Chili (bird's eye, red)",47089.2825
2021-06-01,KEPULAUAN BANGKA BELITUNG,Chili (red),51479.165
2021-06-01,KEPULAUAN BANGKA BELITUNG,"Chili (red, curly)",27958.3325
2021-06-01,KEPULAUAN BANGKA BELITUNG,"Chili (red, large)",75000.0
2021-06-01,KEPULAUAN RIAU,Chili (bird's eye),34114.286
2021-06-01,KEPULAUAN RIAU,"Chili (bird's eye, green)",34114.286
2021-06-01,KEPULAUAN RIAU,Chili (red),31690.475
2021-06-01,KEPULAUAN RIAU,"Chili (red, curly)",30561.904
2021-06-01,LAMPUNG,Chili (bird's eye),38315.475000000006
2021-06-01,LAMPUNG,"Chili (bird's eye, green)",41007.93666666667
2021-06-01,LAMPUNG,"Chili (bird's eye, red)",38422.6175
2021-06-01,LAMPUNG,Chili (red),17505.955
2021-06-01,LAMPUNG,"Chili (red, curly)",20755.95
2021-06-01,LAMPUNG,"Chili (red, large)",31087.303333333333
2021-06-01,MALUKU,Chili (bird's eye),67996.03333333334
2021-06-01,MALUKU,"Chili (bird's eye, green)",46428.57
2021-06-01,MALUKU,"Chili (bird's eye, red)",79375.0
2021-06-01,MALUKU,Chili (red),61026.784999999996
2021-06-01,MALUKU,"Chili (red, curly)",52896.823333333334
2021-06-01,MALUKU,"Chili (red, large)",50000.0
2021-06-01,MALUKU UTARA,Chili (bird's eye),103690.475
2021-06-01,MALUKU UTARA,"Chili (bird's eye, green)",120000.0
2021-06-01,MALUKU UTARA,"Chili (bird's eye, red)",87380.95
2021-06-01,MALUKU UTARA,Chili (red),44702.380000000005
2021-06-01,MALUKU UTARA,"Chili (red, curly)",52619.05
2021-06-01,MALUKU UTARA,"Chili (red, large)",36785.71
2021-06-01,NUSA TENGGARA BARAT,Chili (bird's eye),32719.048
2021-06-01,NUSA TENGGARA BARAT,"Chili (bird's eye, green)",21553.572500000002
2021-06-01,NUSA TENGGARA BARAT,"Chili (bird's eye, red)",40566.666000000005
2021-06-01,NUSA TENGGARA BARAT,Chili (red),32555.556666666667
2021-06-01,NUSA TENGGARA BARAT,"Chili (red, curly)",31719.046000000002
2021-06-01,NUSA TENGGARA BARAT,"Chili (red, large)",25517.8575
2021-06-01,NUSA TENGGARA TIMUR,Chili (bird's eye),75307.93666666666
2021-06-01,NUSA TENGGARA TIMUR,"Chili (bird's eye, green)",62619.04833333333
2021-06-01,NUSA TENGGARA TIMUR,"Chili (bird's eye, red)",87984.92
2021-06-01,NUSA TENGGARA TIMUR,Chili (red),56730.954000000005
2021-06-01,NUSA TENGGARA TIMUR,"Chili (red, curly)",58531.744999999995
2021-06-01,NUSA TENGGARA TIMUR,"Chili (red, large)",57031.746666666666
2021-06-01,PAPUA,Chili (bird's eye),71673.61166666666
2021-06-01,PAPUA,"Chili (bird's eye, green)",59620.74857142857
2021-06-01,PAPUA,"Chili (bird's eye, red)",96726.19125
2021-06-01,PAPUA,Chili (red),68420.91714285714
2021-06-01,PAPUA,"Chili (red, curly)",67084.82125000001
2021-06-01,PAPUA,"Chili (red, large)",70508.92875
2021-06-01,PAPUA BARAT,Chili (bird's eye),86190.475
2021-06-01,PAPUA BARAT,"Chili (bird's eye, red)",86190.475
2021-06-01,PAPUA BARAT,Chili (red),55555.55333333334
2021-06-01,PAPUA BARAT,"Chili (red, curly)",53690.475
2021-06-01,PAPUA BARAT,"Chili (red, large)",55833.3325
2021-06-01,RIAU,Chili (bird's eye),38217.68571428571
2021-06-01,RIAU,"Chili (bird's eye, green)",32496.59857142857
2021-06-01,RIAU,"Chili (bird's eye, red)",56190.475
2021-06-01,RIAU,Chili (red),25110.11875
2021-06-01,RIAU,"Chili (red, curly)",27318.45125
2021-06-01,RIAU,"Chili (red, large)",20543.649999999998
2021-06-01,SULAWESI BARAT,Chili (bird's eye),32059.525
2021-06-01,SULAWESI BARAT,"Chili (bird's eye, green)",20920.63666666667
2021-06-01,SULAWESI BARAT,"Chili (bird's eye, red)",40005.9525
2021-06-01,SULAWESI BARAT,Chili (red),24288.6925
2021-06-01,SULAWESI BARAT,"Chili (red, curly)",25279.7625
2021-06-01,SULAWESI BARAT,"Chili (red, large)",23297.6175
2021-06-01,SULAWESI SELATAN,Chili (bird's eye),45428.57
2021-06-01,SULAWESI SELATAN,"Chili (bird's eye, red)",45719.046
2021-06-01,SULAWESI SELATAN,Chili (red),24389.285
2021-06-01,SULAWESI SELATAN,"Chili (red, curly)",26990.478000000003
2021-06-01,SULAWESI SELATAN,"Chili (red, large)",21788.095
2021-06-01,SULAWESI TENGAH,Chili (bird's eye),68690.475
2021-06-01,SULAWESI TENGAH,"Chili (bird's eye, green)",62738.095
2021-06-01,SULAWESI TENGAH,"Chili (bird's eye, red)",74642.855
2021-06-01,SULAWESI TENGAH,Chili (red),23761.905
2021-06-01,SULAWESI TENGAH,"Chili (red, curly)",21809.525
2021-06-01,SULAWESI TENGAH,"Chili (red, large)",25714.285
2021-06-01,SULAWESI TENGGARA,Chili (bird's eye),56443.45
2021-06-01,SULAWESI TENGGARA,"Chili (bird's eye, green)",52261.905
2021-06-01,SULAWESI TENGGARA,"Chili (bird's eye, red)",60624.9975
2021-06-01,SULAWESI TENGGARA,"Chili (red, curly)",35625.0
2021-06-01,SULAWESI TENGGARA,"Chili (red, large)",32946.43
2021-06-01,SULAWESI UTARA,Chili (bird's eye),58113.095
2021-06-01,SULAWESI UTARA,"Chili (bird's eye, green)",45321.43
2021-06-01,SULAWESI UTARA,"Chili (bird's eye, red)",70904.76000000001
2021-06-01,SULAWESI UTARA,Chili (red),25321.43
2021-06-01,SULAWESI UTARA,"Chili (red, curly)",28023.81
2021-06-01,SUMATERA BARAT,Chili (bird's eye),36339.2875
2021-06-01,SUMATERA BARAT,"Chili (bird's eye, green)",36339.2875
2021-06-01,SUMATERA BARAT,Chili (red),23875.0
2021-06-01,SUMATERA BARAT,"Chili (red, curly)",23875.0
2021-06-01,SUMATERA SELATAN,Chili (bird's eye),44753.97
2021-06-01,SUMATERA SELATAN,"Chili (bird's eye, green)",42952.38
2021-06-01,SUMATERA SELATAN,"Chili (bird's eye, red)",46555.55333333334
2021-06-01,SUMATERA SELATAN,Chili (red),29210.316666666666
2021-06-01,SUMATERA SELATAN,"Chili (red, curly)",29904.76
2021-06-01,SUMATERA SELATAN,"Chili (red, large)",28515.873333333333
2021-06-01,SUMATERA UTARA,Chili (bird's eye),28746.753636363635
2021-06-01,SUMATERA UTARA,"Chili (bird's eye, green)",28619.047692307693
2021-06-01,SUMATERA UTARA,"Chili (bird's eye, red)",26113.095
2021-06-01,SUMATERA UTARA,Chili (red),23003.372499999998
2021-06-01,SUMATERA UTARA,"Chili (red, curly)",22772.343846153843
2021-07-01,ACEH,Chili (bird's eye),42142.85833333333
2021-07-01,ACEH,"Chili (bird's eye, green)",43647.62
2021-07-01,ACEH,Chili (red),40434.525
2021-07-01,ACEH,"Chili (red, curly)",40480.159999999996
2021-07-01,ACEH,"Chili (red, large)",29000.0
2021-07-01,BALI,Chili (bird's eye),37824.405
2021-07-01,BALI,"Chili (bird's eye, green)",29601.1925
2021-07-01,BALI,"Chili (bird's eye, red)",46047.619999999995
2021-07-01,BALI,Chili (red),16586.309999999998
2021-07-01,BALI,"Chili (red, curly)",23107.1425
2021-07-01,BALI,"Chili (red, large)",13619.0475
2021-07-01,BANTEN,Chili (bird's eye),50035.71333333334
2021-07-01,BANTEN,"Chili (bird's eye, green)",32947.62
2021-07-01,BANTEN,"Chili (bird's eye, red)",66285.71666666666
2021-07-01,BANTEN,Chili (red),30851.190000000002
2021-07-01,BANTEN,"Chili (red, curly)",30059.52333333333
2021-07-01,BANTEN,"Chili (red, large)",32369.046666666665
2021-07-01,BENGKULU,Chili (bird's eye),36767.86
2021-07-01,BENGKULU,"Chili (bird's eye, green)",39011.905
2021-07-01,BENGKULU,"Chili (bird's eye, red)",35327.9775
2021-07-01,BENGKULU,Chili (red),27750.0
2021-07-01,BENGKULU,"Chili (red, curly)",30291.670000000002
2021-07-01,BENGKULU,"Chili (red, large)",25208.3325
2021-07-01,DAERAH ISTIMEWA YOGYAKARTA,"Chili (bird's eye, green)",28297.615
2021-07-01,DAERAH ISTIMEWA YOGYAKARTA,"Chili (bird's eye, red)",45535.71
2021-07-01,DAERAH ISTIMEWA YOGYAKARTA,Chili (red),21601.190000000002
2021-07-01,DAERAH ISTIMEWA YOGYAKARTA,"Chili (red, curly)",21023.809999999998
2021-07-01,DAERAH ISTIMEWA YOGYAKARTA,"Chili (red, large)",22178.574999999997
2021-07-01,DKI JAKARTA,Chili (bird's eye),54345.24
2021-07-01,DKI JAKARTA,"Chili (bird's eye, green)",37817.46
2021-07-01,DKI JAKARTA,"Chili (bird's eye, red)",70873.01666666666
2021-07-01,DKI JAKARTA,Chili (red),33750.003333333334
2021-07-01,DKI JAKARTA,"Chili (red, curly)",32658.73
2021-07-01,DKI JAKARTA,"Chili (red, large)",34841.27
2021-07-01,GORONTALO,Chili (bird's eye),73940.47666666667
2021-07-01,GORONTALO,"Chili (bird's eye, green)",64761.9
2021-07-01,GORONTALO,"Chili (bird's eye, red)",75587.30333333333
2021-07-01,GORONTALO,Chili (red),39761.9
2021-07-01,GORONTALO,"Chili (red, curly)",38456.34666666667
2021-07-01,JAMBI,Chili (bird's eye),46488.095
2021-07-01,JAMBI,"Chili (bird's eye, green)",36158.73
2021-07-01,JAMBI,"Chili (bird's eye, red)",59226.192500000005
2021-07-01,JAMBI,Chili (red),23851.19
2021-07-01,JAMBI,"Chili (red, curly)",23416.67
2021-07-01,JAMBI,"Chili (red, large)",24285.7125
2021-07-01,JAWA BARAT,Chili (bird's eye),48704.85916666667
2021-07-01,JAWA BARAT,"Chili (bird's eye, green)",33527.53
2021-07-01,JAWA BARAT,"Chili (bird's eye, red)",62498.67722222222
2021-07-01,JAWA BARAT,Chili (red),30838.888
2021-07-01,JAWA BARAT,"Chili (red, curly)",29303.57166666667
2021-07-01,JAWA BARAT,"Chili (red, large)",32935.84722222222
2021-07-01,JAWA TENGAH,Chili (bird's eye),39227.67875
2021-07-01,JAWA TENGAH,"Chili (bird's eye, green)",28855.158750000002
2021-07-01,JAWA TENGAH,"Chili (bird's eye, red)",49600.198333333334
2021-07-01,JAWA TENGAH,Chili (red),20849.073333333334
2021-07-01,JAWA TENGAH,"Chili (red, curly)",20778.27375
2021-07-01,JAWA TENGAH,"Chili (red, large)",22081.26347826087
2021-07-01,JAWA TIMUR,Chili (bird's eye),35618.387777777774
2021-07-01,JAWA TIMUR,"Chili (bird's eye, green)",24144.11
2021-07-01,JAWA TIMUR,"Chili (bird's eye, red)",50553.5725
2021-07-01,JAWA TIMUR,Chili (red),19111.772222222222
2021-07-01,JAWA TIMUR,"Chili (red, curly)",21868.13076923077
2021-07-01,JAWA TIMUR,"Chili (red, large)",18707.393684210525
2021-07-01,KALIMANTAN BARAT,Chili (bird's eye),46699.405
2021-07-01,KALIMANTAN BARAT,"Chili (bird's eye, green)",41440.47625
2021-07-01,KALIMANTAN BARAT,"Chili (bird's eye, red)",51958.3325
2021-07-01,KALIMANTAN BARAT,Chili (red),35654.759999999995
2021-07-01,KALIMANTAN BARAT,"Chili (red, curly)",34626.98333333333
2021-07-01,KALIMANTAN BARAT,"Chili (red, large)",37687.5
2021-07-01,KALIMANTAN SELATAN,Chili (bird's eye),56669.6425
2021-07-01,KALIMANTAN SELATAN,"Chili (bird's eye, green)",41184.5225
2021-07-01,KALIMANTAN SELATAN,"Chili (bird's eye, red)",72154.76000000001
2021-07-01,KALIMANTAN SELATAN,Chili (red),38651.784999999996
2021-07-01,KALIMANTAN SELATAN,"Chili (red, curly)",40154.7625
2021-07-01,KALIMANTAN SELATAN,"Chili (red, large)",37148.81
2021-07-01,KALIMANTAN TENGAH,"Chili (bird's eye, green)",48055.556666666664
2021-07-01,KALIMANTAN TENGAH,"Chili (bird's eye, red)",77658.73
2021-07-01,KALIMANTAN TENGAH,Chili (red),63115.07666666666
2021-07-01,KALIMANTAN TENGAH,"Chili (red, curly)",63174.6
2021-07-01,KALIMANTAN TENGAH,"Chili (red, large)",63055.55333333334
2021-07-01,KALIMANTAN TIMUR,Chili (bird's eye),62123.513333333336
2021-07-01,KALIMANTAN TIMUR,"Chili (bird's eye, green)",56553.57166666666
2021-07-01,KALIMANTAN TIMUR,"Chili (bird's eye, red)",67693.45333333332
2021-07-01,KALIMANTAN TIMUR,Chili (red),47708.332500000004
2021-07-01,KALIMANTAN TIMUR,"Chili (red, curly)",45939.08666666667
2021-07-01,KALIMANTAN TIMUR,"Chili (red, large)",45194.44333333333
2021-07-01,KALIMANTAN UTARA,Chili (bird's eye),90340.775
2021-07-01,KALIMANTAN UTARA,"Chili (bird's eye, green)",96471.725
2021-07-01,KALIMANTAN UTARA,"Chili (bird's eye, red)",84209.82250000001
2021-07-01,KALIMANTAN UTARA,Chili (red),55564.1375
2021-07-01,KALIMANTAN UTARA,"Chili (red, curly)",56997.61666666667
2021-07-01,KALIMANTAN UTARA,"Chili (red, large)",55731.25
2021-07-01,KEPULAUAN BANGKA BELITUNG,Chili (bird's eye),61964.285
2021-07-01,KEPULAUAN BANGKA BELITUNG,"Chili (bird's eye, green)",42827.38
2021-07-01,KEPULAUAN BANGKA BELITUNG,"Chili (bird's eye, red)",83125.0
2021-07-01,KEPULAUAN BANGKA BELITUNG,Chili (red),52232.1425
2021-07-01,KEPULAUAN BANGKA BELITUNG,"Chili (red, curly)",39464.2875
2021-07-01,KEPULAUAN BANGKA BELITUNG,"Chili (red, large)",65000.0
2021-07-01,KEPULAUAN RIAU,Chili (bird's eye),39884.286
2021-07-01,KEPULAUAN RIAU,"Chili (bird's eye, green)",39884.286
2021-07-01,KEPULAUAN RIAU,Chili (red),38311.905
2021-07-01,KEPULAUAN RIAU,"Chili (red, curly)",37715.238
2021-07-01,LAMPUNG,Chili (bird's eye),47000.0
2021-07-01,LAMPUNG,"Chili (bird's eye, green)",43553.57
2021-07-01,LAMPUNG,"Chili (bird's eye, red)",50446.43
2021-07-01,LAMPUNG,Chili (red),27440.476666666666
2021-07-01,LAMPUNG,"Chili (red, curly)",23577.38
2021-07-01,LAMPUNG,"Chili (red, large)",32531.746666666662
2021-07-01,MALUKU,Chili (bird's eye),91527.77666666666
2021-07-01,MALUKU,"Chili (bird's eye, green)",49047.619999999995
2021-07-01,MALUKU,"Chili (bird's eye, red)",104851.19
2021-07-01,MALUKU,Chili (red),68434.52249999999
2021-07-01,MALUKU,"Chili (red, curly)",59079.36666666667
2021-07-01,MALUKU,"Chili (red, large)",47619.05
2021-07-01,MALUKU UTARA,Chili (bird's eye),109047.62
2021-07-01,MALUKU UTARA,"Chili (bird's eye, green)",109047.62
2021-07-01,MALUKU UTARA,"Chili (bird's eye, red)",105476.19
2021-07-01,MALUKU UTARA,Chili (red),55238.095
2021-07-01,MALUKU UTARA,"Chili (red, curly)",61190.48
2021-07-01,MALUKU UTARA,"Chili (red, large)",49285.71
2021-07-01,NUSA TENGGARA BARAT,Chili (bird's eye),41610.0
2021-07-01,NUSA TENGGARA BARAT,"Chili (bird's eye, green)",23981.25
2021-07-01,NUSA TENGGARA BARAT,"Chili (bird's eye, red)",53306.25
2021-07-01,NUSA TENGGARA BARAT,Chili (red),26795.833333333332
2021-07-01,NUSA TENGGARA BARAT,"Chili (red, curly)",30265.0
2021-07-01,NUSA TENGGARA BARAT,"Chili (red, large)",21685.0
2021-07-01,NUSA TENGGARA TIMUR,Chili (bird's eye),84592.46
2021-07-01,NUSA TENGGARA TIMUR,"Chili (bird's eye, green)",70456.34833333333
2021-07-01,NUSA TENGGARA TIMUR,"Chili (bird's eye, red)",98723.80833333333
2021-07-01,NUSA TENGGARA TIMUR,Chili (red),56681.5475
2021-07-01,NUSA TENGGARA TIMUR,"Chili (red, curly)",59027.77833333333
2021-07-01,NUSA TENGGARA TIMUR,"Chili (red, large)",55396.825000000004
2021-07-01,PAPUA,Chili (bird's eye),69738.84
2021-07-01,PAPUA,"Chili (bird's eye, green)",64435.2675
2021-07-01,PAPUA,"Chili (bird's eye, red)",107386.905
2021-07-01,PAPUA,Chili (red),60128.40285714286
2021-07-01,PAPUA,"Chili (red, curly)",59444.941249999996
2021-07-01,PAPUA,"Chili (red, large)",66702.3825
2021-07-01,PAPUA BARAT,Chili (bird's eye),90181.5475
2021-07-01,PAPUA BARAT,"Chili (bird's eye, green)",32500.0
2021-07-01,PAPUA BARAT,"Chili (bird's eye, red)",90985.12
2021-07-01,PAPUA BARAT,Chili (red),63247.0225
2021-07-01,PAPUA BARAT,"Chili (red, curly)",65428.5725
2021-07-01,PAPUA BARAT,"Chili (red, large)",61065.475
2021-07-01,RIAU,Chili (bird's eye),46413.692500000005
2021-07-01,RIAU,"Chili (bird's eye, green)",38897.96
2021-07-01,RIAU,"Chili (bird's eye, red)",67107.1425
2021-07-01,RIAU,Chili (red),30367.56
2021-07-01,RIAU,"Chili (red, curly)",32818.45125
2021-07-01,RIAU,"Chili (red, large)",26142.85666666667
2021-07-01,SULAWESI BARAT,Chili (bird's eye),37395.835
2021-07-01,SULAWESI BARAT,"Chili (bird's eye, green)",27351.190000000002
2021-07-01,SULAWESI BARAT,"Chili (bird's eye, red)",47440.475
2021-07-01,SULAWESI BARAT,Chili (red),28162.696666666667
2021-07-01,SULAWESI BARAT,"Chili (red, curly)",31136.905
2021-07-01,SULAWESI BARAT,"Chili (red, large)",26267.857500000002
2021-07-01,SULAWESI SELATAN,Chili (bird's eye),48436.50888888889
2021-07-01,SULAWESI SELATAN,"Chili (bird's eye, red)",50320.10666666667
2021-07-01,SULAWESI SELATAN,Chili (red),26187.83111111111
2021-07-01,SULAWESI SELATAN,"Chili (red, curly)",31247.620000000003
2021-07-01,SULAWESI SELATAN,"Chili (red, large)",21523.809
2021-07-01,SULAWESI TENGAH,Chili (bird's eye),74613.095
2021-07-01,SULAWESI TENGAH,"Chili (bird's eye, green)",68809.525
2021-07-01,SULAWESI TENGAH,"Chili (bird's eye, red)",80416.665
2021-07-01,SULAWESI TENGAH,Chili (red),30244.05
2021-07-01,SULAWESI TENGAH,"Chili (red, curly)",28285.715
2021-07-01,SULAWESI TENGAH,"Chili (red, large)",32202.38
2021-07-01,SULAWESI TENGGARA,Chili (bird's eye),67190.475
2021-07-01,SULAWESI TENGGARA,"Chili (bird's eye, green)",61255.95
2021-07-01,SULAWESI TENGGARA,"Chili (bird's eye, red)",73124.9975
2021-07-01,SULAWESI TENGGARA,Chili (red),41468.253333333334
2021-07-01,SULAWESI TENGGARA,"Chili (red, curly)",42738.0925
2021-07-01,SULAWESI TENGGARA,"Chili (red, large)",39273.81
2021-07-01,SULAWESI UTARA,Chili (bird's eye),64830.3575
2021-07-01,SULAWESI UTARA,"Chili (bird's eye, green)",56116.0725
2021-07-01,SULAWESI UTARA,"Chili (bird's eye, red)",73544.6425
2021-07-01,SULAWESI UTARA,Chili (red),36306.5475
2021-07-01,SULAWESI UTARA,"Chili (red, curly)",36306.5475
2021-07-01,SUMATERA BARAT,Chili (bird's eye),40854.636666666665
2021-07-01,SUMATERA BARAT,"Chili (bird's eye, green)",40414.7875
2021-07-01,SUMATERA BARAT,Chili (red),29180.7675
2021-07-01,SUMATERA BARAT,"Chili (red, curly)",29180.7675
2021-07-01,SUMATERA SELATAN,Chili (bird's eye),50956.34666666667
2021-07-01,SUMATERA SELATAN,"Chili (bird's eye, green)",44349.206666666665
2021-07-01,SUMATERA SELATAN,"Chili (bird's eye, red)",57563.493333333325
2021-07-01,SUMATERA SELATAN,Chili (red),34055.55666666667
2021-07-01,SUMATERA SELATAN,"Chili (red, curly)",34849.206666666665
2021-07-01,SUMATERA SELATAN,"Chili (red, large)",33261.903333333335
2021-07-01,SUMATERA UTARA,Chili (bird's eye),40339.285833333335
2021-07-01,SUMATERA UTARA,"Chili (bird's eye, green)",40174.60333333333
2021-07-01,SUMATERA UTARA,"Chili (bird's eye, red)",38761.905
2021-07-01,SUMATERA UTARA,Chili (red),31909.090909090908
2021-07-01,SUMATERA UTARA,"Chili (red, curly)",31959.706923076923
2021-08-01,ACEH,Chili (bird's eye),36680.0
2021-08-01,ACEH,"Chili (bird's eye, green)",34333.333333333336
2021-08-01,ACEH,Chili (red),35166.666666666664
2021-08-01,ACEH,"Chili (red, curly)",35166.666666666664
2021-08-01,BALI,Chili (bird's eye),23020.833333333332
2021-08-01,BALI,"Chili (bird's eye, green)",22850.0
2021-08-01,BALI,"Chili (bird's eye, red)",23443.75
2021-08-01,BALI,Chili (red),15225.0
2021-08-01,BALI,"Chili (red, curly)",20900.0
2021-08-01,BALI,"Chili (red, large)",13043.75
2021-08-01,BANTEN,Chili (bird's eye),28427.083333333332
2021-08-01,BANTEN,"Chili (bird's eye, green)",23970.0
2021-08-01,BANTEN,"Chili (bird's eye, red)",32750.0
2021-08-01,BANTEN,Chili (red),24280.0
2021-08-01,BANTEN,"Chili (red, curly)",23487.5
2021-08-01,BANTEN,"Chili (red, large)",26004.166666666668
2021-08-01,BENGKULU,Chili (bird's eye),27031.666666666668
2021-08-01,BENGKULU,"Chili (bird's eye, green)",29937.5
2021-08-01,BENGKULU,"Chili (bird's eye, red)",26411.25
2021-08-01,BENGKULU,Chili (red),22859.375
2021-08-01,BENGKULU,"Chili (red, curly)",24925.0
2021-08-01,BENGKULU,"Chili (red, large)",20562.5
2021-08-01,DAERAH ISTIMEWA YOGYAKARTA,"Chili (bird's eye, green)",20612.5
2021-08-01,DAERAH ISTIMEWA YOGYAKARTA,"Chili (bird's eye, red)",22062.5
2021-08-01,DAERAH ISTIMEWA YOGYAKARTA,Chili (red),18668.75
2021-08-01,DAERAH ISTIMEWA YOGYAKARTA,"Chili (red, curly)",17450.0
2021-08-01,DAERAH ISTIMEWA YOGYAKARTA,"Chili (red, large)",19887.5
2021-08-01,DKI JAKARTA,Chili (bird's eye),34729.166666666664
2021-08-01,DKI JAKARTA,"Chili (bird's eye, green)",27875.0
2021-08-01,DKI JAKARTA,"Chili (bird's eye, red)",41583.333333333336
2021-08-01,DKI JAKARTA,Chili (red),30687.5
2021-08-01,DKI JAKARTA,"Chili (red, curly)",29500.0
2021-08-01,DKI JAKARTA,"Chili (red, large)",32208.333333333332
2021-08-01,GORONTALO,Chili (bird's eye),57083.333333333336
2021-08-01,GORONTALO,"Chili (bird's eye, green)",45750.0
2021-08-01,GORONTALO,"Chili (bird's eye, red)",59416.666666666664
2021-08-01,GORONTALO,Chili (red),30625.0
2021-08-01,GORONTALO,"Chili (red, curly)",29758.333333333332
2021-08-01,JAMBI,Chili (bird's eye),28403.125
2021-08-01,JAMBI,"Chili (bird's eye, green)",24591.666666666668
2021-08-01,JAMBI,"Chili (bird's eye, red)",33675.0
2021-08-01,JAMBI,Chili (red),18208.333333333332
2021-08-01,JAMBI,"Chili (red, curly)",18243.75
2021-08-01,JAMBI,"Chili (red, large)",19125.0
2021-08-01,JAWA BARAT,Chili (bird's eye),30096.484375
2021-08-01,JAWA BARAT,"Chili (bird's eye, green)",24580.882352941175
2021-08-01,JAWA BARAT,"Chili (bird's eye, red)",36563.970588235294
2021-08-01,JAWA BARAT,Chili (red),26193.333333333332
2021-08-01,JAWA BARAT,"Chili (red, curly)",25463.88888888889
2021-08-01,JAWA BARAT,"Chili (red, large)",26932.63888888889
2021-08-01,JAWA TENGAH,Chili (bird's eye),21646.354166666668
2021-08-01,JAWA TENGAH,"Chili (bird's eye, green)",19426.041666666668
2021-08-01,JAWA TENGAH,"Chili (bird's eye, red)",23866.666666666668
2021-08-01,JAWA TENGAH,Chili (red),16780.0
2021-08-01,JAWA TENGAH,"Chili (red, curly)",15970.833333333334
2021-08-01,JAWA TENGAH,"Chili (red, large)",17345.833333333332
2021-08-01,JAWA TIMUR,Chili (bird's eye),17179.583333333332
2021-08-01,JAWA TIMUR,"Chili (bird's eye, green)",14374.305555555555
2021-08-01,JAWA TIMUR,"Chili (bird's eye, red)",21116.176470588234
2021-08-01,JAWA TIMUR,Chili (red),15306.617647058823
2021-08-01,JAWA TIMUR,"Chili (red, curly)",18389.285714285714
2021-08-01,JAWA TIMUR,"Chili (red, large)",14998.684210526315
2021-08-01,KALIMANTAN BARAT,Chili (bird's eye),54439.0625
2021-08-01,KALIMANTAN BARAT,"Chili (bird's eye, green)",48884.375
2021-08-01,KALIMANTAN BARAT,"Chili (bird's eye, red)",59993.75
2021-08-01,KALIMANTAN BARAT,Chili (red),42039.28571428572
2021-08-01,KALIMANTAN BARAT,"Chili (red, curly)",38187.5
2021-08-01,KALIMANTAN BARAT,"Chili (red, large)",45109.375
2021-08-01,KALIMANTAN SELATAN,Chili (bird's eye),38909.375
2021-08-01,KALIMANTAN SELATAN,"Chili (bird's eye, green)",30081.25
2021-08-01,KALIMANTAN SELATAN,"Chili (bird's eye, red)",47737.5
2021-08-01,KALIMANTAN SELATAN,Chili (red),30406.25
2021-08-01,KALIMANTAN SELATAN,"Chili (red, curly)",31112.5
2021-08-01,KALIMANTAN SELATAN,"Chili (red, large)",29700.0
2021-08-01,KALIMANTAN TENGAH,Chili (bird's eye),44468.75
2021-08-01,KALIMANTAN TENGAH,"Chili (bird's eye, green)",34152.5
2021-08-01,KALIMANTAN TENGAH,"Chili (bird's eye, red)",59041.666666666664
2021-08-01,KALIMANTAN TENGAH,Chili (red),54708.333333333336
2021-08-01,KALIMANTAN TENGAH,"Chili (red, curly)",53708.333333333336
2021-08-01,KALIMANTAN TENGAH,"Chili (red, large)",55708.333333333336
2021-08-01,KALIMANTAN TIMUR,Chili (bird's eye),43972.916666666664
2021-08-01,KALIMANTAN TIMUR,"Chili (bird's eye, green)",47145.833333333336
2021-08-01,KALIMANTAN TIMUR,"Chili (bird's eye, red)",40800.0
2021-08-01,KALIMANTAN TIMUR,Chili (red),34237.5
2021-08-01,KALIMANTAN TIMUR,"Chili (red, curly)",35945.833333333336
2021-08-01,KALIMANTAN TIMUR,"Chili (red, large)",36416.666666666664
2021-08-01,KALIMANTAN UTARA,Chili (bird's eye),69408.7175
2021-08-01,KALIMANTAN UTARA,"Chili (bird's eye, green)",78282.895
2021-08-01,KALIMANTAN UTARA,"Chili (bird's eye, red)",60534.54
2021-08-01,KALIMANTAN UTARA,Chili (red),45270.56
2021-08-01,KALIMANTAN UTARA,"Chili (red, curly)",45552.630000000005
2021-08-01,KALIMANTAN UTARA,"Chili (red, large)",45652.96
2021-08-01,KEPULAUAN BANGKA BELITUNG,Chili (bird's eye),48695.833333333336
2021-08-01,KEPULAUAN BANGKA BELITUNG,"Chili (bird's eye, green)",41975.0
2021-08-01,KEPULAUAN BANGKA BELITUNG,"Chili (bird's eye, red)",53666.666666666664
2021-08-01,KEPULAUAN BANGKA BELITUNG,Chili (red),47718.75
2021-08-01,KEPULAUAN BANGKA BELITUNG,"Chili (red, curly)",30468.75
2021-08-01,KEPULAUAN BANGKA BELITUNG,"Chili (red, large)",64968.75
2021-08-01,KEPULAUAN RIAU,Chili (bird's eye),30568.422000000002
2021-08-01,KEPULAUAN RIAU,"Chili (bird's eye, green)",30568.422000000002
2021-08-01,KEPULAUAN RIAU,Chili (red),28184.206666666665
2021-08-01,KEPULAUAN RIAU,"Chili (red, curly)",29673.682
2021-08-01,LAMPUNG,Chili (bird's eye),31334.375
2021-08-01,LAMPUNG,"Chili (bird's eye, green)",38083.333333333336
2021-08-01,LAMPUNG,"Chili (bird's eye, red)",29543.75
2021-08-01,LAMPUNG,Chili (red),23354.166666666668
2021-08-01,LAMPUNG,"Chili (red, curly)",18912.5
2021-08-01,LAMPUNG,"Chili (red, large)",28658.333333333332
2021-08-01,MALUKU,Chili (bird's eye),89109.375
2021-08-01,MALUKU,"Chili (bird's eye, green)",46625.0
2021-08-01,MALUKU,"Chili (bird's eye, red)",93031.25
2021-08-01,MALUKU,Chili (red),56678.125
2021-08-01,MALUKU,"Chili (red, curly)",54200.0
2021-08-01,MALUKU,"Chili (red, large)",44500.0
2021-08-01,MALUKU UTARA,Chili (bird's eye),93375.0
2021-08-01,MALUKU UTARA,"Chili (bird's eye, green)",100000.0
2021-08-01,MALUKU UTARA,"Chili (bird's eye, red)",86750.0
2021-08-01,MALUKU UTARA,Chili (red),34750.0
2021-08-01,MALUKU UTARA,"Chili (red, curly)",43875.0
2021-08-01,MALUKU UTARA,"Chili (red, large)",25625.0
2021-08-01,NUSA TENGGARA BARAT,Chili (bird's eye),22017.5
2021-08-01,NUSA TENGGARA BARAT,"Chili (bird's eye, green)",16006.25
2021-08-01,NUSA TENGGARA BARAT,"Chili (bird's eye, red)",26155.0
2021-08-01,NUSA TENGGARA BARAT,Chili (red),20930.0
2021-08-01,NUSA TENGGARA BARAT,"Chili (red, curly)",22535.0
2021-08-01,NUSA TENGGARA BARAT,"Chili (red, large)",21343.75
2021-08-01,NUSA TENGGARA TIMUR,Chili (bird's eye),72406.25
2021-08-01,NUSA TENGGARA TIMUR,"Chili (bird's eye, green)",60083.333333333336
2021-08-01,NUSA TENGGARA TIMUR,"Chili (bird's eye, red)",84729.16666666667
2021-08-01,NUSA TENGGARA TIMUR,Chili (red),50895.833333333336
2021-08-01,NUSA TENGGARA TIMUR,"Chili (red, curly)",51500.0
2021-08-01,NUSA TENGGARA TIMUR,"Chili (red, large)",50291.666666666664
2021-08-01,PAPUA,Chili (bird's eye),66437.5
2021-08-01,PAPUA,"Chili (bird's eye, green)",52903.125
2021-08-01,PAPUA,"Chili (bird's eye, red)",82143.75
2021-08-01,PAPUA,Chili (red),47540.625
2021-08-01,PAPUA,"Chili (red, curly)",46100.0
2021-08-01,PAPUA,"Chili (red, large)",48981.25
2021-08-01,PAPUA BARAT,Chili (bird's eye),76562.5
2021-08-01,PAPUA BARAT,"Chili (bird's eye, red)",76562.5
2021-08-01,PAPUA BARAT,Chili (red),44708.333333333336
2021-08-01,PAPUA BARAT,"Chili (red, curly)",40625.0
2021-08-01,PAPUA BARAT,"Chili (red, large)",47125.0
2021-08-01,RIAU,Chili (bird's eye),34914.583333333336
2021-08-01,RIAU,"Chili (bird's eye, green)",31482.14285714286
2021-08-01,RIAU,"Chili (bird's eye, red)",43631.25
2021-08-01,RIAU,Chili (red),25685.9375
2021-08-01,RIAU,"Chili (red, curly)",26956.25
2021-08-01,RIAU,"Chili (red, large)",23362.5
2021-08-01,SULAWESI BARAT,Chili (bird's eye),27725.0
2021-08-01,SULAWESI BARAT,"Chili (bird's eye, green)",21606.25
2021-08-01,SULAWESI BARAT,"Chili (bird's eye, red)",33843.75
2021-08-01,SULAWESI BARAT,Chili (red),18543.75
2021-08-01,SULAWESI BARAT,"Chili (red, curly)",18212.5
2021-08-01,SULAWESI BARAT,"Chili (red, large)",15687.5
2021-08-01,SULAWESI SELATAN,Chili (bird's eye),22427.777777777777
2021-08-01,SULAWESI SELATAN,"Chili (bird's eye, red)",24802.777777777777
2021-08-01,SULAWESI SELATAN,Chili (red),15171.875
2021-08-01,SULAWESI SELATAN,"Chili (red, curly)",18097.5
2021-08-01,SULAWESI SELATAN,"Chili (red, large)",12085.0
2021-08-01,SULAWESI TENGAH,Chili (bird's eye),54912.5
2021-08-01,SULAWESI TENGAH,"Chili (bird's eye, green)",50700.0
2021-08-01,SULAWESI TENGAH,"Chili (bird's eye, red)",59125.0
2021-08-01,SULAWESI TENGAH,Chili (red),20093.75
2021-08-01,SULAWESI TENGAH,"Chili (red, curly)",16187.5
2021-08-01,SULAWESI TENGAH,"Chili (red, large)",24000.0
2021-08-01,SULAWESI TENGGARA,Chili (bird's eye),55032.0725
2021-08-01,SULAWESI TENGGARA,"Chili (bird's eye, green)",49253.29
2021-08-01,SULAWESI TENGGARA,"Chili (bird's eye, red)",60810.854999999996
2021-08-01,SULAWESI TENGGARA,Chili (red),28669.956666666665
2021-08-01,SULAWESI TENGGARA,"Chili (red, curly)",29457.2375
2021-08-01,SULAWESI TENGGARA,"Chili (red, large)",26578.947500000002
2021-08-01,SULAWESI UTARA,Chili (bird's eye),48175.0
2021-08-01,SULAWESI UTARA,"Chili (bird's eye, green)",36506.25
2021-08-01,SULAWESI UTARA,"Chili (bird's eye, red)",59843.75
2021-08-01,SULAWESI UTARA,Chili (red),25556.25
2021-08-01,SULAWESI UTARA,"Chili (red, curly)",25556.25
2021-08-01,SUMATERA BARAT,Chili (bird's eye),35466.666666666664
2021-08-01,SUMATERA BARAT,"Chili (bird's eye, green)",34200.0
2021-08-01,SUMATERA BARAT,Chili (red),23643.75
2021-08-01,SUMATERA BARAT,"Chili (red, curly)",23643.75
2021-08-01,SUMATERA SELATAN,Chili (bird's eye),39912.5
2021-08-01,SUMATERA SELATAN,"Chili (bird's eye, green)",38433.333333333336
2021-08-01,SUMATERA SELATAN,"Chili (bird's eye, red)",41391.666666666664
2021-08-01,SUMATERA SELATAN,Chili (red),29229.166666666668
2021-08-01,SUMATERA SELATAN,"Chili (red, curly)",29950.0
2021-08-01,SUMATERA SELATAN,"Chili (red, large)",28508.333333333332
2021-08-01,SUMATERA UTARA,Chili (bird's eye),32765.0
2021-08-01,SUMATERA UTARA,"Chili (bird's eye, green)",32845.833333333336
2021-08-01,SUMATERA UTARA,"Chili (bird's eye, red)",29256.25
2021-08-01,SUMATERA UTARA,Chili (red),28757.69230769231
2021-08-01,SUMATERA UTARA,"Chili (red, curly)",28757.69230769231
2021-09-01,ACEH,Chili (bird's eye),38527.274
2021-09-01,ACEH,"Chili (bird's eye, green)",37212.119999999995
2021-09-01,ACEH,Chili (red),34090.909999999996
2021-09-01,ACEH,"Chili (red, curly)",34098.485
2021-09-01,ACEH,"Chili (red, large)",30000.0
2021-09-01,BALI,Chili (bird's eye),16537.876666666667
2021-09-01,BALI,"Chili (bird's eye, green)",16755.6825
2021-09-01,BALI,"Chili (bird's eye, red)",16119.32
2021-09-01,BALI,Chili (red),14181.816666666666
2021-09-01,BALI,"Chili (red, curly)",18227.2725
2021-09-01,BALI,"Chili (red, large)",13846.592499999999
2021-09-01,BANTEN,Chili (bird's eye),25170.453333333335
2021-09-01,BANTEN,"Chili (bird's eye, green)",25895.454
2021-09-01,BANTEN,"Chili (bird's eye, red)",24704.545
2021-09-01,BANTEN,Chili (red),24090.91
2021-09-01,BANTEN,"Chili (red, curly)",23511.36333333333
2021-09-01,BANTEN,"Chili (red, large)",24848.486666666664
2021-09-01,BENGKULU,Chili (bird's eye),27280.3
2021-09-01,BENGKULU,"Chili (bird's eye, green)",30971.5925
2021-09-01,BENGKULU,"Chili (bird's eye, red)",22286.3625
2021-09-01,BENGKULU,Chili (red),24352.275
2021-09-01,BENGKULU,"Chili (red, curly)",26628.789999999997
2021-09-01,BENGKULU,"Chili (red, large)",21647.7275
2021-09-01,DAERAH ISTIMEWA YOGYAKARTA,Chili (bird's eye),19829.55
2021-09-01,DAERAH ISTIMEWA YOGYAKARTA,"Chili (bird's eye, green)",21715.91
2021-09-01,DAERAH ISTIMEWA YOGYAKARTA,"Chili (bird's eye, red)",18147.725
2021-09-01,DAERAH ISTIMEWA YOGYAKARTA,Chili (red),17613.635000000002
2021-09-01,DAERAH ISTIMEWA YOGYAKARTA,"Chili (red, curly)",16636.364999999998
2021-09-01,DAERAH ISTIMEWA YOGYAKARTA,"Chili (red, large)",18590.91
2021-09-01,DKI JAKARTA,Chili (bird's eye),29867.423333333336
2021-09-01,DKI JAKARTA,"Chili (bird's eye, green)",28257.573333333334
2021-09-01,DKI JAKARTA,"Chili (bird's eye, red)",31477.273333333334
2021-09-01,DKI JAKARTA,Chili (red),29568.183333333334
2021-09-01,DKI JAKARTA,"Chili (red, curly)",27863.63333333333
2021-09-01,DKI JAKARTA,"Chili (red, large)",31272.726666666666
2021-09-01,GORONTALO,Chili (bird's eye),39181.816666666666
2021-09-01,GORONTALO,"Chili (bird's eye, green)",34545.45
2021-09-01,GORONTALO,"Chili (bird's eye, red)",39810.60333333333
2021-09-01,GORONTALO,Chili (red),33068.18
2021-09-01,GORONTALO,"Chili (red, curly)",31636.36333333333
2021-09-01,JAMBI,Chili (bird's eye),28346.59
2021-09-01,JAMBI,"Chili (bird's eye, green)",32704.545
2021-09-01,JAMBI,"Chili (bird's eye, red)",28181.82
2021-09-01,JAMBI,Chili (red),18500.0
2021-09-01,JAMBI,"Chili (red, curly)",19346.5925
2021-09-01,JAMBI,"Chili (red, large)",19937.5
2021-09-01,JAWA BARAT,Chili (bird's eye),26268.939333333332
2021-09-01,JAWA BARAT,"Chili (bird's eye, green)",25068.18125
2021-09-01,JAWA BARAT,"Chili (bird's eye, red)",27502.840625
2021-09-01,JAWA BARAT,Chili (red),26843.917058823532
2021-09-01,JAWA BARAT,"Chili (red, curly)",24648.35722222222
2021-09-01,JAWA BARAT,"Chili (red, large)",28551.76777777778
2021-09-01,JAWA TENGAH,Chili (bird's eye),18490.21782608696
2021-09-01,JAWA TENGAH,"Chili (bird's eye, green)",18025.568750000002
2021-09-01,JAWA TENGAH,"Chili (bird's eye, red)",18848.484166666665
2021-09-01,JAWA TENGAH,Chili (red),16384.658499999998
2021-09-01,JAWA TENGAH,"Chili (red, curly)",16452.65125
2021-09-01,JAWA TENGAH,"Chili (red, large)",17099.430833333336
2021-09-01,JAWA TIMUR,Chili (bird's eye),15149.083529411764
2021-09-01,JAWA TIMUR,"Chili (bird's eye, green)",13992.70947368421
2021-09-01,JAWA TIMUR,"Chili (bird's eye, red)",16477.304117647058
2021-09-01,JAWA TIMUR,Chili (red),15161.580625
2021-09-01,JAWA TIMUR,"Chili (red, curly)",16118.881538461537
2021-09-01,JAWA TIMUR,"Chili (red, large)",15507.718421052632
2021-09-01,KALIMANTAN BARAT,Chili (bird's eye),50090.90875
2021-09-01,KALIMANTAN BARAT,"Chili (bird's eye, green)",46230.113750000004
2021-09-01,KALIMANTAN BARAT,"Chili (bird's eye, red)",53951.705
2021-09-01,KALIMANTAN BARAT,Chili (red),45753.78833333333
2021-09-01,KALIMANTAN BARAT,"Chili (red, curly)",42314.39333333333
2021-09-01,KALIMANTAN BARAT,"Chili (red, large)",51987.01285714285
2021-09-01,KALIMANTAN SELATAN,Chili (bird's eye),28428.9775
2021-09-01,KALIMANTAN SELATAN,"Chili (bird's eye, green)",22306.82
2021-09-01,KALIMANTAN SELATAN,"Chili (bird's eye, red)",34551.1375
2021-09-01,KALIMANTAN SELATAN,Chili (red),25318.182500000003
2021-09-01,KALIMANTAN SELATAN,"Chili (red, curly)",25443.1825
2021-09-01,KALIMANTAN SELATAN,"Chili (red, large)",25193.18
2021-09-01,KALIMANTAN TENGAH,Chili (bird's eye),36267.045
2021-09-01,KALIMANTAN TENGAH,"Chili (bird's eye, green)",28659.089999999997
2021-09-01,KALIMANTAN TENGAH,"Chili (bird's eye, red)",44378.78666666666
2021-09-01,KALIMANTAN TENGAH,Chili (red),46022.73
2021-09-01,KALIMANTAN TENGAH,"Chili (red, curly)",45075.76
2021-09-01,KALIMANTAN TENGAH,"Chili (red, large)",46969.69666666666
2021-09-01,KALIMANTAN TIMUR,Chili (bird's eye),40593.795
2021-09-01,KALIMANTAN TIMUR,"Chili (bird's eye, green)",49223.48500000001
2021-09-01,KALIMANTAN TIMUR,"Chili (bird's eye, red)",31964.105
2021-09-01,KALIMANTAN TIMUR,Chili (red),31079.545000000002
2021-09-01,KALIMANTAN TIMUR,"Chili (red, curly)",30048.52
2021-09-01,KALIMANTAN TIMUR,"Chili (red, large)",31013.88666666667
2021-09-01,KALIMANTAN UTARA,Chili (bird's eye),56193.182499999995
2021-09-01,KALIMANTAN UTARA,"Chili (bird's eye, green)",62102.275
2021-09-01,KALIMANTAN UTARA,"Chili (bird's eye, red)",50284.0925
2021-09-01,KALIMANTAN UTARA,Chili (red),45133.5225
2021-09-01,KALIMANTAN UTARA,"Chili (red, curly)",39375.0
2021-09-01,KALIMANTAN UTARA,"Chili (red, large)",44977.2725
2021-09-01,KEPULAUAN BANGKA BELITUNG,Chili (bird's eye),36931.82
2021-09-01,KEPULAUAN BANGKA BELITUNG,"Chili (bird's eye, green)",39312.5
2021-09-01,KEPULAUAN BANGKA BELITUNG,"Chili (bird's eye, red)",41106.06333333333
2021-09-01,KEPULAUAN BANGKA BELITUNG,Chili (red),47247.1575
2021-09-01,KEPULAUAN BANGKA BELITUNG,"Chili (red, curly)",29494.3175
2021-09-01,KEPULAUAN BANGKA BELITUNG,"Chili (red, large)",65000.0
2021-09-01,KEPULAUAN RIAU,Chili (bird's eye),35427.272
2021-09-01,KEPULAUAN RIAU,"Chili (bird's eye, green)",35427.272
2021-09-01,KEPULAUAN RIAU,Chili (red),26984.850000000002
2021-09-01,KEPULAUAN RIAU,"Chili (red, curly)",28809.091999999997
2021-09-01,LAMPUNG,Chili (bird's eye),27122.1575
2021-09-01,LAMPUNG,"Chili (bird's eye, green)",35772.72666666667
2021-09-01,LAMPUNG,"Chili (bird's eye, red)",22181.82
2021-09-01,LAMPUNG,Chili (red),23389.204999999998
2021-09-01,LAMPUNG,"Chili (red, curly)",20119.32
2021-09-01,LAMPUNG,"Chili (red, large)",27924.243333333336
2021-09-01,MALUKU,Chili (bird's eye),50340.909999999996
2021-09-01,MALUKU,"Chili (bird's eye, green)",40000.0
2021-09-01,MALUKU,"Chili (bird's eye, red)",56534.09
2021-09-01,MALUKU,Chili (red),50150.567500000005
2021-09-01,MALUKU,"Chili (red, curly)",48880.68
2021-09-01,MALUKU,"Chili (red, large)",31818.18
2021-09-01,MALUKU UTARA,Chili (bird's eye),86250.0
2021-09-01,MALUKU UTARA,"Chili (bird's eye, green)",100000.0
2021-09-01,MALUKU UTARA,"Chili (bird's eye, red)",72500.0
2021-09-01,MALUKU UTARA,Chili (red),32272.730000000003
2021-09-01,MALUKU UTARA,"Chili (red, curly)",41590.91
2021-09-01,MALUKU UTARA,"Chili (red, large)",22954.55
2021-09-01,NUSA TENGGARA BARAT,Chili (bird's eye),14286.362
2021-09-01,NUSA TENGGARA BARAT,"Chili (bird's eye, green)",11625.0
2021-09-01,NUSA TENGGARA BARAT,"Chili (bird's eye, red)",15772.728
2021-09-01,NUSA TENGGARA BARAT,Chili (red),17281.82
2021-09-01,NUSA TENGGARA BARAT,"Chili (red, curly)",19322.726000000002
2021-09-01,NUSA TENGGARA BARAT,"Chili (red, large)",15240.91
2021-09-01,NUSA TENGGARA TIMUR,Chili (bird's eye),55121.213333333326
2021-09-01,NUSA TENGGARA TIMUR,"Chili (bird's eye, green)",46041.668333333335
2021-09-01,NUSA TENGGARA TIMUR,"Chili (bird's eye, red)",64198.863333333335
2021-09-01,NUSA TENGGARA TIMUR,Chili (red),29529.091999999997
2021-09-01,NUSA TENGGARA TIMUR,"Chili (red, curly)",33371.21333333333
2021-09-01,NUSA TENGGARA TIMUR,"Chili (red, large)",30123.106666666663
2021-09-01,PAPUA,Chili (bird's eye),51235.608
2021-09-01,PAPUA,"Chili (bird's eye, green)",46197.78125
2021-09-01,PAPUA,"Chili (bird's eye, red)",65943.31625
2021-09-01,PAPUA,Chili (red),40769.404285714285
2021-09-01,PAPUA,"Chili (red, curly)",40036.5275
2021-09-01,PAPUA,"Chili (red, large)",46792.885
2021-09-01,PAPUA BARAT,Chili (bird's eye),76534.0925
2021-09-01,PAPUA BARAT,"Chili (bird's eye, red)",76534.0925
2021-09-01,PAPUA BARAT,Chili (red),50984.85
2021-09-01,PAPUA BARAT,"Chili (red, curly)",47613.637500000004
2021-09-01,PAPUA BARAT,"Chili (red, large)",47556.8175
2021-09-01,RIAU,Chili (bird's eye),33623.58
2021-09-01,RIAU,"Chili (bird's eye, green)",33081.17
2021-09-01,RIAU,"Chili (bird's eye, red)",33284.09
2021-09-01,RIAU,Chili (red),28051.13625
2021-09-01,RIAU,"Chili (red, curly)",30127.84
2021-09-01,RIAU,"Chili (red, large)",24314.39333333333
2021-09-01,SULAWESI BARAT,Chili (bird's eye),19576.705
2021-09-01,SULAWESI BARAT,"Chili (bird's eye, green)",16028.41
2021-09-01,SULAWESI BARAT,"Chili (bird's eye, red)",23125.0
2021-09-01,SULAWESI BARAT,Chili (red),12852.275
2021-09-01,SULAWESI BARAT,"Chili (red, curly)",16715.91
2021-09-01,SULAWESI BARAT,"Chili (red, large)",15147.7275
2021-09-01,SULAWESI SELATAN,Chili (bird's eye),17225.216
2021-09-01,SULAWESI SELATAN,"Chili (bird's eye, green)",13240.0
2021-09-01,SULAWESI SELATAN,"Chili (bird's eye, red)",17468.397
2021-09-01,SULAWESI SELATAN,Chili (red),14145.345000000001
2021-09-01,SULAWESI SELATAN,"Chili (red, curly)",14752.814000000002
2021-09-01,SULAWESI SELATAN,"Chili (red, large)",13533.332
2021-09-01,SULAWESI TENGAH,Chili (bird's eye),41897.725
2021-09-01,SULAWESI TENGAH,"Chili (bird's eye, green)",42670.455
2021-09-01,SULAWESI TENGAH,"Chili (bird's eye, red)",41125.0
2021-09-01,SULAWESI TENGAH,Chili (red),21482.955
2021-09-01,SULAWESI TENGAH,"Chili (red, curly)",21090.91
2021-09-01,SULAWESI TENGAH,"Chili (red, large)",21875.0
2021-09-01,SULAWESI TENGGARA,Chili (bird's eye),45826.705
2021-09-01,SULAWESI TENGGARA,"Chili (bird's eye, green)",41721.5925
2021-09-01,SULAWESI TENGGARA,"Chili (bird's eye, red)",49931.82
2021-09-01,SULAWESI TENGGARA,Chili (red),24943.180000000004
2021-09-01,SULAWESI TENGGARA,"Chili (red, curly)",25102.2725
2021-09-01,SULAWESI TENGGARA,"Chili (red, large)",22613.63666666667
2021-09-01,SULAWESI UTARA,Chili (bird's eye),39863.634999999995
2021-09-01,SULAWESI UTARA,"Chili (bird's eye, green)",44193.18
2021-09-01,SULAWESI UTARA,"Chili (bird's eye, red)",35534.09
2021-09-01,SULAWESI UTARA,Chili (red),21630.6825
2021-09-01,SULAWESI UTARA,"Chili (red, curly)",21630.6825
2021-09-01,SUMATERA BARAT,Chili (bird's eye),39857.955
2021-09-01,SUMATERA BARAT,"Chili (bird's eye, green)",39857.955
2021-09-01,SUMATERA BARAT,Chili (red),28295.4575
2021-09-01,SUMATERA BARAT,"Chili (red, curly)",28295.4575
2021-09-01,SUMATERA SELATAN,Chili (bird's eye),39268.93666666667
2021-09-01,SUMATERA SELATAN,"Chili (bird's eye, green)",39060.60666666667
2021-09-01,SUMATERA SELATAN,"Chili (bird's eye, red)",39477.27333333334
2021-09-01,SUMATERA SELATAN,Chili (red),28893.94
2021-09-01,SUMATERA SELATAN,"Chili (red, curly)",29780.303333333333
2021-09-01,SUMATERA SELATAN,"Chili (red, large)",28007.573333333334
2021-09-01,SUMATERA UTARA,Chili (bird's eye),34760.33181818182
2021-09-01,SUMATERA UTARA,"Chili (bird's eye, green)",34886.36363636364
2021-09-01,SUMATERA UTARA,"Chili (bird's eye, red)",31960.2275
2021-09-01,SUMATERA UTARA,Chili (red),28990.530833333334
2021-09-01,SUMATERA UTARA,"Chili (red, curly)",29003.496923076924
2021-10-01,ACEH,Chili (bird's eye),38841.666666666664
2021-10-01,ACEH,"Chili (bird's eye, green)",38237.5
2021-10-01,ACEH,Chili (red),39215.0
2021-10-01,ACEH,"Chili (red, curly)",39966.666666666664
2021-10-01,BALI,Chili (bird's eye),19375.0
2021-10-01,BALI,"Chili (bird's eye, green)",18981.25
2021-10-01,BALI,"Chili (bird's eye, red)",19881.25
2021-10-01,BALI,Chili (red),23720.833333333332
2021-10-01,BALI,"Chili (red, curly)",25052.0825
2021-10-01,BALI,"Chili (red, large)",22306.25
2021-10-01,BANTEN,Chili (bird's eye),29608.333333333332
2021-10-01,BANTEN,"Chili (bird's eye, green)",30570.0
2021-10-01,BANTEN,"Chili (bird's eye, red)",28508.333333333332
2021-10-01,BANTEN,Chili (red),33820.833333333336
2021-10-01,BANTEN,"Chili (red, curly)",34695.833333333336
2021-10-01,BANTEN,"Chili (red, large)",32725.0
2021-10-01,BENGKULU,Chili (bird's eye),29277.5
2021-10-01,BENGKULU,"Chili (bird's eye, green)",34218.75
2021-10-01,BENGKULU,"Chili (bird's eye, red)",25365.625
2021-10-01,BENGKULU,Chili (red),30793.75
2021-10-01,BENGKULU,"Chili (red, curly)",33506.25
2021-10-01,BENGKULU,"Chili (red, large)",28081.25
2021-10-01,DAERAH ISTIMEWA YOGYAKARTA,Chili (bird's eye),25025.0
2021-10-01,DAERAH ISTIMEWA YOGYAKARTA,"Chili (bird's eye, green)",27012.5
2021-10-01,DAERAH ISTIMEWA YOGYAKARTA,"Chili (bird's eye, red)",24012.5
2021-10-01,DAERAH ISTIMEWA YOGYAKARTA,Chili (red),28487.5
2021-10-01,DAERAH ISTIMEWA YOGYAKARTA,"Chili (red, curly)",26837.5
2021-10-01,DAERAH ISTIMEWA YOGYAKARTA,"Chili (red, large)",30137.5
2021-10-01,DKI JAKARTA,Chili (bird's eye),35166.666666666664
2021-10-01,DKI JAKARTA,"Chili (bird's eye, green)",35333.333333333336
2021-10-01,DKI JAKARTA,"Chili (bird's eye, red)",35000.0
2021-10-01,DKI JAKARTA,Chili (red),39243.75
2021-10-01,DKI JAKARTA,"Chili (red, curly)",39158.333333333336
2021-10-01,DKI JAKARTA,"Chili (red, large)",40166.666666666664
2021-10-01,GORONTALO,Chili (bird's eye),47162.5
2021-10-01,GORONTALO,"Chili (bird's eye, green)",41500.0
2021-10-01,GORONTALO,"Chili (bird's eye, red)",48391.666666666664
2021-10-01,GORONTALO,"Chili (red, curly)",35883.333333333336
2021-10-01,JAMBI,Chili (bird's eye),31606.25
2021-10-01,JAMBI,"Chili (bird's eye, green)",30089.913333333334
2021-10-01,JAMBI,"Chili (bird's eye, red)",34457.565
2021-10-01,JAMBI,Chili (red),30087.5
2021-10-01,JAMBI,"Chili (red, curly)",29793.75
2021-10-01,JAMBI,"Chili (red, large)",30381.25
2021-10-01,JAWA BARAT,Chili (bird's eye),29084.735999999997
2021-10-01,JAWA BARAT,"Chili (bird's eye, green)",28350.4525
2021-10-01,JAWA BARAT,"Chili (bird's eye, red)",30541.703888888893
2021-10-01,JAWA BARAT,Chili (red),34425.71705882353
2021-10-01,JAWA BARAT,"Chili (red, curly)",33340.42388888889
2021-10-01,JAWA BARAT,"Chili (red, large)",35090.89944444444
2021-10-01,JAWA TENGAH,Chili (bird's eye),23176.041666666668
2021-10-01,JAWA TENGAH,"Chili (bird's eye, green)",22345.833333333332
2021-10-01,JAWA TENGAH,"Chili (bird's eye, red)",23766.304347826088
2021-10-01,JAWA TENGAH,Chili (red),26587.5
2021-10-01,JAWA TENGAH,"Chili (red, curly)",26134.375
2021-10-01,JAWA TENGAH,"Chili (red, large)",26304.891304347828
2021-10-01,JAWA TIMUR,Chili (bird's eye),17468.055555555555
2021-10-01,JAWA TIMUR,"Chili (bird's eye, green)",16261.842105263158
2021-10-01,JAWA TIMUR,"Chili (bird's eye, red)",18786.764705882353
2021-10-01,JAWA TIMUR,Chili (red),22295.13888888889
2021-10-01,JAWA TIMUR,"Chili (red, curly)",23767.85714285714
2021-10-01,JAWA TIMUR,"Chili (red, large)",22756.57894736842
2021-10-01,KALIMANTAN BARAT,Chili (bird's eye),47457.8125
2021-10-01,KALIMANTAN BARAT,"Chili (bird's eye, green)",42987.5
2021-10-01,KALIMANTAN BARAT,"Chili (bird's eye, red)",51928.125
2021-10-01,KALIMANTAN BARAT,Chili (red),50225.0
2021-10-01,KALIMANTAN BARAT,"Chili (red, curly)",47200.0
2021-10-01,KALIMANTAN BARAT,"Chili (red, large)",54014.28571428572
2021-10-01,KALIMANTAN SELATAN,Chili (bird's eye),27496.875
2021-10-01,KALIMANTAN SELATAN,"Chili (bird's eye, green)",20700.0
2021-10-01,KALIMANTAN SELATAN,"Chili (bird's eye, red)",34293.75
2021-10-01,KALIMANTAN SELATAN,Chili (red),29325.0
2021-10-01,KALIMANTAN SELATAN,"Chili (red, curly)",29456.25
2021-10-01,KALIMANTAN SELATAN,"Chili (red, large)",29193.75
2021-10-01,KALIMANTAN TENGAH,Chili (bird's eye),33667.5
2021-10-01,KALIMANTAN TENGAH,"Chili (bird's eye, green)",28638.333333333332
2021-10-01,KALIMANTAN TENGAH,"Chili (bird's eye, red)",42000.0
2021-10-01,KALIMANTAN TENGAH,Chili (red),45000.0
2021-10-01,KALIMANTAN TENGAH,"Chili (red, curly)",44500.0
2021-10-01,KALIMANTAN TENGAH,"Chili (red, large)",45500.0
2021-10-01,KALIMANTAN TIMUR,Chili (bird's eye),41891.666666666664
2021-10-01,KALIMANTAN TIMUR,"Chili (bird's eye, green)",50895.833333333336
2021-10-01,KALIMANTAN TIMUR,"Chili (bird's eye, red)",32887.5
2021-10-01,KALIMANTAN TIMUR,Chili (red),31402.083333333332
2021-10-01,KALIMANTAN TIMUR,"Chili (red, curly)",32770.833333333336
2021-10-01,KALIMANTAN TIMUR,"Chili (red, large)",30890.0
2021-10-01,KALIMANTAN UTARA,Chili (bird's eye),52453.125
2021-10-01,KALIMANTAN UTARA,"Chili (bird's eye, green)",57750.0
2021-10-01,KALIMANTAN UTARA,"Chili (bird's eye, red)",47218.75
2021-10-01,KALIMANTAN UTARA,Chili (red),43976.315
2021-10-01,KALIMANTAN UTARA,"Chili (red, curly)",44362.17
2021-10-01,KALIMANTAN UTARA,"Chili (red, large)",43590.46
2021-10-01,KEPULAUAN BANGKA BELITUNG,Chili (bird's eye),42118.75
2021-10-01,KEPULAUAN BANGKA BELITUNG,"Chili (bird's eye, green)",41688.4875
2021-10-01,KEPULAUAN BANGKA BELITUNG,"Chili (bird's eye, red)",43864.4725
2021-10-01,KEPULAUAN BANGKA BELITUNG,Chili (red),51714.3075
2021-10-01,KEPULAUAN BANGKA BELITUNG,"Chili (red, curly)",38428.62
2021-10-01,KEPULAUAN BANGKA BELITUNG,"Chili (red, large)",65000.0
2021-10-01,KEPULAUAN RIAU,Chili (bird's eye),38190.0
2021-10-01,KEPULAUAN RIAU,"Chili (bird's eye, green)",38190.0
2021-10-01,KEPULAUAN RIAU,Chili (red),42268.75
2021-10-01,KEPULAUAN RIAU,"Chili (red, curly)",41090.0
2021-10-01,LAMPUNG,Chili (bird's eye),28593.75
2021-10-01,LAMPUNG,"Chili (bird's eye, green)",31756.25
2021-10-01,LAMPUNG,"Chili (bird's eye, red)",25431.25
2021-10-01,LAMPUNG,Chili (red),22858.333333333332
2021-10-01,LAMPUNG,"Chili (red, curly)",23618.75
2021-10-01,LAMPUNG,"Chili (red, large)",31616.666666666668
2021-10-01,MALUKU,Chili (bird's eye),48055.555
2021-10-01,MALUKU,"Chili (bird's eye, green)",44444.445
2021-10-01,MALUKU,"Chili (bird's eye, red)",72638.8875
2021-10-01,MALUKU,Chili (red),58402.7775
2021-10-01,MALUKU,"Chili (red, curly)",59375.0
2021-10-01,MALUKU,"Chili (red, large)",30000.0
2021-10-01,MALUKU UTARA,Chili (bird's eye),100000.0
2021-10-01,MALUKU UTARA,"Chili (bird's eye, green)",90000.0
2021-10-01,MALUKU UTARA,"Chili (bird's eye, red)",76000.0
2021-10-01,MALUKU UTARA,Chili (red),37125.0
2021-10-01,MALUKU UTARA,"Chili (red, curly)",45500.0
2021-10-01,MALUKU UTARA,"Chili (red, large)",28750.0
2021-10-01,NUSA TENGGARA BARAT,Chili (bird's eye),13412.5
2021-10-01,NUSA TENGGARA BARAT,"Chili (bird's eye, green)",10850.0
2021-10-01,NUSA TENGGARA BARAT,"Chili (bird's eye, red)",15115.0
2021-10-01,NUSA TENGGARA BARAT,Chili (red),25983.333333333332
2021-10-01,NUSA TENGGARA BARAT,"Chili (red, curly)",27605.0
2021-10-01,NUSA TENGGARA BARAT,"Chili (red, large)",22968.75
2021-10-01,NUSA TENGGARA TIMUR,Chili (bird's eye),48036.25
2021-10-01,NUSA TENGGARA TIMUR,"Chili (bird's eye, green)",41291.666666666664
2021-10-01,NUSA TENGGARA TIMUR,"Chili (bird's eye, red)",54772.5
2021-10-01,NUSA TENGGARA TIMUR,Chili (red),25575.5
2021-10-01,NUSA TENGGARA TIMUR,"Chili (red, curly)",26750.0
2021-10-01,NUSA TENGGARA TIMUR,"Chili (red, large)",25041.666666666668
2021-10-01,PAPUA,Chili (bird's eye),51656.578
2021-10-01,PAPUA,"Chili (bird's eye, green)",42766.61125
2021-10-01,PAPUA,"Chili (bird's eye, red)",63335.36125
2021-10-01,PAPUA,Chili (red),43908.177142857145
2021-10-01,PAPUA,"Chili (red, curly)",41121.38125
2021-10-01,PAPUA,"Chili (red, large)",51499.1775
2021-10-01,PAPUA BARAT,Chili (bird's eye),77875.0
2021-10-01,PAPUA BARAT,"Chili (bird's eye, green)",40000.0
2021-10-01,PAPUA BARAT,"Chili (bird's eye, red)",78125.0
2021-10-01,PAPUA BARAT,Chili (red),59250.0
2021-10-01,PAPUA BARAT,"Chili (red, curly)",52437.5
2021-10-01,PAPUA BARAT,"Chili (red, large)",48375.0
2021-10-01,RIAU,Chili (bird's eye),36887.5
2021-10-01,RIAU,"Chili (bird's eye, green)",36308.333333333336
2021-10-01,RIAU,"Chili (bird's eye, red)",38200.0
2021-10-01,RIAU,Chili (red),38739.0625
2021-10-01,RIAU,"Chili (red, curly)",41081.25
2021-10-01,RIAU,"Chili (red, large)",35125.0
2021-10-01,SULAWESI BARAT,Chili (bird's eye),20927.0825
2021-10-01,SULAWESI BARAT,"Chili (bird's eye, green)",16388.89
2021-10-01,SULAWESI BARAT,"Chili (bird's eye, red)",25465.2775
2021-10-01,SULAWESI BARAT,Chili (red),19101.853333333333
2021-10-01,SULAWESI BARAT,"Chili (red, curly)",20027.7775
2021-10-01,SULAWESI BARAT,"Chili (red, large)",18277.775
2021-10-01,SULAWESI SELATAN,Chili (bird's eye),18735.277777777777
2021-10-01,SULAWESI SELATAN,"Chili (bird's eye, green)",15681.875
2021-10-01,SULAWESI SELATAN,"Chili (bird's eye, red)",19727.5
2021-10-01,SULAWESI SELATAN,Chili (red),17058.333333333332
2021-10-01,SULAWESI SELATAN,"Chili (red, curly)",17447.5
2021-10-01,SULAWESI SELATAN,"Chili (red, large)",16012.75
2021-10-01,SULAWESI TENGAH,Chili (bird's eye),45725.0
2021-10-01,SULAWESI TENGAH,"Chili (bird's eye, green)",44750.0
2021-10-01,SULAWESI TENGAH,"Chili (bird's eye, red)",46700.0
2021-10-01,SULAWESI TENGAH,Chili (red),25037.5
2021-10-01,SULAWESI TENGAH,"Chili (red, curly)",26700.0
2021-10-01,SULAWESI TENGAH,"Chili (red, large)",23375.0
2021-10-01,SULAWESI TENGGARA,Chili (bird's eye),47750.0
2021-10-01,SULAWESI TENGGARA,"Chili (bird's eye, green)",44468.75
2021-10-01,SULAWESI TENGGARA,"Chili (bird's eye, red)",51031.25
2021-10-01,SULAWESI TENGGARA,Chili (red),31031.25
2021-10-01,SULAWESI TENGGARA,"Chili (red, curly)",29437.5
2021-10-01,SULAWESI TENGGARA,"Chili (red, large)",28450.0
2021-10-01,SULAWESI UTARA,Chili (bird's eye),40450.66
2021-10-01,SULAWESI UTARA,"Chili (bird's eye, green)",34473.683333333334
2021-10-01,SULAWESI UTARA,"Chili (bird's eye, red)",46453.9475
2021-10-01,SULAWESI UTARA,Chili (red),22638.16
2021-10-01,SULAWESI UTARA,"Chili (red, curly)",22638.16
2021-10-01,SUMATERA BARAT,Chili (bird's eye),39725.0
2021-10-01,SUMATERA BARAT,"Chili (bird's eye, green)",38443.75
2021-10-01,SUMATERA BARAT,Chili (red),41475.0
2021-10-01,SUMATERA BARAT,"Chili (red, curly)",41475.0
2021-10-01,SUMATERA SELATAN,Chili (bird's eye),42610.195
2021-10-01,SUMATERA SELATAN,"Chili (bird's eye, green)",39750.0
2021-10-01,SUMATERA SELATAN,"Chili (bird's eye, red)",41563.59666666667
2021-10-01,SUMATERA SELATAN,Chili (red),31978.289999999997
2021-10-01,SUMATERA SELATAN,"Chili (red, curly)",32529.823333333334
2021-10-01,SUMATERA SELATAN,"Chili (red, large)",31426.75333333333
2021-10-01,SUMATERA UTARA,Chili (bird's eye),33613.159
2021-10-01,SUMATERA UTARA,"Chili (bird's eye, green)",32717.705454545456
2021-10-01,SUMATERA UTARA,"Chili (bird's eye, red)",30684.2125
2021-10-01,SUMATERA UTARA,Chili (red),35000.00083333333
2021-10-01,SUMATERA UTARA,"Chili (red, curly)",35170.04153846153
2021-11-01,ACEH,Chili (bird's eye),40659.092
2021-11-01,ACEH,"Chili (bird's eye, green)",40177.274
2021-11-01,ACEH,Chili (red),43663.636
2021-11-01,ACEH,"Chili (red, curly)",43920.454999999994
2021-11-01,BALI,Chili (bird's eye),20571.429999999997
2021-11-01,BALI,"Chili (bird's eye, green)",19690.475
2021-11-01,BALI,"Chili (bird's eye, red)",20690.475
2021-11-01,BALI,Chili (red),23979.165
2021-11-01,BALI,"Chili (red, curly)",28515.475
2021-11-01,BALI,"Chili (red, large)",21154.7625
2021-11-01,BANTEN,Chili (bird's eye),29011.365
2021-11-01,BANTEN,"Chili (bird's eye, green)",28422.728000000003
2021-11-01,BANTEN,"Chili (bird's eye, red)",29022.726666666666
2021-11-01,BANTEN,Chili (red),43268.94
2021-11-01,BANTEN,"Chili (red, curly)",47568.18
2021-11-01,BANTEN,"Chili (red, large)",38825.75666666666
2021-11-01,BENGKULU,Chili (bird's eye),29259.093333333334
2021-11-01,BENGKULU,"Chili (bird's eye, green)",31909.0925
2021-11-01,BENGKULU,"Chili (bird's eye, red)",27343.1825
2021-11-01,BENGKULU,Chili (red),43917.6125
2021-11-01,BENGKULU,"Chili (red, curly)",46869.3175
2021-11-01,BENGKULU,"Chili (red, large)",40965.9075
2021-11-01,DAERAH ISTIMEWA YOGYAKARTA,Chili (bird's eye),23977.27
2021-11-01,DAERAH ISTIMEWA YOGYAKARTA,"Chili (bird's eye, green)",25784.09
2021-11-01,DAERAH ISTIMEWA YOGYAKARTA,"Chili (bird's eye, red)",22454.55
2021-11-01,DAERAH ISTIMEWA YOGYAKARTA,Chili (red),36613.635
2021-11-01,DAERAH ISTIMEWA YOGYAKARTA,"Chili (red, curly)",35977.275
2021-11-01,DAERAH ISTIMEWA YOGYAKARTA,"Chili (red, large)",37250.0
2021-11-01,DKI JAKARTA,Chili (bird's eye),34181.81666666667
2021-11-01,DKI JAKARTA,"Chili (bird's eye, green)",33537.88
2021-11-01,DKI JAKARTA,"Chili (bird's eye, red)",34825.75666666666
2021-11-01,DKI JAKARTA,Chili (red),49446.97
2021-11-01,DKI JAKARTA,"Chili (red, curly)",51621.21333333334
2021-11-01,DKI JAKARTA,"Chili (red, large)",47272.72333333333
2021-11-01,GORONTALO,Chili (bird's eye),36469.700000000004
2021-11-01,GORONTALO,"Chili (bird's eye, green)",38636.36
2021-11-01,GORONTALO,"Chili (bird's eye, red)",36734.85
2021-11-01,GORONTALO,Chili (red),34034.09
2021-11-01,GORONTALO,"Chili (red, curly)",34242.42333333333
2021-11-01,JAMBI,Chili (bird's eye),33900.57
2021-11-01,JAMBI,"Chili (bird's eye, green)",31784.09
2021-11-01,JAMBI,"Chili (bird's eye, red)",36017.045
2021-11-01,JAMBI,Chili (red),42008.525
2021-11-01,JAMBI,"Chili (red, curly)",41727.2725
2021-11-01,JAMBI,"Chili (red, large)",40696.973333333335
2021-11-01,JAWA BARAT,Chili (bird's eye),28970.525
2021-11-01,JAWA BARAT,"Chili (bird's eye, green)",27193.849411764706
2021-11-01,JAWA BARAT,"Chili (bird's eye, red)",30285.42823529412
2021-11-01,JAWA BARAT,Chili (red),42857.14357142857
2021-11-01,JAWA BARAT,"Chili (red, curly)",45269.570555555554
2021-11-01,JAWA BARAT,"Chili (red, large)",41003.78777777778
2021-11-01,JAWA TENGAH,Chili (bird's eye),22272.52090909091
2021-11-01,JAWA TENGAH,"Chili (bird's eye, green)",21302.08375
2021-11-01,JAWA TENGAH,"Chili (bird's eye, red)",23451.581739130434
2021-11-01,JAWA TENGAH,Chili (red),32010.796000000002
2021-11-01,JAWA TENGAH,"Chili (red, curly)",34007.57625
2021-11-01,JAWA TENGAH,"Chili (red, large)",30981.225217391308
2021-11-01,JAWA TIMUR,Chili (bird's eye),17612.373888888887
2021-11-01,JAWA TIMUR,"Chili (bird's eye, green)",16357.143157894738
2021-11-01,JAWA TIMUR,"Chili (bird's eye, red)",19536.507999999998
2021-11-01,JAWA TIMUR,Chili (red),27870.988235294117
2021-11-01,JAWA TIMUR,"Chili (red, curly)",29710.885000000002
2021-11-01,JAWA TIMUR,"Chili (red, large)",27815.78894736842
2021-11-01,KALIMANTAN BARAT,Chili (bird's eye),53872.0925
2021-11-01,KALIMANTAN BARAT,"Chili (bird's eye, green)",49150.2975
2021-11-01,KALIMANTAN BARAT,"Chili (bird's eye, red)",58593.885
2021-11-01,KALIMANTAN BARAT,Chili (red),57531.835
2021-11-01,KALIMANTAN BARAT,"Chili (red, curly)",52662.880000000005
2021-11-01,KALIMANTAN BARAT,"Chili (red, large)",55179.65285714286
2021-11-01,KALIMANTAN SELATAN,Chili (bird's eye),28551.135
2021-11-01,KALIMANTAN SELATAN,"Chili (bird's eye, green)",21630.6825
2021-11-01,KALIMANTAN SELATAN,"Chili (bird's eye, red)",35471.5875
2021-11-01,KALIMANTAN SELATAN,Chili (red),44465.91
2021-11-01,KALIMANTAN SELATAN,"Chili (red, curly)",42954.545
2021-11-01,KALIMANTAN SELATAN,"Chili (red, large)",45977.2725
2021-11-01,KALIMANTAN TENGAH,Chili (bird's eye),39613.276666666665
2021-11-01,KALIMANTAN TENGAH,"Chili (bird's eye, green)",30803.39
2021-11-01,KALIMANTAN TENGAH,"Chili (bird's eye, red)",48423.16
2021-11-01,KALIMANTAN TENGAH,Chili (red),63526.33666666667
2021-11-01,KALIMANTAN TENGAH,"Chili (red, curly)",63676.04666666667
2021-11-01,KALIMANTAN TENGAH,"Chili (red, large)",63376.62333333333
2021-11-01,KALIMANTAN TIMUR,Chili (bird's eye),43071.97
2021-11-01,KALIMANTAN TIMUR,"Chili (bird's eye, green)",52340.90833333333
2021-11-01,KALIMANTAN TIMUR,"Chili (bird's eye, red)",33803.03166666667
2021-11-01,KALIMANTAN TIMUR,Chili (red),37744.8875
2021-11-01,KALIMANTAN TIMUR,"Chili (red, curly)",37909.09166666667
2021-11-01,KALIMANTAN TIMUR,"Chili (red, large)",35348.863333333335
2021-11-01,KALIMANTAN UTARA,Chili (bird's eye),44801.1375
2021-11-01,KALIMANTAN UTARA,"Chili (bird's eye, green)",47301.1375
2021-11-01,KALIMANTAN UTARA,"Chili (bird's eye, red)",42301.134999999995
2021-11-01,KALIMANTAN UTARA,Chili (red),46093.75
2021-11-01,KALIMANTAN UTARA,"Chili (red, curly)",40984.85
2021-11-01,KALIMANTAN UTARA,"Chili (red, large)",48948.865000000005
2021-11-01,KEPULAUAN BANGKA BELITUNG,Chili (bird's eye),42812.5
2021-11-01,KEPULAUAN BANGKA BELITUNG,"Chili (bird's eye, green)",41960.2275
2021-11-01,KEPULAUAN BANGKA BELITUNG,"Chili (bird's eye, red)",43607.955
2021-11-01,KEPULAUAN BANGKA BELITUNG,Chili (red),59275.57000000001
2021-11-01,KEPULAUAN BANGKA BELITUNG,"Chili (red, curly)",53551.1375
2021-11-01,KEPULAUAN BANGKA BELITUNG,"Chili (red, large)",65000.0
2021-11-01,KEPULAUAN RIAU,Chili (bird's eye),37686.366
2021-11-01,KEPULAUAN RIAU,"Chili (bird's eye, green)",37686.366
2021-11-01,KEPULAUAN RIAU,Chili (red),57181.82
2021-11-01,KEPULAUAN RIAU,"Chili (red, curly)",57150.0
2021-11-01,LAMPUNG,Chili (bird's eye),28278.4075
2021-11-01,LAMPUNG,"Chili (bird's eye, green)",31170.455
2021-11-01,LAMPUNG,"Chili (bird's eye, red)",25386.364999999998
2021-11-01,LAMPUNG,Chili (red),40761.365
2021-11-01,LAMPUNG,"Chili (red, curly)",38676.1375
2021-11-01,LAMPUNG,"Chili (red, large)",43643.93666666667
2021-11-01,MALUKU,Chili (bird's eye),63428.026666666665
2021-11-01,MALUKU,"Chili (bird's eye, green)",44318.18
2021-11-01,MALUKU,"Chili (bird's eye, red)",83267.045
2021-11-01,MALUKU,Chili (red),58363.6375
2021-11-01,MALUKU,"Chili (red, curly)",58659.09
2021-11-01,MALUKU,"Chili (red, large)",33181.82
2021-11-01,MALUKU UTARA,Chili (bird's eye),100000.0
2021-11-01,MALUKU UTARA,"Chili (bird's eye, green)",87222.22
2021-11-01,MALUKU UTARA,"Chili (bird's eye, red)",72727.27
2021-11-01,MALUKU UTARA,Chili (red),38636.36
2021-11-01,MALUKU UTARA,"Chili (red, curly)",47045.45
2021-11-01,MALUKU UTARA,"Chili (red, large)",30227.27
2021-11-01,NUSA TENGGARA BARAT,Chili (bird's eye),13654.545999999998
2021-11-01,NUSA TENGGARA BARAT,"Chili (bird's eye, green)",11039.7725
2021-11-01,NUSA TENGGARA BARAT,"Chili (bird's eye, red)",15090.91
2021-11-01,NUSA TENGGARA BARAT,Chili (red),28268.940000000002
2021-11-01,NUSA TENGGARA BARAT,"Chili (red, curly)",32936.366
2021-11-01,NUSA TENGGARA BARAT,"Chili (red, large)",22534.0925
2021-11-01,NUSA TENGGARA TIMUR,Chili (bird's eye),43116.28666666667
2021-11-01,NUSA TENGGARA TIMUR,"Chili (bird's eye, green)",40530.301666666666
2021-11-01,NUSA TENGGARA TIMUR,"Chili (bird's eye, red)",45690.91
2021-11-01,NUSA TENGGARA TIMUR,Chili (red),22282.198333333334
2021-11-01,NUSA TENGGARA TIMUR,"Chili (red, curly)",22992.421666666665
2021-11-01,NUSA TENGGARA TIMUR,"Chili (red, large)",21571.97
2021-11-01,PAPUA,Chili (bird's eye),53090.909999999996
2021-11-01,PAPUA,"Chili (bird's eye, green)",43392.0475
2021-11-01,PAPUA,"Chili (bird's eye, red)",63238.635
2021-11-01,PAPUA,Chili (red),44386.363333333335
2021-11-01,PAPUA,"Chili (red, curly)",43545.455
2021-11-01,PAPUA,"Chili (red, large)",56684.66
2021-11-01,PAPUA BARAT,Chili (bird's eye),82242.965
2021-11-01,PAPUA BARAT,"Chili (bird's eye, green)",40000.0
2021-11-01,PAPUA BARAT,"Chili (bird's eye, red)",82470.2375
2021-11-01,PAPUA BARAT,Chili (red),45340.91
2021-11-01,PAPUA BARAT,"Chili (red, curly)",42156.3875
2021-11-01,PAPUA BARAT,"Chili (red, large)",46709.956666666665
2021-11-01,RIAU,Chili (bird's eye),38334.094
2021-11-01,RIAU,"Chili (bird's eye, green)",36574.677142857145
2021-11-01,RIAU,"Chili (bird's eye, red)",35801.1375
2021-11-01,RIAU,Chili (red),45471.59
2021-11-01,RIAU,"Chili (red, curly)",48747.16
2021-11-01,RIAU,"Chili (red, large)",38825.75833333333
2021-11-01,SULAWESI BARAT,Chili (bird's eye),21417.614999999998
2021-11-01,SULAWESI BARAT,"Chili (bird's eye, green)",16988.6375
2021-11-01,SULAWESI BARAT,"Chili (bird's eye, red)",25846.59
2021-11-01,SULAWESI BARAT,Chili (red),25607.955
2021-11-01,SULAWESI BARAT,"Chili (red, curly)",25579.5425
2021-11-01,SULAWESI BARAT,"Chili (red, large)",22289.7725
2021-11-01,SULAWESI SELATAN,Chili (bird's eye),19841.414444444446
2021-11-01,SULAWESI SELATAN,"Chili (bird's eye, green)",15330.11
2021-11-01,SULAWESI SELATAN,"Chili (bird's eye, red)",21643.18
2021-11-01,SULAWESI SELATAN,Chili (red),21490.908888888887
2021-11-01,SULAWESI SELATAN,"Chili (red, curly)",23368.182
2021-11-01,SULAWESI SELATAN,"Chili (red, large)",19394.319
2021-11-01,SULAWESI TENGAH,Chili (bird's eye),39750.0
2021-11-01,SULAWESI TENGAH,"Chili (bird's eye, green)",41590.91
2021-11-01,SULAWESI TENGAH,"Chili (bird's eye, red)",37909.09
2021-11-01,SULAWESI TENGAH,Chili (red),27613.635000000002
2021-11-01,SULAWESI TENGAH,"Chili (red, curly)",29909.09
2021-11-01,SULAWESI TENGAH,"Chili (red, large)",25318.18
2021-11-01,SULAWESI TENGGARA,Chili (bird's eye),51764.205
2021-11-01,SULAWESI TENGGARA,"Chili (bird's eye, green)",48079.5475
2021-11-01,SULAWESI TENGGARA,"Chili (bird's eye, red)",55448.8625
2021-11-01,SULAWESI TENGGARA,Chili (red),41136.36
2021-11-01,SULAWESI TENGGARA,"Chili (red, curly)",38625.0
2021-11-01,SULAWESI TENGGARA,"Chili (red, large)",36848.48666666667
2021-11-01,SULAWESI UTARA,Chili (bird's eye),30952.38
2021-11-01,SULAWESI UTARA,"Chili (bird's eye, green)",31594.9675
2021-11-01,SULAWESI UTARA,"Chili (bird's eye, red)",30309.7925
2021-11-01,SULAWESI UTARA,Chili (red),22676.677499999998
2021-11-01,SULAWESI UTARA,"Chili (red, curly)",23053.03
2021-11-01,SUMATERA BARAT,Chili (bird's eye),40335.225
2021-11-01,SUMATERA BARAT,"Chili (bird's eye, green)",40335.225
2021-11-01,SUMATERA BARAT,Chili (red),48193.18
2021-11-01,SUMATERA BARAT,"Chili (red, curly)",48193.18
2021-11-01,SUMATERA SELATAN,Chili (bird's eye),39553.57
2021-11-01,SUMATERA SELATAN,"Chili (bird's eye, green)",37976.19
2021-11-01,SUMATERA SELATAN,"Chili (bird's eye, red)",39246.03
2021-11-01,SUMATERA SELATAN,Chili (red),45023.81
2021-11-01,SUMATERA SELATAN,"Chili (red, curly)",45738.09666666666
2021-11-01,SUMATERA SELATAN,"Chili (red, large)",44309.52333333334
2021-11-01,SUMATERA UTARA,Chili (bird's eye),35394.62727272727
2021-11-01,SUMATERA UTARA,"Chili (bird's eye, green)",35022.72615384615
2021-11-01,SUMATERA UTARA,"Chili (bird's eye, red)",33051.134999999995
2021-11-01,SUMATERA UTARA,Chili (red),40445.07666666667
2021-11-01,SUMATERA UTARA,"Chili (red, curly)",40206.29461538461
2021-12-01,ACEH,Chili (bird's eye),46765.216
2021-12-01,ACEH,"Chili (bird's eye, green)",47550.72333333333
2021-12-01,ACEH,"Chili (bird's eye, red)",45000.0
2021-12-01,ACEH,Chili (red),30252.172
2021-12-01,ACEH,"Chili (red, curly)",30249.998333333337
2021-12-01,ACEH,"Chili (red, large)",29000.0
2021-12-01,BALI,Chili (bird's eye),50039.85666666667
2021-12-01,BALI,"Chili (bird's eye, green)",37891.305
2021-12-01,BALI,"Chili (bird's eye, red)",62255.4325
2021-12-01,BALI,Chili (red),27486.4125
2021-12-01,BALI,"Chili (red, curly)",33570.6525
2021-12-01,BALI,"Chili (red, large)",23027.175000000003
2021-12-01,BANTEN,Chili (bird's eye),67222.82666666668
2021-12-01,BANTEN,"Chili (bird's eye, green)",53152.172
2021-12-01,BANTEN,"Chili (bird's eye, red)",81336.955
2021-12-01,BANTEN,Chili (red),43964.6725
2021-12-01,BANTEN,"Chili (red, curly)",45293.47833333333
2021-12-01,BANTEN,"Chili (red, large)",42626.81333333333
2021-12-01,BENGKULU,Chili (bird's eye),40791.85
2021-12-01,BENGKULU,"Chili (bird's eye, green)",42766.305
2021-12-01,BENGKULU,"Chili (bird's eye, red)",38798.3675
2021-12-01,BENGKULU,Chili (red),34273.9125
2021-12-01,BENGKULU,"Chili (red, curly)",36297.2825
2021-12-01,BENGKULU,"Chili (red, large)",32250.0
2021-12-01,DAERAH ISTIMEWA YOGYAKARTA,Chili (bird's eye),68011.36
2021-12-01,DAERAH ISTIMEWA YOGYAKARTA,"Chili (bird's eye, green)",61500.0
2021-12-01,DAERAH ISTIMEWA YOGYAKARTA,"Chili (bird's eye, red)",69869.565
2021-12-01,DAERAH ISTIMEWA YOGYAKARTA,Chili (red),45079.545
2021-12-01,DAERAH ISTIMEWA YOGYAKARTA,"Chili (red, curly)",39782.61
2021-12-01,DAERAH ISTIMEWA YOGYAKARTA,"Chili (red, large)",50054.35
2021-12-01,DKI JAKARTA,Chili (bird's eye),73913.04333333333
2021-12-01,DKI JAKARTA,"Chili (bird's eye, green)",58405.79666666666
2021-12-01,DKI JAKARTA,"Chili (bird's eye, red)",89420.29
2021-12-01,DKI JAKARTA,Chili (red),55734.785
2021-12-01,DKI JAKARTA,"Chili (red, curly)",52355.79666666667
2021-12-01,DKI JAKARTA,"Chili (red, large)",58623.19
2021-12-01,GORONTALO,Chili (bird's eye),79275.36333333333
2021-12-01,GORONTALO,"Chili (bird's eye, green)",65217.39
2021-12-01,GORONTALO,"Chili (bird's eye, red)",81376.81333333334
2021-12-01,GORONTALO,"Chili (red, curly)",56521.74
2021-12-01,JAMBI,Chili (bird's eye),58513.5875
2021-12-01,JAMBI,"Chili (bird's eye, green)",47069.445
2021-12-01,JAMBI,"Chili (bird's eye, red)",70500.0
2021-12-01,JAMBI,Chili (red),30257.243333333332
2021-12-01,JAMBI,"Chili (red, curly)",31125.0
2021-12-01,JAMBI,"Chili (red, large)",30564.813333333335
2021-12-01,JAWA BARAT,Chili (bird's eye),66613.17533333333
2021-12-01,JAWA BARAT,"Chili (bird's eye, green)",51688.61125
2021-12-01,JAWA BARAT,"Chili (bird's eye, red)",79790.10705882353
2021-12-01,JAWA BARAT,Chili (red),46795.29
2021-12-01,JAWA BARAT,"Chili (red, curly)",45401.29555555555
2021-12-01,JAWA BARAT,"Chili (red, large)",47306.76222222222
2021-12-01,JAWA TENGAH,Chili (bird's eye),54725.699565217394
2021-12-01,JAWA TENGAH,"Chili (bird's eye, green)",42983.42130434782
2021-12-01,JAWA TENGAH,"Chili (bird's eye, red)",66675.91782608697
2021-12-01,JAWA TENGAH,Chili (red),37918.793333333335
2021-12-01,JAWA TENGAH,"Chili (red, curly)",37571.98260869565
2021-12-01,JAWA TENGAH,"Chili (red, large)",37358.96833333333
2021-12-01,JAWA TIMUR,Chili (bird's eye),51388.49375
2021-12-01,JAWA TIMUR,"Chili (bird's eye, green)",36998.75210526316
2021-12-01,JAWA TIMUR,"Chili (bird's eye, red)",67868.84
2021-12-01,JAWA TIMUR,Chili (red),32403.684444444443
2021-12-01,JAWA TIMUR,"Chili (red, curly)",36432.197692307695
2021-12-01,JAWA TIMUR,"Chili (red, large)",31365.61368421053
2021-12-01,KALIMANTAN BARAT,Chili (bird's eye),109569.29375
2021-12-01,KALIMANTAN BARAT,"Chili (bird's eye, green)",101157.60875
2021-12-01,KALIMANTAN BARAT,"Chili (bird's eye, red)",117980.9775
2021-12-01,KALIMANTAN BARAT,Chili (red),67565.21666666666
2021-12-01,KALIMANTAN BARAT,"Chili (red, curly)",81739.12999999999
2021-12-01,KALIMANTAN BARAT,"Chili (red, large)",62125.0
2021-12-01,KALIMANTAN SELATAN,Chili (bird's eye),70171.1975
2021-12-01,KALIMANTAN SELATAN,"Chili (bird's eye, green)",46657.61
2021-12-01,KALIMANTAN SELATAN,"Chili (bird's eye, red)",93684.7825
2021-12-01,KALIMANTAN SELATAN,Chili (red),66277.1725
2021-12-01,KALIMANTAN SELATAN,"Chili (red, curly)",68418.48000000001
2021-12-01,KALIMANTAN SELATAN,"Chili (red, large)",64135.87
2021-12-01,KALIMANTAN TENGAH,Chili (bird's eye),84655.79666666668
2021-12-01,KALIMANTAN TENGAH,"Chili (bird's eye, green)",62282.60666666667
2021-12-01,KALIMANTAN TENGAH,"Chili (bird's eye, red)",106920.29
2021-12-01,KALIMANTAN TENGAH,Chili (red),92608.69333333334
2021-12-01,KALIMANTAN TENGAH,"Chili (red, curly)",91521.73666666665
2021-12-01,KALIMANTAN TENGAH,"Chili (red, large)",93695.65333333332
2021-12-01,KALIMANTAN TIMUR,Chili (bird's eye),78983.03833333333
2021-12-01,KALIMANTAN TIMUR,"Chili (bird's eye, green)",67958.52166666667
2021-12-01,KALIMANTAN TIMUR,"Chili (bird's eye, red)",85704.26166666667
2021-12-01,KALIMANTAN TIMUR,Chili (red),69344.20333333332
2021-12-01,KALIMANTAN TIMUR,"Chili (red, curly)",61914.85999999999
2021-12-01,KALIMANTAN TIMUR,"Chili (red, large)",66568.95999999999
2021-12-01,KALIMANTAN UTARA,Chili (bird's eye),90753.675
2021-12-01,KALIMANTAN UTARA,"Chili (bird's eye, green)",84310.65999999999
2021-12-01,KALIMANTAN UTARA,"Chili (bird's eye, red)",94407.17
2021-12-01,KALIMANTAN UTARA,Chili (red),69330.4225
2021-12-01,KALIMANTAN UTARA,"Chili (red, curly)",72248.77333333333
2021-12-01,KALIMANTAN UTARA,"Chili (red, large)",72091.45
2021-12-01,KEPULAUAN BANGKA BELITUNG,Chili (bird's eye),79907.61
2021-12-01,KEPULAUAN BANGKA BELITUNG,"Chili (bird's eye, green)",63358.695
2021-12-01,KEPULAUAN BANGKA BELITUNG,"Chili (bird's eye, red)",95978.80249999999
2021-12-01,KEPULAUAN BANGKA BELITUNG,Chili (red),59695.1075
2021-12-01,KEPULAUAN BANGKA BELITUNG,"Chili (red, curly)",54390.215
2021-12-01,KEPULAUAN BANGKA BELITUNG,"Chili (red, large)",65000.0
2021-12-01,KEPULAUAN RIAU,Chili (bird's eye),54637.462
2021-12-01,KEPULAUAN RIAU,"Chili (bird's eye, green)",54406.25
2021-12-01,KEPULAUAN RIAU,Chili (red),46176.47
2021-12-01,KEPULAUAN RIAU,"Chili (red, curly)",47781.25
2021-12-01,LAMPUNG,Chili (bird's eye),59383.152500000004
2021-12-01,LAMPUNG,"Chili (bird's eye, green)",50195.65
2021-12-01,LAMPUNG,"Chili (bird's eye, red)",68570.6525
2021-12-01,LAMPUNG,Chili (red),40402.17333333333
2021-12-01,LAMPUNG,"Chili (red, curly)",42358.6975
2021-12-01,LAMPUNG,"Chili (red, large)",45753.62333333333
2021-12-01,MALUKU,Chili (bird's eye),105815.22
2021-12-01,MALUKU,"Chili (bird's eye, green)",66793.48000000001
2021-12-01,MALUKU,"Chili (bird's eye, red)",143804.345
2021-12-01,MALUKU,Chili (red),92432.0675
2021-12-01,MALUKU,"Chili (red, curly)",93804.35
2021-12-01,MALUKU,"Chili (red, large)",60869.57
2021-12-01,MALUKU UTARA,Chili (bird's eye),117173.915
2021-12-01,MALUKU UTARA,"Chili (bird's eye, green)",100000.0
2021-12-01,MALUKU UTARA,"Chili (bird's eye, red)",134347.83
2021-12-01,MALUKU UTARA,Chili (red),63260.869999999995
2021-12-01,MALUKU UTARA,"Chili (red, curly)",77608.7
2021-12-01,MALUKU UTARA,"Chili (red, large)",49204.55
2021-12-01,NUSA TENGGARA BARAT,Chili (bird's eye),44352.174
2021-12-01,NUSA TENGGARA BARAT,"Chili (bird's eye, green)",25309.7825
2021-12-01,NUSA TENGGARA BARAT,"Chili (bird's eye, red)",56639.132
2021-12-01,NUSA TENGGARA BARAT,Chili (red),28291.306
2021-12-01,NUSA TENGGARA BARAT,"Chili (red, curly)",31817.390000000003
2021-12-01,NUSA TENGGARA BARAT,"Chili (red, large)",26347.825
2021-12-01,NUSA TENGGARA TIMUR,Chili (bird's eye),46169.20333333334
2021-12-01,NUSA TENGGARA TIMUR,"Chili (bird's eye, green)",42708.333333333336
2021-12-01,NUSA TENGGARA TIMUR,"Chili (bird's eye, red)",49627.775
2021-12-01,NUSA TENGGARA TIMUR,Chili (red),31146.958000000002
2021-12-01,NUSA TENGGARA TIMUR,"Chili (red, curly)",30717.59
2021-12-01,NUSA TENGGARA TIMUR,"Chili (red, large)",30104.168333333335
2021-12-01,PAPUA,Chili (bird's eye),70606.885
2021-12-01,PAPUA,"Chili (bird's eye, green)",53054.56625
2021-12-01,PAPUA,"Chili (bird's eye, red)",86480.07
2021-12-01,PAPUA,Chili (red),71692.02666666666
2021-12-01,PAPUA,"Chili (red, curly)",68454.72125
2021-12-01,PAPUA,"Chili (red, large)",73694.8525
2021-12-01,PAPUA BARAT,Chili (bird's eye),109380.435
2021-12-01,PAPUA BARAT,"Chili (bird's eye, red)",109380.435
2021-12-01,PAPUA BARAT,Chili (red),65788.045
2021-12-01,PAPUA BARAT,"Chili (red, curly)",70054.35
2021-12-01,PAPUA BARAT,"Chili (red, large)",61501.9775
2021-12-01,RIAU,Chili (bird's eye),50747.826
2021-12-01,RIAU,"Chili (bird's eye, green)",47593.75
2021-12-01,RIAU,"Chili (bird's eye, red)",56350.645
2021-12-01,RIAU,Chili (red),35051.63125
2021-12-01,RIAU,"Chili (red, curly)",37434.512500000004
2021-12-01,RIAU,"Chili (red, large)",28924.631666666668
2021-12-01,SULAWESI BARAT,Chili (bird's eye),55380.435
2021-12-01,SULAWESI BARAT,"Chili (bird's eye, green)",44379.445
2021-12-01,SULAWESI BARAT,"Chili (bird's eye, red)",66201.08499999999
2021-12-01,SULAWESI BARAT,Chili (red),43478.263333333336
2021-12-01,SULAWESI BARAT,"Chili (red, curly)",44032.61
2021-12-01,SULAWESI BARAT,"Chili (red, large)",40836.9575
2021-12-01,SULAWESI SELATAN,Chili (bird's eye),56783.81666666667
2021-12-01,SULAWESI SELATAN,"Chili (bird's eye, green)",22315.2175
2021-12-01,SULAWESI SELATAN,"Chili (bird's eye, red)",67126.088
2021-12-01,SULAWESI SELATAN,Chili (red),40107.827000000005
2021-12-01,SULAWESI SELATAN,"Chili (red, curly)",43256.523
2021-12-01,SULAWESI SELATAN,"Chili (red, large)",37028.26222222222
2021-12-01,SULAWESI TENGAH,Chili (bird's eye),77016.305
2021-12-01,SULAWESI TENGAH,"Chili (bird's eye, green)",68641.305
2021-12-01,SULAWESI TENGAH,"Chili (bird's eye, red)",85391.305
2021-12-01,SULAWESI TENGAH,Chili (red),43755.435
2021-12-01,SULAWESI TENGAH,"Chili (red, curly)",46804.345
2021-12-01,SULAWESI TENGAH,"Chili (red, large)",40706.524999999994
2021-12-01,SULAWESI TENGGARA,Chili (bird's eye),84682.065
2021-12-01,SULAWESI TENGGARA,"Chili (bird's eye, green)",73147.0575
2021-12-01,SULAWESI TENGGARA,"Chili (bird's eye, red)",88566.175
2021-12-01,SULAWESI TENGGARA,Chili (red),50326.09
2021-12-01,SULAWESI TENGGARA,"Chili (red, curly)",54448.5275
2021-12-01,SULAWESI TENGGARA,"Chili (red, large)",47254.90333333333
2021-12-01,SULAWESI UTARA,Chili (bird's eye),66959.24
2021-12-01,SULAWESI UTARA,"Chili (bird's eye, green)",50760.869999999995
2021-12-01,SULAWESI UTARA,"Chili (bird's eye, red)",85005.435
2021-12-01,SULAWESI UTARA,Chili (red),45353.259999999995
2021-12-01,SULAWESI UTARA,"Chili (red, curly)",45353.259999999995
2021-12-01,SUMATERA BARAT,Chili (bird's eye),46884.14
2021-12-01,SUMATERA BARAT,"Chili (bird's eye, green)",46884.14
2021-12-01,SUMATERA BARAT,Chili (red),39562.2525
2021-12-01,SUMATERA BARAT,"Chili (red, curly)",39562.2525
2021-12-01,SUMATERA SELATAN,Chili (bird's eye),65402.174999999996
2021-12-01,SUMATERA SELATAN,"Chili (bird's eye, green)",53251.206666666665
2021-12-01,SUMATERA SELATAN,"Chili (bird's eye, red)",71210.95
2021-12-01,SUMATERA SELATAN,Chili (red),44575.75666666666
2021-12-01,SUMATERA SELATAN,"Chili (red, curly)",45033.82
2021-12-01,SUMATERA SELATAN,"Chili (red, large)",43595.81333333333
2021-12-01,SUMATERA UTARA,Chili (bird's eye),45407.11454545455
2021-12-01,SUMATERA UTARA,"Chili (bird's eye, green)",47488.63545454545
2021-12-01,SUMATERA UTARA,"Chili (bird's eye, red)",47081.520000000004
2021-12-01,SUMATERA UTARA,Chili (red),29205.534545454546
2021-12-01,SUMATERA UTARA,"Chili (red, curly)",28689.173076923078
2022-01-01,ACEH,Chili (bird's eye),48928.57166666666
2022-01-01,ACEH,"Chili (bird's eye, green)",49676.19
2022-01-01,ACEH,"Chili (bird's eye, red)",45000.0
2022-01-01,ACEH,Chili (red),21030.238
2022-01-01,ACEH,"Chili (red, curly)",20241.466666666667
2022-01-01,ACEH,"Chili (red, large)",29000.0
2022-01-01,BALI,Chili (bird's eye),40011.905
2022-01-01,BALI,"Chili (bird's eye, green)",33428.57
2022-01-01,BALI,"Chili (bird's eye, red)",41297.619999999995
2022-01-01,BALI,Chili (red),22755.9525
2022-01-01,BALI,"Chili (red, curly)",29922.6175
2022-01-01,BALI,"Chili (red, large)",19279.7625
2022-01-01,BANTEN,Chili (bird's eye),55656.744999999995
2022-01-01,BANTEN,"Chili (bird's eye, green)",52817.46
2022-01-01,BANTEN,"Chili (bird's eye, red)",57079.363333333335
2022-01-01,BANTEN,Chili (red),34136.905
2022-01-01,BANTEN,"Chili (red, curly)",33380.95166666667
2022-01-01,BANTEN,"Chili (red, large)",34147.62
2022-01-01,BENGKULU,Chili (bird's eye),45709.520000000004
2022-01-01,BENGKULU,"Chili (bird's eye, green)",51749.9975
2022-01-01,BENGKULU,"Chili (bird's eye, red)",42747.0225
2022-01-01,BENGKULU,Chili (red),25889.8825
2022-01-01,BENGKULU,"Chili (red, curly)",28349.210000000003
2022-01-01,BENGKULU,"Chili (red, large)",23619.0475
2022-01-01,DAERAH ISTIMEWA YOGYAKARTA,"Chili (bird's eye, green)",49892.854999999996
2022-01-01,DAERAH ISTIMEWA YOGYAKARTA,"Chili (bird's eye, red)",40630.95
2022-01-01,DAERAH ISTIMEWA YOGYAKARTA,Chili (red),35267.854999999996
2022-01-01,DAERAH ISTIMEWA YOGYAKARTA,"Chili (red, curly)",30619.05
2022-01-01,DAERAH ISTIMEWA YOGYAKARTA,"Chili (red, large)",39916.665
2022-01-01,DKI JAKARTA,Chili (bird's eye),63325.895000000004
2022-01-01,DKI JAKARTA,"Chili (bird's eye, green)",59636.90333333333
2022-01-01,DKI JAKARTA,"Chili (bird's eye, red)",65789.68333333333
2022-01-01,DKI JAKARTA,Chili (red),39869.049999999996
2022-01-01,DKI JAKARTA,"Chili (red, curly)",38952.38
2022-01-01,DKI JAKARTA,"Chili (red, large)",40785.71333333333
2022-01-01,GORONTALO,Chili (bird's eye),49500.0
2022-01-01,GORONTALO,"Chili (bird's eye, green)",40952.38
2022-01-01,GORONTALO,"Chili (bird's eye, red)",50769.84333333333
2022-01-01,GORONTALO,Chili (red),46107.145000000004
2022-01-01,GORONTALO,"Chili (red, curly)",44904.763333333336
2022-01-01,JAMBI,Chili (bird's eye),52497.0225
2022-01-01,JAMBI,"Chili (bird's eye, green)",55869.05
2022-01-01,JAMBI,"Chili (bird's eye, red)",52625.0
2022-01-01,JAMBI,Chili (red),21869.045
2022-01-01,JAMBI,"Chili (red, curly)",23142.8575
2022-01-01,JAMBI,"Chili (red, large)",22222.22333333333
2022-01-01,JAWA BARAT,Chili (bird's eye),54576.955714285716
2022-01-01,JAWA BARAT,"Chili (bird's eye, green)",50606.44235294118
2022-01-01,JAWA BARAT,"Chili (bird's eye, red)",59827.38277777777
2022-01-01,JAWA BARAT,Chili (red),34244.791875
2022-01-01,JAWA BARAT,"Chili (red, curly)",33686.50777777778
2022-01-01,JAWA BARAT,"Chili (red, large)",33935.18611111111
2022-01-01,JAWA TENGAH,Chili (bird's eye),37886.56782608696
2022-01-01,JAWA TENGAH,"Chili (bird's eye, green)",34988.09541666667
2022-01-01,JAWA TENGAH,"Chili (bird's eye, red)",41634.57608695652
2022-01-01,JAWA TENGAH,Chili (red),25944.581052631576
2022-01-01,JAWA TENGAH,"Chili (red, curly)",26066.25304347826
2022-01-01,JAWA TENGAH,"Chili (red, large)",25983.135
2022-01-01,JAWA TIMUR,Chili (bird's eye),31299.825294117647
2022-01-01,JAWA TIMUR,"Chili (bird's eye, green)",28480.263157894737
2022-01-01,JAWA TIMUR,"Chili (bird's eye, red)",34822.82823529412
2022-01-01,JAWA TIMUR,Chili (red),25038.69
2022-01-01,JAWA TIMUR,"Chili (red, curly)",28312.82153846154
2022-01-01,JAWA TIMUR,"Chili (red, large)",23966.72947368421
2022-01-01,KALIMANTAN BARAT,Chili (bird's eye),95480.65375
2022-01-01,KALIMANTAN BARAT,"Chili (bird's eye, green)",86693.4525
2022-01-01,KALIMANTAN BARAT,"Chili (bird's eye, red)",104267.8575
2022-01-01,KALIMANTAN BARAT,Chili (red),52353.176666666666
2022-01-01,KALIMANTAN BARAT,"Chili (red, curly)",52460.31833333333
2022-01-01,KALIMANTAN BARAT,"Chili (red, large)",44431.54875
2022-01-01,KALIMANTAN SELATAN,Chili (bird's eye),56699.405
2022-01-01,KALIMANTAN SELATAN,"Chili (bird's eye, green)",39422.6175
2022-01-01,KALIMANTAN SELATAN,"Chili (bird's eye, red)",73976.1925
2022-01-01,KALIMANTAN SELATAN,Chili (red),50895.835
2022-01-01,KALIMANTAN SELATAN,"Chili (red, curly)",52869.0475
2022-01-01,KALIMANTAN SELATAN,"Chili (red, large)",48922.6175
2022-01-01,KALIMANTAN TENGAH,Chili (bird's eye),67678.56999999999
2022-01-01,KALIMANTAN TENGAH,"Chili (bird's eye, green)",53015.87333333333
2022-01-01,KALIMANTAN TENGAH,"Chili (bird's eye, red)",85238.09333333332
2022-01-01,KALIMANTAN TENGAH,Chili (red),71785.71666666666
2022-01-01,KALIMANTAN TENGAH,"Chili (red, curly)",73333.33333333333
2022-01-01,KALIMANTAN TENGAH,"Chili (red, large)",70238.09333333334
2022-01-01,KALIMANTAN TIMUR,Chili (bird's eye),66055.55500000001
2022-01-01,KALIMANTAN TIMUR,"Chili (bird's eye, green)",63357.14333333333
2022-01-01,KALIMANTAN TIMUR,"Chili (bird's eye, red)",68753.96833333334
2022-01-01,KALIMANTAN TIMUR,Chili (red),55095.24
2022-01-01,KALIMANTAN TIMUR,"Chili (red, curly)",55876.98333333334
2022-01-01,KALIMANTAN TIMUR,"Chili (red, large)",55952.381666666675
2022-01-01,KALIMANTAN UTARA,Chili (bird's eye),71547.6175
2022-01-01,KALIMANTAN UTARA,"Chili (bird's eye, green)",71944.44333333334
2022-01-01,KALIMANTAN UTARA,"Chili (bird's eye, red)",62232.1425
2022-01-01,KALIMANTAN UTARA,Chili (red),59056.5475
2022-01-01,KALIMANTAN UTARA,"Chili (red, curly)",60198.41
2022-01-01,KALIMANTAN UTARA,"Chili (red, large)",57579.36666666667
2022-01-01,KEPULAUAN BANGKA BELITUNG,Chili (bird's eye),77309.52
2022-01-01,KEPULAUAN BANGKA BELITUNG,"Chili (bird's eye, green)",77839.285
2022-01-01,KEPULAUAN BANGKA BELITUNG,"Chili (bird's eye, red)",75892.855
2022-01-01,KEPULAUAN BANGKA BELITUNG,Chili (red),55241.07
2022-01-01,KEPULAUAN BANGKA BELITUNG,"Chili (red, curly)",45482.1425
2022-01-01,KEPULAUAN BANGKA BELITUNG,"Chili (red, large)",65000.0
2022-01-01,KEPULAUAN RIAU,Chili (bird's eye),62266.666000000005
2022-01-01,KEPULAUAN RIAU,"Chili (bird's eye, green)",62266.666000000005
2022-01-01,KEPULAUAN RIAU,Chili (red),36898.81
2022-01-01,KEPULAUAN RIAU,"Chili (red, curly)",38195.238
2022-01-01,LAMPUNG,Chili (bird's eye),51913.69
2022-01-01,LAMPUNG,"Chili (bird's eye, green)",52553.5725
2022-01-01,LAMPUNG,"Chili (bird's eye, red)",51273.81
2022-01-01,LAMPUNG,Chili (red),25496.033333333336
2022-01-01,LAMPUNG,"Chili (red, curly)",25803.572500000002
2022-01-01,LAMPUNG,"Chili (red, large)",34341.27
2022-01-01,MALUKU,Chili (bird's eye),104365.08
2022-01-01,MALUKU,"Chili (bird's eye, green)",60476.19
2022-01-01,MALUKU,"Chili (bird's eye, red)",114613.095
2022-01-01,MALUKU,Chili (red),77485.11750000001
2022-01-01,MALUKU,"Chili (red, curly)",75565.475
2022-01-01,MALUKU,"Chili (red, large)",60952.38
2022-01-01,MALUKU UTARA,Chili (bird's eye),122380.95
2022-01-01,MALUKU UTARA,"Chili (bird's eye, green)",100000.0
2022-01-01,MALUKU UTARA,"Chili (bird's eye, red)",122380.95
2022-01-01,MALUKU UTARA,Chili (red),65119.045
2022-01-01,MALUKU UTARA,"Chili (red, curly)",82380.95
2022-01-01,MALUKU UTARA,"Chili (red, large)",48000.0
2022-01-01,NUSA TENGGARA BARAT,Chili (bird's eye),28392.858
2022-01-01,NUSA TENGGARA BARAT,"Chili (bird's eye, green)",17464.285
2022-01-01,NUSA TENGGARA BARAT,"Chili (bird's eye, red)",35600.0
2022-01-01,NUSA TENGGARA BARAT,Chili (red),23752.9775
2022-01-01,NUSA TENGGARA BARAT,"Chili (red, curly)",26095.239999999998
2022-01-01,NUSA TENGGARA BARAT,"Chili (red, large)",22553.57
2022-01-01,NUSA TENGGARA TIMUR,Chili (bird's eye),63442.85833333334
2022-01-01,NUSA TENGGARA TIMUR,"Chili (bird's eye, green)",53075.39666666667
2022-01-01,NUSA TENGGARA TIMUR,"Chili (bird's eye, red)",73802.77500000001
2022-01-01,NUSA TENGGARA TIMUR,Chili (red),51498.01666666666
2022-01-01,NUSA TENGGARA TIMUR,"Chili (red, curly)",51448.41333333333
2022-01-01,NUSA TENGGARA TIMUR,"Chili (red, large)",51547.619999999995
2022-01-01,PAPUA,Chili (bird's eye),64939.794285714284
2022-01-01,PAPUA,"Chili (bird's eye, green)",51758.92875
2022-01-01,PAPUA,"Chili (bird's eye, red)",81709.82125
2022-01-01,PAPUA,Chili (red),66037.41142857143
2022-01-01,PAPUA,"Chili (red, curly)",63764.88
2022-01-01,PAPUA,"Chili (red, large)",69449.40625
2022-01-01,PAPUA BARAT,Chili (bird's eye),90000.0
2022-01-01,PAPUA BARAT,"Chili (bird's eye, green)",45000.0
2022-01-01,PAPUA BARAT,"Chili (bird's eye, red)",90535.715
2022-01-01,PAPUA BARAT,Chili (red),68630.9525
2022-01-01,PAPUA BARAT,"Chili (red, curly)",69577.38
2022-01-01,PAPUA BARAT,"Chili (red, large)",73682.53666666667
2022-01-01,RIAU,Chili (bird's eye),55484.130000000005
2022-01-01,RIAU,"Chili (bird's eye, green)",52494.0475
2022-01-01,RIAU,"Chili (bird's eye, red)",45398.81
2022-01-01,RIAU,Chili (red),30995.3875
2022-01-01,RIAU,"Chili (red, curly)",33809.525
2022-01-01,RIAU,"Chili (red, large)",24674.601666666666
2022-01-01,SULAWESI BARAT,Chili (bird's eye),48625.0
2022-01-01,SULAWESI BARAT,"Chili (bird's eye, green)",41458.332500000004
2022-01-01,SULAWESI BARAT,"Chili (bird's eye, red)",55375.0
2022-01-01,SULAWESI BARAT,Chili (red),34166.665
2022-01-01,SULAWESI BARAT,"Chili (red, curly)",36785.715
2022-01-01,SULAWESI BARAT,"Chili (red, large)",34660.7125
2022-01-01,SULAWESI SELATAN,Chili (bird's eye),39970.37222222222
2022-01-01,SULAWESI SELATAN,"Chili (bird's eye, green)",20573.81
2022-01-01,SULAWESI SELATAN,"Chili (bird's eye, red)",44742.858
2022-01-01,SULAWESI SELATAN,Chili (red),29970.2375
2022-01-01,SULAWESI SELATAN,"Chili (red, curly)",31090.476000000002
2022-01-01,SULAWESI SELATAN,"Chili (red, large)",26993.915555555555
2022-01-01,SULAWESI TENGAH,Chili (bird's eye),60714.285
2022-01-01,SULAWESI TENGAH,"Chili (bird's eye, green)",59404.76
2022-01-01,SULAWESI TENGAH,"Chili (bird's eye, red)",62023.81
2022-01-01,SULAWESI TENGAH,Chili (red),39750.0
2022-01-01,SULAWESI TENGAH,"Chili (red, curly)",36226.19
2022-01-01,SULAWESI TENGAH,"Chili (red, large)",43273.81
2022-01-01,SULAWESI TENGGARA,Chili (bird's eye),60639.880000000005
2022-01-01,SULAWESI TENGGARA,"Chili (bird's eye, green)",54761.9025
2022-01-01,SULAWESI TENGGARA,"Chili (bird's eye, red)",66517.855
2022-01-01,SULAWESI TENGGARA,Chili (red),40277.78
2022-01-01,SULAWESI TENGGARA,"Chili (red, curly)",40684.525
2022-01-01,SULAWESI TENGGARA,"Chili (red, large)",42500.0
2022-01-01,SULAWESI UTARA,Chili (bird's eye),40889.88
2022-01-01,SULAWESI UTARA,"Chili (bird's eye, green)",35875.0
2022-01-01,SULAWESI UTARA,"Chili (bird's eye, red)",45904.7625
2022-01-01,SULAWESI UTARA,Chili (red),35253.97
2022-01-01,SULAWESI UTARA,"Chili (red, curly)",36698.41333333333
2022-01-01,SUMATERA BARAT,Chili (bird's eye),58928.5725
2022-01-01,SUMATERA BARAT,"Chili (bird's eye, green)",58928.5725
2022-01-01,SUMATERA BARAT,Chili (red),32422.62
2022-01-01,SUMATERA BARAT,"Chili (red, curly)",32422.62
2022-01-01,SUMATERA SELATAN,Chili (bird's eye),65521.43000000001
2022-01-01,SUMATERA SELATAN,"Chili (bird's eye, green)",65341.27
2022-01-01,SUMATERA SELATAN,"Chili (bird's eye, red)",63920.63333333334
2022-01-01,SUMATERA SELATAN,Chili (red),38099.996666666666
2022-01-01,SUMATERA SELATAN,"Chili (red, curly)",35419.04666666667
2022-01-01,SUMATERA SELATAN,"Chili (red, large)",40776.189999999995
2022-01-01,SUMATERA UTARA,Chili (bird's eye),49959.525
2022-01-01,SUMATERA UTARA,"Chili (bird's eye, green)",50718.07454545454
2022-01-01,SUMATERA UTARA,"Chili (bird's eye, red)",47630.9525
2022-01-01,SUMATERA UTARA,Chili (red),23597.22333333333
2022-01-01,SUMATERA UTARA,"Chili (red, curly)",23295.14769230769
2022-02-01,ACEH,Chili (bird's eye),46564.815
2022-02-01,ACEH,"Chili (bird's eye, green)",46544.444
2022-02-01,ACEH,Chili (red),31322.22
2022-02-01,ACEH,"Chili (red, curly)",31481.48166666667
2022-02-01,ACEH,"Chili (red, large)",33000.0
2022-02-01,BALI,Chili (bird's eye),32842.59333333333
2022-02-01,BALI,"Chili (bird's eye, green)",28291.6675
2022-02-01,BALI,"Chili (bird's eye, red)",38277.7775
2022-02-01,BALI,Chili (red),24222.22
2022-02-01,BALI,"Chili (red, curly)",28236.1125
2022-02-01,BALI,"Chili (red, large)",22201.3875
2022-02-01,BANTEN,Chili (bird's eye),43104.166666666664
2022-02-01,BANTEN,"Chili (bird's eye, green)",38625.0
2022-02-01,BANTEN,"Chili (bird's eye, red)",46911.575000000004
2022-02-01,BANTEN,Chili (red),37930.555
2022-02-01,BANTEN,"Chili (red, curly)",38448.14833333334
2022-02-01,BANTEN,"Chili (red, large)",35981.48166666667
2022-02-01,BENGKULU,Chili (bird's eye),35519.443333333336
2022-02-01,BENGKULU,"Chili (bird's eye, green)",39493.055
2022-02-01,BENGKULU,"Chili (bird's eye, red)",33403.4725
2022-02-01,BENGKULU,Chili (red),31038.195
2022-02-01,BENGKULU,"Chili (red, curly)",33583.335
2022-02-01,BENGKULU,"Chili (red, large)",28493.0525
2022-02-01,DAERAH ISTIMEWA YOGYAKARTA,Chili (bird's eye),34041.67
2022-02-01,DAERAH ISTIMEWA YOGYAKARTA,"Chili (bird's eye, green)",38819.445
2022-02-01,DAERAH ISTIMEWA YOGYAKARTA,"Chili (bird's eye, red)",33305.555
2022-02-01,DAERAH ISTIMEWA YOGYAKARTA,Chili (red),34909.72
2022-02-01,DAERAH ISTIMEWA YOGYAKARTA,"Chili (red, curly)",33902.78
2022-02-01,DAERAH ISTIMEWA YOGYAKARTA,"Chili (red, large)",35916.665
2022-02-01,DKI JAKARTA,Chili (bird's eye),48229.17
2022-02-01,DKI JAKARTA,"Chili (bird's eye, green)",43101.85333333333
2022-02-01,DKI JAKARTA,"Chili (bird's eye, red)",53055.55333333334
2022-02-01,DKI JAKARTA,Chili (red),42546.29666666667
2022-02-01,DKI JAKARTA,"Chili (red, curly)",42407.403333333335
2022-02-01,DKI JAKARTA,"Chili (red, large)",42685.183333333334
2022-02-01,GORONTALO,Chili (bird's eye),51736.113333333335
2022-02-01,GORONTALO,"Chili (bird's eye, green)",35000.0
2022-02-01,GORONTALO,"Chili (bird's eye, red)",55046.29666666667
2022-02-01,GORONTALO,Chili (red),45708.335
2022-02-01,GORONTALO,"Chili (red, curly)",45009.26
2022-02-01,JAMBI,Chili (bird's eye),42347.2225
2022-02-01,JAMBI,"Chili (bird's eye, green)",42486.11
2022-02-01,JAMBI,"Chili (bird's eye, red)",47527.775
2022-02-01,JAMBI,Chili (red),32940.9725
2022-02-01,JAMBI,"Chili (red, curly)",32791.667499999996
2022-02-01,JAMBI,"Chili (red, large)",32129.63
2022-02-01,JAWA BARAT,Chili (bird's eye),40573.5305882353
2022-02-01,JAWA BARAT,"Chili (bird's eye, green)",36236.110555555555
2022-02-01,JAWA BARAT,"Chili (bird's eye, red)",45312.09176470589
2022-02-01,JAWA BARAT,Chili (red),36405.208125
2022-02-01,JAWA BARAT,"Chili (red, curly)",36273.61111111111
2022-02-01,JAWA BARAT,"Chili (red, large)",36733.79666666666
2022-02-01,JAWA TENGAH,Chili (bird's eye),32796.08590909091
2022-02-01,JAWA TENGAH,"Chili (bird's eye, green)",28748.791304347826
2022-02-01,JAWA TENGAH,"Chili (bird's eye, red)",36024.15434782609
2022-02-01,JAWA TENGAH,Chili (red),31098.392105263156
2022-02-01,JAWA TENGAH,"Chili (red, curly)",32070.602499999997
2022-02-01,JAWA TENGAH,"Chili (red, large)",30708.333478260873
2022-02-01,JAWA TIMUR,Chili (bird's eye),28808.160625
2022-02-01,JAWA TIMUR,"Chili (bird's eye, green)",23502.924210526315
2022-02-01,JAWA TIMUR,"Chili (bird's eye, red)",36449.65375
2022-02-01,JAWA TIMUR,Chili (red),29468.365000000005
2022-02-01,JAWA TIMUR,"Chili (red, curly)",31538.46230769231
2022-02-01,JAWA TIMUR,"Chili (red, large)",28738.30368421053
2022-02-01,KALIMANTAN BARAT,Chili (bird's eye),76967.01375
2022-02-01,KALIMANTAN BARAT,"Chili (bird's eye, green)",69624.99875
2022-02-01,KALIMANTAN BARAT,"Chili (bird's eye, red)",84309.0275
2022-02-01,KALIMANTAN BARAT,Chili (red),53200.0
2022-02-01,KALIMANTAN BARAT,"Chili (red, curly)",52342.59333333333
2022-02-01,KALIMANTAN BARAT,"Chili (red, large)",53020.83375
2022-02-01,KALIMANTAN SELATAN,Chili (bird's eye),48232.6375
2022-02-01,KALIMANTAN SELATAN,"Chili (bird's eye, green)",34784.7225
2022-02-01,KALIMANTAN SELATAN,"Chili (bird's eye, red)",61680.557499999995
2022-02-01,KALIMANTAN SELATAN,Chili (red),50243.055
2022-02-01,KALIMANTAN SELATAN,"Chili (red, curly)",50277.775
2022-02-01,KALIMANTAN SELATAN,"Chili (red, large)",50208.332500000004
2022-02-01,KALIMANTAN TENGAH,Chili (bird's eye),62951.39
2022-02-01,KALIMANTAN TENGAH,"Chili (bird's eye, green)",44120.369999999995
2022-02-01,KALIMANTAN TENGAH,"Chili (bird's eye, red)",73148.14666666667
2022-02-01,KALIMANTAN TENGAH,Chili (red),67175.92333333334
2022-02-01,KALIMANTAN TENGAH,"Chili (red, curly)",67638.88666666667
2022-02-01,KALIMANTAN TENGAH,"Chili (red, large)",66712.96333333333
2022-02-01,KALIMANTAN TIMUR,Chili (bird's eye),55206.01833333333
2022-02-01,KALIMANTAN TIMUR,"Chili (bird's eye, green)",53263.888333333336
2022-02-01,KALIMANTAN TIMUR,"Chili (bird's eye, red)",56550.0
2022-02-01,KALIMANTAN TIMUR,Chili (red),47958.333999999995
2022-02-01,KALIMANTAN TIMUR,"Chili (red, curly)",46972.22166666667
2022-02-01,KALIMANTAN TIMUR,"Chili (red, large)",48587.96333333334
2022-02-01,KALIMANTAN UTARA,Chili (bird's eye),88364.5825
2022-02-01,KALIMANTAN UTARA,"Chili (bird's eye, green)",94527.7775
2022-02-01,KALIMANTAN UTARA,"Chili (bird's eye, red)",82201.3875
2022-02-01,KALIMANTAN UTARA,Chili (red),57447.917499999996
2022-02-01,KALIMANTAN UTARA,"Chili (red, curly)",51435.18666666667
2022-02-01,KALIMANTAN UTARA,"Chili (red, large)",57291.667499999996
2022-02-01,KEPULAUAN BANGKA BELITUNG,Chili (bird's eye),56402.78
2022-02-01,KEPULAUAN BANGKA BELITUNG,"Chili (bird's eye, green)",60611.1125
2022-02-01,KEPULAUAN BANGKA BELITUNG,"Chili (bird's eye, red)",55138.89
2022-02-01,KEPULAUAN BANGKA BELITUNG,Chili (red),54972.2225
2022-02-01,KEPULAUAN BANGKA BELITUNG,"Chili (red, curly)",45152.7775
2022-02-01,KEPULAUAN BANGKA BELITUNG,"Chili (red, large)",64791.667499999996
2022-02-01,KEPULAUAN RIAU,Chili (bird's eye),44361.11
2022-02-01,KEPULAUAN RIAU,"Chili (bird's eye, green)",44361.11
2022-02-01,KEPULAUAN RIAU,Chili (red),41490.74
2022-02-01,KEPULAUAN RIAU,"Chili (red, curly)",40827.778000000006
2022-02-01,LAMPUNG,Chili (bird's eye),37201.39
2022-02-01,LAMPUNG,"Chili (bird's eye, green)",37201.39
2022-02-01,LAMPUNG,"Chili (bird's eye, red)",37201.385
2022-02-01,LAMPUNG,Chili (red),27597.225
2022-02-01,LAMPUNG,"Chili (red, curly)",29944.4425
2022-02-01,LAMPUNG,"Chili (red, large)",35787.04
2022-02-01,MALUKU,Chili (bird's eye),83611.11
2022-02-01,MALUKU,"Chili (bird's eye, green)",57083.335
2022-02-01,MALUKU,"Chili (bird's eye, red)",96111.11
2022-02-01,MALUKU,Chili (red),65607.6375
2022-02-01,MALUKU,"Chili (red, curly)",57638.886666666665
2022-02-01,MALUKU,"Chili (red, large)",52222.22
2022-02-01,MALUKU UTARA,"Chili (bird's eye, green)",100000.0
2022-02-01,MALUKU UTARA,"Chili (bird's eye, red)",98333.33
2022-02-01,MALUKU UTARA,Chili (red),65555.555
2022-02-01,MALUKU UTARA,"Chili (red, curly)",78333.33
2022-02-01,MALUKU UTARA,"Chili (red, large)",52777.78
2022-02-01,NUSA TENGGARA BARAT,Chili (bird's eye),30151.664
2022-02-01,NUSA TENGGARA BARAT,"Chili (bird's eye, green)",17255.555
2022-02-01,NUSA TENGGARA BARAT,"Chili (bird's eye, red)",38203.333999999995
2022-02-01,NUSA TENGGARA BARAT,Chili (red),25239.5825
2022-02-01,NUSA TENGGARA BARAT,"Chili (red, curly)",27066.667999999998
2022-02-01,NUSA TENGGARA BARAT,"Chili (red, large)",22305.553999999996
2022-02-01,NUSA TENGGARA TIMUR,Chili (bird's eye),58810.64666666667
2022-02-01,NUSA TENGGARA TIMUR,"Chili (bird's eye, green)",49259.25833333333
2022-02-01,NUSA TENGGARA TIMUR,"Chili (bird's eye, red)",68353.70166666668
2022-02-01,NUSA TENGGARA TIMUR,Chili (red),44722.225
2022-02-01,NUSA TENGGARA TIMUR,"Chili (red, curly)",44722.22166666667
2022-02-01,NUSA TENGGARA TIMUR,"Chili (red, large)",45648.14666666667
2022-02-01,PAPUA,Chili (bird's eye),64014.176666666666
2022-02-01,PAPUA,"Chili (bird's eye, green)",51821.43
2022-02-01,PAPUA,"Chili (bird's eye, red)",82257.38
2022-02-01,PAPUA,Chili (red),75687.00428571428
2022-02-01,PAPUA,"Chili (red, curly)",72096.35375
2022-02-01,PAPUA,"Chili (red, large)",77907.98625
2022-02-01,PAPUA BARAT,Chili (bird's eye),67569.445
2022-02-01,PAPUA BARAT,"Chili (bird's eye, red)",75000.0
2022-02-01,PAPUA BARAT,Chili (red),55659.725
2022-02-01,PAPUA BARAT,"Chili (red, curly)",53958.335
2022-02-01,PAPUA BARAT,"Chili (red, large)",57361.1125
2022-02-01,RIAU,Chili (bird's eye),43427.776
2022-02-01,RIAU,"Chili (bird's eye, green)",41970.58714285714
2022-02-01,RIAU,"Chili (bird's eye, red)",41520.832500000004
2022-02-01,RIAU,Chili (red),37774.715
2022-02-01,RIAU,"Chili (red, curly)",39972.0175
2022-02-01,RIAU,"Chili (red, large)",33846.065
2022-02-01,SULAWESI BARAT,Chili (bird's eye),39239.585
2022-02-01,SULAWESI BARAT,"Chili (bird's eye, green)",34083.333333333336
2022-02-01,SULAWESI BARAT,"Chili (bird's eye, red)",44131.945
2022-02-01,SULAWESI BARAT,Chili (red),31148.149999999998
2022-02-01,SULAWESI BARAT,"Chili (red, curly)",31277.775
2022-02-01,SULAWESI BARAT,"Chili (red, large)",30631.945
2022-02-01,SULAWESI SELATAN,Chili (bird's eye),34129.93888888889
2022-02-01,SULAWESI SELATAN,"Chili (bird's eye, green)",20763.89
2022-02-01,SULAWESI SELATAN,"Chili (bird's eye, red)",37505.557
2022-02-01,SULAWESI SELATAN,Chili (red),27073.14888888889
2022-02-01,SULAWESI SELATAN,"Chili (red, curly)",28404.321111111112
2022-02-01,SULAWESI SELATAN,"Chili (red, large)",25591.110999999997
2022-02-01,SULAWESI TENGAH,Chili (bird's eye),58298.61
2022-02-01,SULAWESI TENGAH,"Chili (bird's eye, green)",59305.555
2022-02-01,SULAWESI TENGAH,"Chili (bird's eye, red)",57291.67
2022-02-01,SULAWESI TENGAH,Chili (red),38493.055
2022-02-01,SULAWESI TENGAH,"Chili (red, curly)",33375.0
2022-02-01,SULAWESI TENGAH,"Chili (red, large)",43611.11
2022-02-01,SULAWESI TENGGARA,Chili (bird's eye),52881.945
2022-02-01,SULAWESI TENGGARA,"Chili (bird's eye, green)",49861.1125
2022-02-01,SULAWESI TENGGARA,"Chili (bird's eye, red)",55902.7775
2022-02-01,SULAWESI TENGGARA,Chili (red),39125.0
2022-02-01,SULAWESI TENGGARA,"Chili (red, curly)",38784.72
2022-02-01,SULAWESI TENGGARA,"Chili (red, large)",38972.2225
2022-02-01,SULAWESI UTARA,Chili (bird's eye),42000.0
2022-02-01,SULAWESI UTARA,"Chili (bird's eye, green)",32493.0575
2022-02-01,SULAWESI UTARA,"Chili (bird's eye, red)",51506.945
2022-02-01,SULAWESI UTARA,Chili (red),38898.15
2022-02-01,SULAWESI UTARA,"Chili (red, curly)",40819.445
2022-02-01,SUMATERA BARAT,Chili (bird's eye),44701.3875
2022-02-01,SUMATERA BARAT,"Chili (bird's eye, green)",40527.776666666665
2022-02-01,SUMATERA BARAT,Chili (red),38201.39
2022-02-01,SUMATERA BARAT,"Chili (red, curly)",38201.39
2022-02-01,SUMATERA SELATAN,Chili (bird's eye),44513.89
2022-02-01,SUMATERA SELATAN,"Chili (bird's eye, green)",49750.0
2022-02-01,SUMATERA SELATAN,"Chili (bird's eye, red)",51935.18666666667
2022-02-01,SUMATERA SELATAN,Chili (red),41072.22
2022-02-01,SUMATERA SELATAN,"Chili (red, curly)",38901.85333333333
2022-02-01,SUMATERA SELATAN,"Chili (red, large)",43230.55333333334
2022-02-01,SUMATERA UTARA,Chili (bird's eye),40388.89
2022-02-01,SUMATERA UTARA,"Chili (bird's eye, green)",40470.086153846154
2022-02-01,SUMATERA UTARA,"Chili (bird's eye, red)",35458.335
2022-02-01,SUMATERA UTARA,Chili (red),32255.555
2022-02-01,SUMATERA UTARA,"Chili (red, curly)",32361.11076923077
2022-03-01,ACEH,Chili (bird's eye),43127.706
2022-03-01,ACEH,"Chili (bird's eye, green)",45261.3625
2022-03-01,ACEH,Chili (red),53381.81799999999
2022-03-01,ACEH,"Chili (red, curly)",53191.34199999999
2022-03-01,BALI,Chili (bird's eye),41799.24333333334
2022-03-01,BALI,"Chili (bird's eye, green)",31551.135000000002
2022-03-01,BALI,"Chili (bird's eye, red)",51530.30333333334
2022-03-01,BALI,Chili (red),37903.41
2022-03-01,BALI,"Chili (red, curly)",39676.1375
2022-03-01,BALI,"Chili (red, large)",36636.3625
2022-03-01,BANTEN,Chili (bird's eye),51895.833333333336
2022-03-01,BANTEN,"Chili (bird's eye, green)",40392.045
2022-03-01,BANTEN,"Chili (bird's eye, red)",62056.82
2022-03-01,BANTEN,Chili (red),51213.638
2022-03-01,BANTEN,"Chili (red, curly)",48435.605
2022-03-01,BANTEN,"Chili (red, large)",52621.21166666667
2022-03-01,BENGKULU,Chili (bird's eye),35837.5
2022-03-01,BENGKULU,"Chili (bird's eye, green)",33926.137500000004
2022-03-01,BENGKULU,"Chili (bird's eye, red)",37728.9775
2022-03-01,BENGKULU,Chili (red),42991.4775
2022-03-01,BENGKULU,"Chili (red, curly)",45392.045
2022-03-01,BENGKULU,"Chili (red, large)",40590.91
2022-03-01,DAERAH ISTIMEWA YOGYAKARTA,Chili (bird's eye),46375.0
2022-03-01,DAERAH ISTIMEWA YOGYAKARTA,"Chili (bird's eye, green)",40363.64
2022-03-01,DAERAH ISTIMEWA YOGYAKARTA,"Chili (bird's eye, red)",52386.365000000005
2022-03-01,DAERAH ISTIMEWA YOGYAKARTA,Chili (red),43397.729999999996
2022-03-01,DAERAH ISTIMEWA YOGYAKARTA,"Chili (red, curly)",42681.82000000001
2022-03-01,DAERAH ISTIMEWA YOGYAKARTA,"Chili (red, large)",44113.64
2022-03-01,DKI JAKARTA,Chili (bird's eye),56420.455
2022-03-01,DKI JAKARTA,"Chili (bird's eye, green)",40909.09
2022-03-01,DKI JAKARTA,"Chili (bird's eye, red)",70454.54333333333
2022-03-01,DKI JAKARTA,Chili (red),54753.78666666666
2022-03-01,DKI JAKARTA,"Chili (red, curly)",50378.78666666666
2022-03-01,DKI JAKARTA,"Chili (red, large)",59128.78666666666
2022-03-01,GORONTALO,Chili (bird's eye),59928.573333333334
2022-03-01,GORONTALO,"Chili (bird's eye, green)",35000.0
2022-03-01,GORONTALO,"Chili (bird's eye, red)",64817.46
2022-03-01,GORONTALO,Chili (red),50142.85666666667
2022-03-01,GORONTALO,"Chili (red, curly)",50142.85666666667
2022-03-01,JAMBI,Chili (bird's eye),44838.07
2022-03-01,JAMBI,"Chili (bird's eye, green)",29909.09
2022-03-01,JAMBI,"Chili (bird's eye, red)",57079.5475
2022-03-01,JAMBI,Chili (red),41303.9775
2022-03-01,JAMBI,"Chili (red, curly)",41011.3625
2022-03-01,JAMBI,"Chili (red, large)",41596.59
2022-03-01,JAWA BARAT,Chili (bird's eye),50277.1
2022-03-01,JAWA BARAT,"Chili (bird's eye, green)",39258.37176470589
2022-03-01,JAWA BARAT,"Chili (bird's eye, red)",63643.91
2022-03-01,JAWA BARAT,Chili (red),48864.70294117647
2022-03-01,JAWA BARAT,"Chili (red, curly)",47399.77166666667
2022-03-01,JAWA BARAT,"Chili (red, large)",50273.95888888889
2022-03-01,JAWA TENGAH,Chili (bird's eye),39206.30181818182
2022-03-01,JAWA TENGAH,"Chili (bird's eye, green)",29763.257083333334
2022-03-01,JAWA TENGAH,"Chili (bird's eye, red)",48985.474347826086
2022-03-01,JAWA TENGAH,Chili (red),39845.02238095238
2022-03-01,JAWA TENGAH,"Chili (red, curly)",40739.86708333334
2022-03-01,JAWA TENGAH,"Chili (red, large)",39387.35130434782
2022-03-01,JAWA TIMUR,Chili (bird's eye),34530.74941176471
2022-03-01,JAWA TIMUR,"Chili (bird's eye, green)",23362.439473684208
2022-03-01,JAWA TIMUR,"Chili (bird's eye, red)",47172.46
2022-03-01,JAWA TIMUR,Chili (red),44046.791176470586
2022-03-01,JAWA TIMUR,"Chili (red, curly)",43396.85384615384
2022-03-01,JAWA TIMUR,"Chili (red, large)",44339.71315789474
2022-03-01,KALIMANTAN BARAT,Chili (bird's eye),74838.06875
2022-03-01,KALIMANTAN BARAT,"Chili (bird's eye, green)",67613.63625
2022-03-01,KALIMANTAN BARAT,"Chili (bird's eye, red)",82062.49875
2022-03-01,KALIMANTAN BARAT,Chili (red),56702.274
2022-03-01,KALIMANTAN BARAT,"Chili (red, curly)",49867.424999999996
2022-03-01,KALIMANTAN BARAT,"Chili (red, large)",58275.56875
2022-03-01,KALIMANTAN SELATAN,Chili (bird's eye),57730.1125
2022-03-01,KALIMANTAN SELATAN,"Chili (bird's eye, green)",39028.41
2022-03-01,KALIMANTAN SELATAN,"Chili (bird's eye, red)",76431.8175
2022-03-01,KALIMANTAN SELATAN,Chili (red),56627.84
2022-03-01,KALIMANTAN SELATAN,"Chili (red, curly)",56863.635
2022-03-01,KALIMANTAN SELATAN,"Chili (red, large)",56392.045
2022-03-01,KALIMANTAN TENGAH,Chili (bird's eye),71789.775
2022-03-01,KALIMANTAN TENGAH,"Chili (bird's eye, green)",47196.96666666667
2022-03-01,KALIMANTAN TENGAH,"Chili (bird's eye, red)",87007.57333333332
2022-03-01,KALIMANTAN TENGAH,Chili (red),71799.24
2022-03-01,KALIMANTAN TENGAH,"Chili (red, curly)",70568.18000000001
2022-03-01,KALIMANTAN TENGAH,"Chili (red, large)",73030.30333333333
2022-03-01,KALIMANTAN TIMUR,Chili (bird's eye),64065.92833333334
2022-03-01,KALIMANTAN TIMUR,"Chili (bird's eye, green)",57105.880000000005
2022-03-01,KALIMANTAN TIMUR,"Chili (bird's eye, red)",71025.97333333333
2022-03-01,KALIMANTAN TIMUR,Chili (red),55861.2
2022-03-01,KALIMANTAN TIMUR,"Chili (red, curly)",56521.10333333333
2022-03-01,KALIMANTAN TIMUR,"Chili (red, large)",57740.799999999996
2022-03-01,KALIMANTAN UTARA,Chili (bird's eye),119289.775
2022-03-01,KALIMANTAN UTARA,"Chili (bird's eye, green)",124346.59
2022-03-01,KALIMANTAN UTARA,"Chili (bird's eye, red)",114232.955
2022-03-01,KALIMANTAN UTARA,Chili (red),72281.2475
2022-03-01,KALIMANTAN UTARA,"Chili (red, curly)",66931.81999999999
2022-03-01,KALIMANTAN UTARA,"Chili (red, large)",70926.1375
2022-03-01,KEPULAUAN BANGKA BELITUNG,Chili (bird's eye),64210.225
2022-03-01,KEPULAUAN BANGKA BELITUNG,"Chili (bird's eye, green)",53738.6375
2022-03-01,KEPULAUAN BANGKA BELITUNG,"Chili (bird's eye, red)",73948.8625
2022-03-01,KEPULAUAN BANGKA BELITUNG,Chili (red),60715.9075
2022-03-01,KEPULAUAN BANGKA BELITUNG,"Chili (red, curly)",56772.7275
2022-03-01,KEPULAUAN BANGKA BELITUNG,"Chili (red, large)",64659.09
2022-03-01,KEPULAUAN RIAU,Chili (bird's eye),44400.0
2022-03-01,KEPULAUAN RIAU,"Chili (bird's eye, green)",44400.0
2022-03-01,KEPULAUAN RIAU,Chili (red),56511.905
2022-03-01,KEPULAUAN RIAU,"Chili (red, curly)",57123.808
2022-03-01,LAMPUNG,Chili (bird's eye),45036.9325
2022-03-01,LAMPUNG,"Chili (bird's eye, green)",37767.0475
2022-03-01,LAMPUNG,"Chili (bird's eye, red)",52306.8175
2022-03-01,LAMPUNG,Chili (red),37181.816666666666
2022-03-01,LAMPUNG,"Chili (red, curly)",39250.0
2022-03-01,LAMPUNG,"Chili (red, large)",42333.333333333336
2022-03-01,MALUKU,Chili (bird's eye),116282.4675
2022-03-01,MALUKU,"Chili (bird's eye, green)",59431.82
2022-03-01,MALUKU,"Chili (bird's eye, red)",125349.0275
2022-03-01,MALUKU,Chili (red),76856.06
2022-03-01,MALUKU,"Chili (red, curly)",77083.3325
2022-03-01,MALUKU,"Chili (red, large)",53181.82
2022-03-01,MALUKU UTARA,Chili (bird's eye),110000.0
2022-03-01,MALUKU UTARA,"Chili (bird's eye, green)",103636.36
2022-03-01,MALUKU UTARA,"Chili (bird's eye, red)",110000.0
2022-03-01,MALUKU UTARA,Chili (red),73522.73000000001
2022-03-01,MALUKU UTARA,"Chili (red, curly)",85454.55
2022-03-01,MALUKU UTARA,"Chili (red, large)",61590.91
2022-03-01,NUSA TENGGARA BARAT,Chili (bird's eye),49072.728
2022-03-01,NUSA TENGGARA BARAT,"Chili (bird's eye, green)",28352.2725
2022-03-01,NUSA TENGGARA BARAT,"Chili (bird's eye, red)",62986.362
2022-03-01,NUSA TENGGARA BARAT,Chili (red),37306.82
2022-03-01,NUSA TENGGARA BARAT,"Chili (red, curly)",38531.818
2022-03-01,NUSA TENGGARA BARAT,"Chili (red, large)",37045.455
2022-03-01,NUSA TENGGARA TIMUR,Chili (bird's eye),60589.28666666666
2022-03-01,NUSA TENGGARA TIMUR,"Chili (bird's eye, green)",50277.77833333333
2022-03-01,NUSA TENGGARA TIMUR,"Chili (bird's eye, red)",70898.80833333333
2022-03-01,NUSA TENGGARA TIMUR,Chili (red),46188.49333333334
2022-03-01,NUSA TENGGARA TIMUR,"Chili (red, curly)",45992.06333333333
2022-03-01,NUSA TENGGARA TIMUR,"Chili (red, large)",46384.920000000006
2022-03-01,PAPUA,Chili (bird's eye),99735.93125
2022-03-01,PAPUA,"Chili (bird's eye, green)",81402.75142857143
2022-03-01,PAPUA,"Chili (bird's eye, red)",120034.225
2022-03-01,PAPUA,Chili (red),98173.16714285714
2022-03-01,PAPUA,"Chili (red, curly)",90874.8125
2022-03-01,PAPUA,"Chili (red, large)",100659.69875
2022-03-01,PAPUA BARAT,Chili (bird's eye),65511.365000000005
2022-03-01,PAPUA BARAT,"Chili (bird's eye, red)",71287.88
2022-03-01,PAPUA BARAT,Chili (red),68750.0
2022-03-01,PAPUA BARAT,"Chili (red, curly)",56250.0
2022-03-01,PAPUA BARAT,"Chili (red, large)",65624.9975
2022-03-01,RIAU,Chili (bird's eye),46863.99833333333
2022-03-01,RIAU,"Chili (bird's eye, green)",40120.438571428575
2022-03-01,RIAU,"Chili (bird's eye, red)",62551.1375
2022-03-01,RIAU,Chili (red),51397.16
2022-03-01,RIAU,"Chili (red, curly)",52872.51125
2022-03-01,RIAU,"Chili (red, large)",48759.380000000005
2022-03-01,SULAWESI BARAT,Chili (bird's eye),48585.23
2022-03-01,SULAWESI BARAT,"Chili (bird's eye, green)",40886.3625
2022-03-01,SULAWESI BARAT,"Chili (bird's eye, red)",55880.6825
2022-03-01,SULAWESI BARAT,Chili (red),40079.545
2022-03-01,SULAWESI BARAT,"Chili (red, curly)",40420.455
2022-03-01,SULAWESI BARAT,"Chili (red, large)",39738.634999999995
2022-03-01,SULAWESI SELATAN,Chili (bird's eye),50088.06875
2022-03-01,SULAWESI SELATAN,"Chili (bird's eye, green)",29605.682500000003
2022-03-01,SULAWESI SELATAN,"Chili (bird's eye, red)",56763.638
2022-03-01,SULAWESI SELATAN,Chili (red),40659.09125
2022-03-01,SULAWESI SELATAN,"Chili (red, curly)",41587.119999999995
2022-03-01,SULAWESI SELATAN,"Chili (red, large)",38468.865000000005
2022-03-01,SULAWESI TENGAH,Chili (bird's eye),69431.82
2022-03-01,SULAWESI TENGAH,"Chili (bird's eye, green)",67443.18
2022-03-01,SULAWESI TENGAH,"Chili (bird's eye, red)",71420.45499999999
2022-03-01,SULAWESI TENGAH,Chili (red),46943.185
2022-03-01,SULAWESI TENGAH,"Chili (red, curly)",40250.0
2022-03-01,SULAWESI TENGAH,"Chili (red, large)",53636.36
2022-03-01,SULAWESI TENGGARA,Chili (bird's eye),58920.4525
2022-03-01,SULAWESI TENGGARA,"Chili (bird's eye, green)",55198.8625
2022-03-01,SULAWESI TENGGARA,"Chili (bird's eye, red)",62642.045
2022-03-01,SULAWESI TENGGARA,Chili (red),63977.27
2022-03-01,SULAWESI TENGGARA,"Chili (red, curly)",50357.955
2022-03-01,SULAWESI TENGGARA,"Chili (red, large)",58517.045
2022-03-01,SULAWESI UTARA,Chili (bird's eye),51656.25
2022-03-01,SULAWESI UTARA,"Chili (bird's eye, green)",39374.9975
2022-03-01,SULAWESI UTARA,"Chili (bird's eye, red)",63937.5025
2022-03-01,SULAWESI UTARA,Chili (red),52607.955
2022-03-01,SULAWESI UTARA,"Chili (red, curly)",53189.39333333333
2022-03-01,SUMATERA BARAT,Chili (bird's eye),35937.5
2022-03-01,SUMATERA BARAT,"Chili (bird's eye, green)",35937.5
2022-03-01,SUMATERA BARAT,Chili (red),48630.682499999995
2022-03-01,SUMATERA BARAT,"Chili (red, curly)",48630.682499999995
2022-03-01,SUMATERA SELATAN,Chili (bird's eye),51712.880000000005
2022-03-01,SUMATERA SELATAN,"Chili (bird's eye, green)",42087.87666666667
2022-03-01,SUMATERA SELATAN,"Chili (bird's eye, red)",61325.003333333334
2022-03-01,SUMATERA SELATAN,Chili (red),53149.24333333334
2022-03-01,SUMATERA SELATAN,"Chili (red, curly)",50602.27333333334
2022-03-01,SUMATERA SELATAN,"Chili (red, large)",55692.420000000006
2022-03-01,SUMATERA UTARA,Chili (bird's eye),37487.60272727273
2022-03-01,SUMATERA UTARA,"Chili (bird's eye, green)",36691.2875
2022-03-01,SUMATERA UTARA,"Chili (bird's eye, red)",34204.545
2022-03-01,SUMATERA UTARA,Chili (red),49384.47
2022-03-01,SUMATERA UTARA,"Chili (red, curly)",49447.553076923075
2022-04-01,ACEH,Chili (bird's eye),42381.87
2022-04-01,ACEH,"Chili (bird's eye, green)",44255.115
2022-04-01,ACEH,Chili (red),43602.09666666667
2022-04-01,ACEH,"Chili (red, curly)",43602.09666666667
2022-04-01,BALI,Chili (bird's eye),29114.036666666667
2022-04-01,BALI,"Chili (bird's eye, green)",28032.895
2022-04-01,BALI,"Chili (bird's eye, red)",30324.563333333335
2022-04-01,BALI,Chili (red),33516.4475
2022-04-01,BALI,"Chili (red, curly)",35657.895000000004
2022-04-01,BALI,"Chili (red, large)",31848.684999999998
2022-04-01,BANTEN,Chili (bird's eye),41816.275
2022-04-01,BANTEN,"Chili (bird's eye, green)",41397.368
2022-04-01,BANTEN,"Chili (bird's eye, red)",42454.191666666666
2022-04-01,BANTEN,Chili (red),44800.729999999996
2022-04-01,BANTEN,"Chili (red, curly)",41360.378333333334
2022-04-01,BANTEN,"Chili (red, large)",47469.78666666666
2022-04-01,BENGKULU,Chili (bird's eye),30947.370000000003
2022-04-01,BENGKULU,"Chili (bird's eye, green)",33993.4225
2022-04-01,BENGKULU,"Chili (bird's eye, red)",28283.55
2022-04-01,BENGKULU,Chili (red),34042.765
2022-04-01,BENGKULU,"Chili (red, curly)",36401.317500000005
2022-04-01,BENGKULU,"Chili (red, large)",31684.2125
2022-04-01,DAERAH ISTIMEWA YOGYAKARTA,Chili (bird's eye),34289.47
2022-04-01,DAERAH ISTIMEWA YOGYAKARTA,"Chili (bird's eye, green)",39223.685
2022-04-01,DAERAH ISTIMEWA YOGYAKARTA,"Chili (bird's eye, red)",34605.265
2022-04-01,DAERAH ISTIMEWA YOGYAKARTA,Chili (red),38098.685
2022-04-01,DAERAH ISTIMEWA YOGYAKARTA,"Chili (red, curly)",38750.0
2022-04-01,DAERAH ISTIMEWA YOGYAKARTA,"Chili (red, large)",37447.369999999995
2022-04-01,DKI JAKARTA,Chili (bird's eye),46574.56333333333
2022-04-01,DKI JAKARTA,"Chili (bird's eye, green)",42929.82666666667
2022-04-01,DKI JAKARTA,"Chili (bird's eye, red)",50219.299999999996
2022-04-01,DKI JAKARTA,Chili (red),51381.579999999994
2022-04-01,DKI JAKARTA,"Chili (red, curly)",45043.86000000001
2022-04-01,DKI JAKARTA,"Chili (red, large)",57719.299999999996
2022-04-01,GORONTALO,Chili (bird's eye),51776.31666666667
2022-04-01,GORONTALO,"Chili (bird's eye, green)",35000.0
2022-04-01,GORONTALO,"Chili (bird's eye, red)",54342.10666666667
2022-04-01,GORONTALO,Chili (red),46491.23
2022-04-01,GORONTALO,"Chili (red, curly)",46491.23
2022-04-01,JAMBI,Chili (bird's eye),38348.685
2022-04-01,JAMBI,"Chili (bird's eye, green)",35535.09
2022-04-01,JAMBI,"Chili (bird's eye, red)",40453.945
2022-04-01,JAMBI,Chili (red),31403.506666666668
2022-04-01,JAMBI,"Chili (red, curly)",30447.37
2022-04-01,JAMBI,"Chili (red, large)",31085.5275
2022-04-01,JAWA BARAT,Chili (bird's eye),43144.736000000004
2022-04-01,JAWA BARAT,"Chili (bird's eye, green)",39848.39166666667
2022-04-01,JAWA BARAT,"Chili (bird's eye, red)",47030.26388888889
2022-04-01,JAWA BARAT,Chili (red),46803.15733333333
2022-04-01,JAWA BARAT,"Chili (red, curly)",44080.84777777778
2022-04-01,JAWA BARAT,"Chili (red, large)",51128.36277777778
2022-04-01,JAWA TENGAH,Chili (bird's eye),28963.533333333333
2022-04-01,JAWA TENGAH,"Chili (bird's eye, green)",25941.885833333334
2022-04-01,JAWA TENGAH,"Chili (bird's eye, red)",31398.168260869566
2022-04-01,JAWA TENGAH,Chili (red),32875.0
2022-04-01,JAWA TENGAH,"Chili (red, curly)",31918.311666666665
2022-04-01,JAWA TENGAH,"Chili (red, large)",33631.57875
2022-04-01,JAWA TIMUR,Chili (bird's eye),24544.331764705883
2022-04-01,JAWA TIMUR,"Chili (bird's eye, green)",20821.718333333334
2022-04-01,JAWA TIMUR,"Chili (bird's eye, red)",28774.33823529412
2022-04-01,JAWA TIMUR,Chili (red),37067.252222222225
2022-04-01,JAWA TIMUR,"Chili (red, curly)",35949.39307692308
2022-04-01,JAWA TIMUR,"Chili (red, large)",38155.1247368421
2022-04-01,KALIMANTAN BARAT,Chili (bird's eye),64396.38125
2022-04-01,KALIMANTAN BARAT,"Chili (bird's eye, green)",58263.1575
2022-04-01,KALIMANTAN BARAT,"Chili (bird's eye, red)",70529.60625
2022-04-01,KALIMANTAN BARAT,Chili (red),51178.57
2022-04-01,KALIMANTAN BARAT,"Chili (red, curly)",46350.87666666667
2022-04-01,KALIMANTAN BARAT,"Chili (red, large)",49572.36875
2022-04-01,KALIMANTAN SELATAN,Chili (bird's eye),45707.2375
2022-04-01,KALIMANTAN SELATAN,"Chili (bird's eye, green)",33486.8425
2022-04-01,KALIMANTAN SELATAN,"Chili (bird's eye, red)",57927.63250000001
2022-04-01,KALIMANTAN SELATAN,Chili (red),57891.45
2022-04-01,KALIMANTAN SELATAN,"Chili (red, curly)",56552.63250000001
2022-04-01,KALIMANTAN SELATAN,"Chili (red, large)",59230.265
2022-04-01,KALIMANTAN TENGAH,Chili (bird's eye),53156.07
2022-04-01,KALIMANTAN TENGAH,"Chili (bird's eye, green)",42582.84666666667
2022-04-01,KALIMANTAN TENGAH,"Chili (bird's eye, red)",70660.33
2022-04-01,KALIMANTAN TENGAH,Chili (red),74002.19333333334
2022-04-01,KALIMANTAN TENGAH,"Chili (red, curly)",69644.25
2022-04-01,KALIMANTAN TENGAH,"Chili (red, large)",78360.13666666667
2022-04-01,KALIMANTAN TIMUR,Chili (bird's eye),61524.12333333333
2022-04-01,KALIMANTAN TIMUR,"Chili (bird's eye, green)",63267.545000000006
2022-04-01,KALIMANTAN TIMUR,"Chili (bird's eye, red)",59780.70333333333
2022-04-01,KALIMANTAN TIMUR,Chili (red),57549.3425
2022-04-01,KALIMANTAN TIMUR,"Chili (red, curly)",59622.80666666667
2022-04-01,KALIMANTAN TIMUR,"Chili (red, large)",58359.65
2022-04-01,KALIMANTAN UTARA,Chili (bird's eye),100773.0275
2022-04-01,KALIMANTAN UTARA,"Chili (bird's eye, green)",113815.79000000001
2022-04-01,KALIMANTAN UTARA,"Chili (bird's eye, red)",87730.265
2022-04-01,KALIMANTAN UTARA,Chili (red),76993.42
2022-04-01,KALIMANTAN UTARA,"Chili (red, curly)",75745.61666666667
2022-04-01,KALIMANTAN UTARA,"Chili (red, large)",77201.75666666667
2022-04-01,KEPULAUAN BANGKA BELITUNG,Chili (bird's eye),52039.47
2022-04-01,KEPULAUAN BANGKA BELITUNG,"Chili (bird's eye, green)",50625.0
2022-04-01,KEPULAUAN BANGKA BELITUNG,"Chili (bird's eye, red)",54000.0
2022-04-01,KEPULAUAN BANGKA BELITUNG,Chili (red),55562.5025
2022-04-01,KEPULAUAN BANGKA BELITUNG,"Chili (red, curly)",46322.3675
2022-04-01,KEPULAUAN BANGKA BELITUNG,"Chili (red, large)",64802.6325
2022-04-01,KEPULAUAN RIAU,Chili (bird's eye),43763.156
2022-04-01,KEPULAUAN RIAU,"Chili (bird's eye, green)",43763.156
2022-04-01,KEPULAUAN RIAU,Chili (red),43953.9475
2022-04-01,KEPULAUAN RIAU,"Chili (red, curly)",44142.106
2022-04-01,LAMPUNG,Chili (bird's eye),35884.8675
2022-04-01,LAMPUNG,"Chili (bird's eye, green)",37717.105
2022-04-01,LAMPUNG,"Chili (bird's eye, red)",34052.630000000005
2022-04-01,LAMPUNG,Chili (red),32600.876666666663
2022-04-01,LAMPUNG,"Chili (red, curly)",35105.2625
2022-04-01,LAMPUNG,"Chili (red, large)",39289.47666666666
2022-04-01,MALUKU,Chili (bird's eye),93311.40333333332
2022-04-01,MALUKU,"Chili (bird's eye, green)",54473.685
2022-04-01,MALUKU,"Chili (bird's eye, red)",105361.8425
2022-04-01,MALUKU,Chili (red),80213.815
2022-04-01,MALUKU,"Chili (red, curly)",79440.7875
2022-04-01,MALUKU,"Chili (red, large)",62105.26
2022-04-01,MALUKU UTARA,Chili (bird's eye),100000.0
2022-04-01,MALUKU UTARA,"Chili (bird's eye, green)",90000.0
2022-04-01,MALUKU UTARA,"Chili (bird's eye, red)",89473.68
2022-04-01,MALUKU UTARA,Chili (red),67763.16
2022-04-01,MALUKU UTARA,"Chili (red, curly)",81578.95
2022-04-01,MALUKU UTARA,"Chili (red, large)",53947.37
2022-04-01,NUSA TENGGARA BARAT,Chili (bird's eye),34044.736
2022-04-01,NUSA TENGGARA BARAT,"Chili (bird's eye, green)",22625.0
2022-04-01,NUSA TENGGARA BARAT,"Chili (bird's eye, red)",41863.158
2022-04-01,NUSA TENGGARA BARAT,Chili (red),38464.91333333334
2022-04-01,NUSA TENGGARA BARAT,"Chili (red, curly)",36352.632
2022-04-01,NUSA TENGGARA BARAT,"Chili (red, large)",34868.42
2022-04-01,NUSA TENGGARA TIMUR,Chili (bird's eye),70328.94833333333
2022-04-01,NUSA TENGGARA TIMUR,"Chili (bird's eye, green)",58245.615
2022-04-01,NUSA TENGGARA TIMUR,"Chili (bird's eye, red)",82412.28
2022-04-01,NUSA TENGGARA TIMUR,Chili (red),66151.315
2022-04-01,NUSA TENGGARA TIMUR,"Chili (red, curly)",60460.525
2022-04-01,NUSA TENGGARA TIMUR,"Chili (red, large)",61557.01833333333
2022-04-01,PAPUA,Chili (bird's eye),82204.435
2022-04-01,PAPUA,"Chili (bird's eye, green)",63957.60125
2022-04-01,PAPUA,"Chili (bird's eye, red)",102934.57625
2022-04-01,PAPUA,Chili (red),90159.11499999999
2022-04-01,PAPUA,"Chili (red, curly)",79637.42625
2022-04-01,PAPUA,"Chili (red, large)",90321.6375
2022-04-01,PAPUA BARAT,Chili (bird's eye),66776.3175
2022-04-01,PAPUA BARAT,"Chili (bird's eye, green)",30000.0
2022-04-01,PAPUA BARAT,"Chili (bird's eye, red)",68947.37
2022-04-01,PAPUA BARAT,Chili (red),67280.70333333332
2022-04-01,PAPUA BARAT,"Chili (red, curly)",56381.58
2022-04-01,PAPUA BARAT,"Chili (red, large)",77434.2125
2022-04-01,RIAU,Chili (bird's eye),39304.823333333334
2022-04-01,RIAU,"Chili (bird's eye, green)",36187.97
2022-04-01,RIAU,"Chili (bird's eye, red)",48052.630000000005
2022-04-01,RIAU,Chili (red),36241.776249999995
2022-04-01,RIAU,"Chili (red, curly)",37845.39375
2022-04-01,RIAU,"Chili (red, large)",32956.14
2022-04-01,SULAWESI BARAT,Chili (bird's eye),42947.369999999995
2022-04-01,SULAWESI BARAT,"Chili (bird's eye, green)",36665.2475
2022-04-01,SULAWESI BARAT,"Chili (bird's eye, red)",49322.3675
2022-04-01,SULAWESI BARAT,Chili (red),47947.36666666667
2022-04-01,SULAWESI BARAT,"Chili (red, curly)",49927.630000000005
2022-04-01,SULAWESI BARAT,"Chili (red, large)",44269.735
2022-04-01,SULAWESI SELATAN,Chili (bird's eye),34611.404444444444
2022-04-01,SULAWESI SELATAN,"Chili (bird's eye, green)",23653.95
2022-04-01,SULAWESI SELATAN,"Chili (bird's eye, red)",38239.473
2022-04-01,SULAWESI SELATAN,Chili (red),40528.194285714286
2022-04-01,SULAWESI SELATAN,"Chili (red, curly)",44292.104999999996
2022-04-01,SULAWESI SELATAN,"Chili (red, large)",35608.421
2022-04-01,SULAWESI TENGAH,Chili (bird's eye),59210.525
2022-04-01,SULAWESI TENGAH,"Chili (bird's eye, green)",59276.315
2022-04-01,SULAWESI TENGAH,"Chili (bird's eye, red)",59144.735
2022-04-01,SULAWESI TENGAH,Chili (red),49526.315
2022-04-01,SULAWESI TENGAH,"Chili (red, curly)",43000.0
2022-04-01,SULAWESI TENGAH,"Chili (red, large)",56052.634999999995
2022-04-01,SULAWESI TENGGARA,Chili (bird's eye),55457.2375
2022-04-01,SULAWESI TENGGARA,"Chili (bird's eye, green)",52559.2125
2022-04-01,SULAWESI TENGGARA,"Chili (bird's eye, red)",58355.265
2022-04-01,SULAWESI TENGGARA,Chili (red),54335.524999999994
2022-04-01,SULAWESI TENGGARA,"Chili (red, curly)",50361.8425
2022-04-01,SULAWESI TENGGARA,"Chili (red, large)",54302.63
2022-04-01,SULAWESI UTARA,Chili (bird's eye),50796.0525
2022-04-01,SULAWESI UTARA,"Chili (bird's eye, green)",51032.8925
2022-04-01,SULAWESI UTARA,"Chili (bird's eye, red)",50559.212499999994
2022-04-01,SULAWESI UTARA,Chili (red),41585.525
2022-04-01,SULAWESI UTARA,"Chili (red, curly)",41585.525
2022-04-01,SUMATERA BARAT,Chili (bird's eye),35763.1575
2022-04-01,SUMATERA BARAT,"Chili (bird's eye, green)",35763.1575
2022-04-01,SUMATERA BARAT,Chili (red),35040.205
2022-04-01,SUMATERA BARAT,"Chili (red, curly)",35040.205
2022-04-01,SUMATERA SELATAN,Chili (bird's eye),40282.895000000004
2022-04-01,SUMATERA SELATAN,"Chili (bird's eye, green)",42142.98333333333
2022-04-01,SUMATERA SELATAN,"Chili (bird's eye, red)",50354.386666666665
2022-04-01,SUMATERA SELATAN,Chili (red),45006.13999999999
2022-04-01,SUMATERA SELATAN,"Chili (red, curly)",40129.823333333334
2022-04-01,SUMATERA SELATAN,"Chili (red, large)",49874.56
2022-04-01,SUMATERA UTARA,Chili (bird's eye),33302.63
2022-04-01,SUMATERA UTARA,"Chili (bird's eye, green)",32712.917272727274
2022-04-01,SUMATERA UTARA,"Chili (bird's eye, red)",29756.5775
2022-04-01,SUMATERA UTARA,Chili (red),36539.473333333335
2022-04-01,SUMATERA UTARA,"Chili (red, curly)",36113.36
2022-05-01,ACEH,Chili (bird's eye),39173.333999999995
2022-05-01,ACEH,"Chili (bird's eye, green)",40716.667499999996
2022-05-01,ACEH,Chili (red),35626.666000000005
2022-05-01,ACEH,"Chili (red, curly)",36079.998
2022-05-01,BALI,Chili (bird's eye),30822.22333333333
2022-05-01,BALI,"Chili (bird's eye, green)",24816.665
2022-05-01,BALI,"Chili (bird's eye, red)",34750.0
2022-05-01,BALI,Chili (red),39983.332500000004
2022-05-01,BALI,"Chili (red, curly)",40891.667499999996
2022-05-01,BALI,"Chili (red, large)",38458.332500000004
2022-05-01,BANTEN,Chili (bird's eye),47519.445
2022-05-01,BANTEN,"Chili (bird's eye, green)",45450.0
2022-05-01,BANTEN,"Chili (bird's eye, red)",49611.111666666664
2022-05-01,BANTEN,Chili (red),49170.002
2022-05-01,BANTEN,"Chili (red, curly)",44422.22166666667
2022-05-01,BANTEN,"Chili (red, large)",53811.111666666664
2022-05-01,BENGKULU,Chili (bird's eye),38581.665
2022-05-01,BENGKULU,"Chili (bird's eye, green)",43933.332500000004
2022-05-01,BENGKULU,"Chili (bird's eye, red)",35012.5
2022-05-01,BENGKULU,Chili (red),40525.0
2022-05-01,BENGKULU,"Chili (red, curly)",43291.667499999996
2022-05-01,BENGKULU,"Chili (red, large)",37758.332500000004
2022-05-01,DAERAH ISTIMEWA YOGYAKARTA,"Chili (bird's eye, green)",43983.335
2022-05-01,DAERAH ISTIMEWA YOGYAKARTA,"Chili (bird's eye, red)",45316.665
2022-05-01,DAERAH ISTIMEWA YOGYAKARTA,Chili (red),44958.335
2022-05-01,DAERAH ISTIMEWA YOGYAKARTA,"Chili (red, curly)",40266.67
2022-05-01,DAERAH ISTIMEWA YOGYAKARTA,"Chili (red, large)",49650.0
2022-05-01,DKI JAKARTA,Chili (bird's eye),51388.886666666665
2022-05-01,DKI JAKARTA,"Chili (bird's eye, green)",47277.78
2022-05-01,DKI JAKARTA,"Chili (bird's eye, red)",55500.0
2022-05-01,DKI JAKARTA,Chili (red),54861.11000000001
2022-05-01,DKI JAKARTA,"Chili (red, curly)",48500.0
2022-05-01,DKI JAKARTA,"Chili (red, large)",61222.22333333333
2022-05-01,GORONTALO,Chili (bird's eye),41416.666666666664
2022-05-01,GORONTALO,"Chili (bird's eye, green)",35000.0
2022-05-01,GORONTALO,"Chili (bird's eye, red)",42361.113333333335
2022-05-01,GORONTALO,Chili (red),42416.665
2022-05-01,GORONTALO,"Chili (red, curly)",41388.886666666665
2022-05-01,JAMBI,Chili (bird's eye),49200.0
2022-05-01,JAMBI,"Chili (bird's eye, green)",43722.22333333333
2022-05-01,JAMBI,"Chili (bird's eye, red)",54866.667499999996
2022-05-01,JAMBI,Chili (red),33179.167499999996
2022-05-01,JAMBI,"Chili (red, curly)",33100.0
2022-05-01,JAMBI,"Chili (red, large)",33258.332500000004
2022-05-01,JAWA BARAT,Chili (bird's eye),46283.4375
2022-05-01,JAWA BARAT,"Chili (bird's eye, green)",43072.915625
2022-05-01,JAWA BARAT,"Chili (bird's eye, red)",50450.980588235296
2022-05-01,JAWA BARAT,Chili (red),50548.038823529416
2022-05-01,JAWA BARAT,"Chili (red, curly)",46576.852222222224
2022-05-01,JAWA BARAT,"Chili (red, large)",56385.18555555555
2022-05-01,JAWA TENGAH,Chili (bird's eye),36563.33260869565
2022-05-01,JAWA TENGAH,"Chili (bird's eye, green)",30607.499583333334
2022-05-01,JAWA TENGAH,"Chili (bird's eye, red)",42276.66583333333
2022-05-01,JAWA TENGAH,Chili (red),38798.24578947369
2022-05-01,JAWA TENGAH,"Chili (red, curly)",36865.69416666667
2022-05-01,JAWA TENGAH,"Chili (red, large)",39862.75347826087
2022-05-01,JAWA TIMUR,Chili (bird's eye),33918.20705882353
2022-05-01,JAWA TIMUR,"Chili (bird's eye, green)",28691.73
2022-05-01,JAWA TIMUR,"Chili (bird's eye, red)",40198.599411764706
2022-05-01,JAWA TIMUR,Chili (red),42994.257647058825
2022-05-01,JAWA TIMUR,"Chili (red, curly)",40553.846923076926
2022-05-01,JAWA TIMUR,"Chili (red, large)",45149.24789473684
2022-05-01,KALIMANTAN BARAT,Chili (bird's eye),69650.0
2022-05-01,KALIMANTAN BARAT,"Chili (bird's eye, green)",64195.83375
2022-05-01,KALIMANTAN BARAT,"Chili (bird's eye, red)",75104.1675
2022-05-01,KALIMANTAN BARAT,Chili (red),54326.19142857142
2022-05-01,KALIMANTAN BARAT,"Chili (red, curly)",54427.77666666667
2022-05-01,KALIMANTAN BARAT,"Chili (red, large)",57437.5
2022-05-01,KALIMANTAN SELATAN,Chili (bird's eye),46225.0
2022-05-01,KALIMANTAN SELATAN,"Chili (bird's eye, green)",34841.667499999996
2022-05-01,KALIMANTAN SELATAN,"Chili (bird's eye, red)",57608.335
2022-05-01,KALIMANTAN SELATAN,Chili (red),58354.165
2022-05-01,KALIMANTAN SELATAN,"Chili (red, curly)",54875.0
2022-05-01,KALIMANTAN SELATAN,"Chili (red, large)",61833.332500000004
2022-05-01,KALIMANTAN TENGAH,Chili (bird's eye),57861.11000000001
2022-05-01,KALIMANTAN TENGAH,"Chili (bird's eye, green)",42388.89
2022-05-01,KALIMANTAN TENGAH,"Chili (bird's eye, red)",73333.33333333333
2022-05-01,KALIMANTAN TENGAH,Chili (red),79222.22
2022-05-01,KALIMANTAN TENGAH,"Chili (red, curly)",73222.22
2022-05-01,KALIMANTAN TENGAH,"Chili (red, large)",85222.22333333333
2022-05-01,KALIMANTAN TIMUR,Chili (bird's eye),53799.005000000005
2022-05-01,KALIMANTAN TIMUR,"Chili (bird's eye, green)",56267.85666666667
2022-05-01,KALIMANTAN TIMUR,"Chili (bird's eye, red)",51330.16
2022-05-01,KALIMANTAN TIMUR,Chili (red),54480.15666666667
2022-05-01,KALIMANTAN TIMUR,"Chili (red, curly)",48421.426666666666
2022-05-01,KALIMANTAN TIMUR,"Chili (red, large)",56686.50666666666
2022-05-01,KALIMANTAN UTARA,Chili (bird's eye),88375.0
2022-05-01,KALIMANTAN UTARA,"Chili (bird's eye, green)",98916.6675
2022-05-01,KALIMANTAN UTARA,"Chili (bird's eye, red)",77833.33
2022-05-01,KALIMANTAN UTARA,Chili (red),70270.8325
2022-05-01,KALIMANTAN UTARA,"Chili (red, curly)",58416.665
2022-05-01,KALIMANTAN UTARA,"Chili (red, large)",71916.6675
2022-05-01,KEPULAUAN BANGKA BELITUNG,Chili (bird's eye),54377.78
2022-05-01,KEPULAUAN BANGKA BELITUNG,"Chili (bird's eye, green)",53125.0
2022-05-01,KEPULAUAN BANGKA BELITUNG,"Chili (bird's eye, red)",54583.332500000004
2022-05-01,KEPULAUAN BANGKA BELITUNG,Chili (red),56552.5
2022-05-01,KEPULAUAN BANGKA BELITUNG,"Chili (red, curly)",48104.167499999996
2022-05-01,KEPULAUAN BANGKA BELITUNG,"Chili (red, large)",65000.0
2022-05-01,KEPULAUAN RIAU,Chili (bird's eye),53546.66799999999
2022-05-01,KEPULAUAN RIAU,"Chili (bird's eye, green)",53546.66799999999
2022-05-01,KEPULAUAN RIAU,Chili (red),45700.0
2022-05-01,KEPULAUAN RIAU,"Chili (red, curly)",43893.333999999995
2022-05-01,LAMPUNG,Chili (bird's eye),44479.167499999996
2022-05-01,LAMPUNG,"Chili (bird's eye, green)",46750.0
2022-05-01,LAMPUNG,"Chili (bird's eye, red)",42208.332500000004
2022-05-01,LAMPUNG,Chili (red),41844.44666666666
2022-05-01,LAMPUNG,"Chili (red, curly)",38733.332500000004
2022-05-01,LAMPUNG,"Chili (red, large)",45488.88999999999
2022-05-01,MALUKU,Chili (bird's eye),59444.44666666666
2022-05-01,MALUKU,"Chili (bird's eye, green)",36833.335
2022-05-01,MALUKU,"Chili (bird's eye, red)",69750.0025
2022-05-01,MALUKU,Chili (red),68520.8325
2022-05-01,MALUKU,"Chili (red, curly)",66291.6675
2022-05-01,MALUKU,"Chili (red, large)",60000.0
2022-05-01,MALUKU UTARA,Chili (bird's eye),89666.66500000001
2022-05-01,MALUKU UTARA,"Chili (bird's eye, green)",90000.0
2022-05-01,MALUKU UTARA,"Chili (bird's eye, red)",78666.67
2022-05-01,MALUKU UTARA,Chili (red),60500.0
2022-05-01,MALUKU UTARA,"Chili (red, curly)",77333.33
2022-05-01,MALUKU UTARA,"Chili (red, large)",43666.67
2022-05-01,NUSA TENGGARA BARAT,Chili (bird's eye),36330.0
2022-05-01,NUSA TENGGARA BARAT,"Chili (bird's eye, green)",23933.335
2022-05-01,NUSA TENGGARA BARAT,"Chili (bird's eye, red)",44480.0
2022-05-01,NUSA TENGGARA BARAT,Chili (red),39099.9975
2022-05-01,NUSA TENGGARA BARAT,"Chili (red, curly)",40180.0
2022-05-01,NUSA TENGGARA BARAT,"Chili (red, large)",39080.002
2022-05-01,NUSA TENGGARA TIMUR,Chili (bird's eye),63305.555
2022-05-01,NUSA TENGGARA TIMUR,"Chili (bird's eye, green)",52916.666666666664
2022-05-01,NUSA TENGGARA TIMUR,"Chili (bird's eye, red)",73694.44666666667
2022-05-01,NUSA TENGGARA TIMUR,Chili (red),57216.66799999999
2022-05-01,NUSA TENGGARA TIMUR,"Chili (red, curly)",57000.0
2022-05-01,NUSA TENGGARA TIMUR,"Chili (red, large)",56694.443333333336
2022-05-01,PAPUA,Chili (bird's eye),58613.333999999995
2022-05-01,PAPUA,"Chili (bird's eye, green)",51625.0
2022-05-01,PAPUA,"Chili (bird's eye, red)",81787.5
2022-05-01,PAPUA,Chili (red),70119.04571428572
2022-05-01,PAPUA,"Chili (red, curly)",68395.8325
2022-05-01,PAPUA,"Chili (red, large)",71833.33375
2022-05-01,PAPUA BARAT,Chili (bird's eye),51000.0
2022-05-01,PAPUA BARAT,"Chili (bird's eye, green)",40000.0
2022-05-01,PAPUA BARAT,"Chili (bird's eye, red)",54333.333333333336
2022-05-01,PAPUA BARAT,Chili (red),63166.67
2022-05-01,PAPUA BARAT,"Chili (red, curly)",44583.335
2022-05-01,PAPUA BARAT,"Chili (red, large)",62250.0
2022-05-01,RIAU,Chili (bird's eye),54623.335999999996
2022-05-01,RIAU,"Chili (bird's eye, green)",47750.89375
2022-05-01,RIAU,"Chili (bird's eye, red)",59975.0
2022-05-01,RIAU,Chili (red),38263.9875
2022-05-01,RIAU,"Chili (red, curly)",40975.595
2022-05-01,RIAU,"Chili (red, large)",32625.396666666667
2022-05-01,SULAWESI BARAT,Chili (bird's eye),25291.6675
2022-05-01,SULAWESI BARAT,"Chili (bird's eye, green)",21788.89
2022-05-01,SULAWESI BARAT,"Chili (bird's eye, red)",29075.0
2022-05-01,SULAWESI BARAT,Chili (red),33316.666666666664
2022-05-01,SULAWESI BARAT,"Chili (red, curly)",34150.0
2022-05-01,SULAWESI BARAT,"Chili (red, large)",33041.667499999996
2022-05-01,SULAWESI SELATAN,Chili (bird's eye),24048.001
2022-05-01,SULAWESI SELATAN,"Chili (bird's eye, green)",18247.5
2022-05-01,SULAWESI SELATAN,"Chili (bird's eye, red)",25343.334
2022-05-01,SULAWESI SELATAN,Chili (red),30490.0
2022-05-01,SULAWESI SELATAN,"Chili (red, curly)",32046.666000000005
2022-05-01,SULAWESI SELATAN,"Chili (red, large)",28933.333999999995
2022-05-01,SULAWESI TENGAH,Chili (bird's eye),44541.665
2022-05-01,SULAWESI TENGAH,"Chili (bird's eye, green)",46750.0
2022-05-01,SULAWESI TENGAH,"Chili (bird's eye, red)",42333.335
2022-05-01,SULAWESI TENGAH,Chili (red),36725.0
2022-05-01,SULAWESI TENGAH,"Chili (red, curly)",28116.67
2022-05-01,SULAWESI TENGAH,"Chili (red, large)",45333.335
2022-05-01,SULAWESI TENGGARA,Chili (bird's eye),39737.5025
2022-05-01,SULAWESI TENGGARA,"Chili (bird's eye, green)",38016.667499999996
2022-05-01,SULAWESI TENGGARA,"Chili (bird's eye, red)",41458.335
2022-05-01,SULAWESI TENGGARA,Chili (red),33216.67
2022-05-01,SULAWESI TENGGARA,"Chili (red, curly)",36191.665
2022-05-01,SULAWESI TENGGARA,"Chili (red, large)",39166.667499999996
2022-05-01,SULAWESI UTARA,Chili (bird's eye),37720.832500000004
2022-05-01,SULAWESI UTARA,"Chili (bird's eye, green)",38933.332500000004
2022-05-01,SULAWESI UTARA,"Chili (bird's eye, red)",36508.332500000004
2022-05-01,SULAWESI UTARA,Chili (red),29808.335
2022-05-01,SULAWESI UTARA,"Chili (red, curly)",29808.335
2022-05-01,SUMATERA BARAT,Chili (bird's eye),46100.0
2022-05-01,SUMATERA BARAT,"Chili (bird's eye, green)",41350.0
2022-05-01,SUMATERA BARAT,Chili (red),40975.0
2022-05-01,SUMATERA BARAT,"Chili (red, curly)",40975.0
2022-05-01,SUMATERA SELATAN,Chili (bird's eye),47993.335
2022-05-01,SUMATERA SELATAN,"Chili (bird's eye, green)",48001.11000000001
2022-05-01,SUMATERA SELATAN,"Chili (bird's eye, red)",49478.88999999999
2022-05-01,SUMATERA SELATAN,Chili (red),47035.55333333334
2022-05-01,SUMATERA SELATAN,"Chili (red, curly)",43951.113333333335
2022-05-01,SUMATERA SELATAN,"Chili (red, large)",50105.55333333334
2022-05-01,SUMATERA UTARA,Chili (bird's eye),34372.22083333333
2022-05-01,SUMATERA UTARA,"Chili (bird's eye, green)",34419.443333333336
2022-05-01,SUMATERA UTARA,"Chili (bird's eye, red)",32383.3325
2022-05-01,SUMATERA UTARA,Chili (red),31830.0
2022-05-01,SUMATERA UTARA,"Chili (red, curly)",31735.896923076925
2022-06-01,ACEH,Chili (bird's eye),56102.85800000001
2022-06-01,ACEH,"Chili (bird's eye, green)",56912.700000000004
2022-06-01,ACEH,Chili (red),81551.66799999999
2022-06-01,ACEH,"Chili (red, curly)",82951.66799999999
2022-06-01,BALI,Chili (bird's eye),64761.905
2022-06-01,BALI,"Chili (bird's eye, green)",51845.2375
2022-06-01,BALI,"Chili (bird's eye, red)",76767.8575
2022-06-01,BALI,Chili (red),59863.095
2022-06-01,BALI,"Chili (red, curly)",63365.079999999994
2022-06-01,BALI,"Chili (red, large)",58077.3825
2022-06-01,BANTEN,Chili (bird's eye),89837.30166666668
2022-06-01,BANTEN,"Chili (bird's eye, green)",78876.19
2022-06-01,BANTEN,"Chili (bird's eye, red)",101182.53833333333
2022-06-01,BANTEN,Chili (red),80380.95000000001
2022-06-01,BANTEN,"Chili (red, curly)",82884.92
2022-06-01,BANTEN,"Chili (red, large)",79349.20666666667
2022-06-01,BENGKULU,Chili (bird's eye),64746.427500000005
2022-06-01,BENGKULU,"Chili (bird's eye, green)",66717.2625
2022-06-01,BENGKULU,"Chili (bird's eye, red)",62754.7625
2022-06-01,BENGKULU,Chili (red),78602.975
2022-06-01,BENGKULU,"Chili (red, curly)",81571.43
2022-06-01,BENGKULU,"Chili (red, large)",75633.93000000001
2022-06-01,DAERAH ISTIMEWA YOGYAKARTA,Chili (bird's eye),78630.95
2022-06-01,DAERAH ISTIMEWA YOGYAKARTA,"Chili (bird's eye, green)",67321.43
2022-06-01,DAERAH ISTIMEWA YOGYAKARTA,"Chili (bird's eye, red)",87476.19
2022-06-01,DAERAH ISTIMEWA YOGYAKARTA,Chili (red),70851.19
2022-06-01,DAERAH ISTIMEWA YOGYAKARTA,"Chili (red, curly)",71821.42499999999
2022-06-01,DAERAH ISTIMEWA YOGYAKARTA,"Chili (red, large)",69880.955
2022-06-01,DKI JAKARTA,Chili (bird's eye),93829.36666666665
2022-06-01,DKI JAKARTA,"Chili (bird's eye, green)",77857.14333333333
2022-06-01,DKI JAKARTA,"Chili (bird's eye, red)",109801.58666666667
2022-06-01,DKI JAKARTA,Chili (red),83888.89
2022-06-01,DKI JAKARTA,"Chili (red, curly)",85714.28666666667
2022-06-01,DKI JAKARTA,"Chili (red, large)",82063.49
2022-06-01,GORONTALO,Chili (bird's eye),76234.12666666666
2022-06-01,GORONTALO,"Chili (bird's eye, green)",35000.0
2022-06-01,GORONTALO,"Chili (bird's eye, red)",84015.87333333334
2022-06-01,GORONTALO,Chili (red),62460.31333333333
2022-06-01,GORONTALO,"Chili (red, curly)",62460.31333333333
2022-06-01,JAMBI,Chili (bird's eye),83133.9275
2022-06-01,JAMBI,"Chili (bird's eye, green)",60904.76
2022-06-01,JAMBI,"Chili (bird's eye, red)",98113.0925
2022-06-01,JAMBI,Chili (red),74996.03333333334
2022-06-01,JAMBI,"Chili (red, curly)",74827.38
2022-06-01,JAMBI,"Chili (red, large)",74666.67
2022-06-01,JAWA BARAT,Chili (bird's eye),84408.61294117647
2022-06-01,JAWA BARAT,"Chili (bird's eye, green)",72773.065625
2022-06-01,JAWA BARAT,"Chili (bird's eye, red)",95716.93
2022-06-01,JAWA BARAT,Chili (red),75066.963125
2022-06-01,JAWA BARAT,"Chili (red, curly)",76137.56555555556
2022-06-01,JAWA BARAT,"Chili (red, large)",75088.625
2022-06-01,JAWA TENGAH,Chili (bird's eye),71387.75523809523
2022-06-01,JAWA TENGAH,"Chili (bird's eye, green)",56333.332083333335
2022-06-01,JAWA TENGAH,"Chili (bird's eye, red)",87631.945
2022-06-01,JAWA TENGAH,Chili (red),67376.56684210527
2022-06-01,JAWA TENGAH,"Chili (red, curly)",68863.09541666666
2022-06-01,JAWA TENGAH,"Chili (red, large)",67545.38666666667
2022-06-01,JAWA TIMUR,Chili (bird's eye),68083.33352941176
2022-06-01,JAWA TIMUR,"Chili (bird's eye, green)",50994.397647058824
2022-06-01,JAWA TIMUR,"Chili (bird's eye, red)",87367.56
2022-06-01,JAWA TIMUR,Chili (red),64200.89375
2022-06-01,JAWA TIMUR,"Chili (red, curly)",67666.66615384616
2022-06-01,JAWA TIMUR,"Chili (red, large)",64446.11578947368
2022-06-01,KALIMANTAN BARAT,Chili (bird's eye),76855.65375
2022-06-01,KALIMANTAN BARAT,"Chili (bird's eye, green)",69781.25
2022-06-01,KALIMANTAN BARAT,"Chili (bird's eye, red)",83930.06
2022-06-01,KALIMANTAN BARAT,Chili (red),56152.381428571425
2022-06-01,KALIMANTAN BARAT,"Chili (red, curly)",60714.285
2022-06-01,KALIMANTAN BARAT,"Chili (red, large)",56102.67875
2022-06-01,KALIMANTAN SELATAN,Chili (bird's eye),71997.02249999999
2022-06-01,KALIMANTAN SELATAN,"Chili (bird's eye, green)",51416.67
2022-06-01,KALIMANTAN SELATAN,"Chili (bird's eye, red)",92577.38
2022-06-01,KALIMANTAN SELATAN,Chili (red),71711.3075
2022-06-01,KALIMANTAN SELATAN,"Chili (red, curly)",73005.95
2022-06-01,KALIMANTAN SELATAN,"Chili (red, large)",70416.66750000001
2022-06-01,KALIMANTAN TENGAH,"Chili (bird's eye, green)",66785.71333333333
2022-06-01,KALIMANTAN TENGAH,"Chili (bird's eye, red)",118492.06333333334
2022-06-01,KALIMANTAN TENGAH,Chili (red),99166.66666666667
2022-06-01,KALIMANTAN TENGAH,"Chili (red, curly)",96111.11
2022-06-01,KALIMANTAN TENGAH,"Chili (red, large)",102222.22000000002
2022-06-01,KALIMANTAN TIMUR,Chili (bird's eye),80228.17333333332
2022-06-01,KALIMANTAN TIMUR,"Chili (bird's eye, green)",71805.55500000001
2022-06-01,KALIMANTAN TIMUR,"Chili (bird's eye, red)",88650.79166666667
2022-06-01,KALIMANTAN TIMUR,Chili (red),65595.24
2022-06-01,KALIMANTAN TIMUR,"Chili (red, curly)",61488.095
2022-06-01,KALIMANTAN TIMUR,"Chili (red, large)",62678.57
2022-06-01,KALIMANTAN UTARA,Chili (bird's eye),124255.95250000001
2022-06-01,KALIMANTAN UTARA,"Chili (bird's eye, green)",124196.43000000001
2022-06-01,KALIMANTAN UTARA,"Chili (bird's eye, red)",124315.4775
2022-06-01,KALIMANTAN UTARA,Chili (red),81934.52249999999
2022-06-01,KALIMANTAN UTARA,"Chili (red, curly)",77936.50666666667
2022-06-01,KALIMANTAN UTARA,"Chili (red, large)",83273.81
2022-06-01,KEPULAUAN BANGKA BELITUNG,Chili (bird's eye),101354.76000000001
2022-06-01,KEPULAUAN BANGKA BELITUNG,"Chili (bird's eye, green)",81160.715
2022-06-01,KEPULAUAN BANGKA BELITUNG,"Chili (bird's eye, red)",122008.92749999999
2022-06-01,KEPULAUAN BANGKA BELITUNG,Chili (red),76967.2625
2022-06-01,KEPULAUAN BANGKA BELITUNG,"Chili (red, curly)",88815.4775
2022-06-01,KEPULAUAN BANGKA BELITUNG,"Chili (red, large)",65119.05
2022-06-01,KEPULAUAN RIAU,Chili (bird's eye),83380.95
2022-06-01,KEPULAUAN RIAU,"Chili (bird's eye, green)",83380.95
2022-06-01,KEPULAUAN RIAU,Chili (red),88345.23999999999
2022-06-01,KEPULAUAN RIAU,"Chili (red, curly)",87814.288
2022-06-01,LAMPUNG,Chili (bird's eye),82068.455
2022-06-01,LAMPUNG,"Chili (bird's eye, green)",77000.0
2022-06-01,LAMPUNG,"Chili (bird's eye, red)",87136.9025
2022-06-01,LAMPUNG,Chili (red),73150.79333333333
2022-06-01,LAMPUNG,"Chili (red, curly)",74809.525
2022-06-01,LAMPUNG,"Chili (red, large)",72071.43
2022-06-01,MALUKU,Chili (bird's eye),72916.66333333333
2022-06-01,MALUKU,"Chili (bird's eye, green)",35357.145000000004
2022-06-01,MALUKU,"Chili (bird's eye, red)",84255.9525
2022-06-01,MALUKU,Chili (red),71875.0
2022-06-01,MALUKU,"Chili (red, curly)",62936.51
2022-06-01,MALUKU,"Chili (red, large)",61904.76
2022-06-01,MALUKU UTARA,Chili (bird's eye),100000.0
2022-06-01,MALUKU UTARA,"Chili (bird's eye, green)",90000.0
2022-06-01,MALUKU UTARA,"Chili (bird's eye, red)",93809.52
2022-06-01,MALUKU UTARA,Chili (red),50178.575
2022-06-01,MALUKU UTARA,"Chili (red, curly)",56666.67
2022-06-01,MALUKU UTARA,"Chili (red, large)",43690.48
2022-06-01,NUSA TENGGARA BARAT,Chili (bird's eye),62802.382000000005
2022-06-01,NUSA TENGGARA BARAT,"Chili (bird's eye, green)",38482.1425
2022-06-01,NUSA TENGGARA BARAT,"Chili (bird's eye, red)",79890.478
2022-06-01,NUSA TENGGARA BARAT,Chili (red),64126.98333333334
2022-06-01,NUSA TENGGARA BARAT,"Chili (red, curly)",58952.382000000005
2022-06-01,NUSA TENGGARA BARAT,"Chili (red, large)",54609.524
2022-06-01,NUSA TENGGARA TIMUR,Chili (bird's eye),58641.369999999995
2022-06-01,NUSA TENGGARA TIMUR,"Chili (bird's eye, green)",48766.865
2022-06-01,NUSA TENGGARA TIMUR,"Chili (bird's eye, red)",68515.87333333334
2022-06-01,NUSA TENGGARA TIMUR,Chili (red),61163.69
2022-06-01,NUSA TENGGARA TIMUR,"Chili (red, curly)",58857.14333333333
2022-06-01,NUSA TENGGARA TIMUR,"Chili (red, large)",59797.61833333334
2022-06-01,PAPUA,Chili (bird's eye),74433.67428571428
2022-06-01,PAPUA,"Chili (bird's eye, green)",56710.41625
2022-06-01,PAPUA,"Chili (bird's eye, red)",98052.38125
2022-06-01,PAPUA,Chili (red),62473.81
2022-06-01,PAPUA,"Chili (red, curly)",61793.75125
2022-06-01,PAPUA,"Chili (red, large)",63153.87
2022-06-01,PAPUA BARAT,Chili (bird's eye),78333.3325
2022-06-01,PAPUA BARAT,"Chili (bird's eye, red)",78333.3325
2022-06-01,PAPUA BARAT,Chili (red),60148.81
2022-06-01,PAPUA BARAT,"Chili (red, curly)",53511.9075
2022-06-01,PAPUA BARAT,"Chili (red, large)",66785.715
2022-06-01,RIAU,Chili (bird's eye),80528.56999999999
2022-06-01,RIAU,"Chili (bird's eye, green)",71227.89
2022-06-01,RIAU,"Chili (bird's eye, red)",99005.95
2022-06-01,RIAU,Chili (red),87069.94125
2022-06-01,RIAU,"Chili (red, curly)",89770.83375
2022-06-01,RIAU,"Chili (red, large)",83027.77666666667
2022-06-01,SULAWESI BARAT,Chili (bird's eye),52032.7375
2022-06-01,SULAWESI BARAT,"Chili (bird's eye, green)",45107.1425
2022-06-01,SULAWESI BARAT,"Chili (bird's eye, red)",58958.332500000004
2022-06-01,SULAWESI BARAT,Chili (red),40797.619999999995
2022-06-01,SULAWESI BARAT,"Chili (red, curly)",43886.902500000004
2022-06-01,SULAWESI BARAT,"Chili (red, large)",39892.8575
2022-06-01,SULAWESI SELATAN,Chili (bird's eye),55333.33222222222
2022-06-01,SULAWESI SELATAN,"Chili (bird's eye, green)",27782.1425
2022-06-01,SULAWESI SELATAN,"Chili (bird's eye, red)",61821.428
2022-06-01,SULAWESI SELATAN,Chili (red),38213.808000000005
2022-06-01,SULAWESI SELATAN,"Chili (red, curly)",41045.238
2022-06-01,SULAWESI SELATAN,"Chili (red, large)",35379.284999999996
2022-06-01,SULAWESI TENGAH,Chili (bird's eye),80892.855
2022-06-01,SULAWESI TENGAH,"Chili (bird's eye, green)",76964.285
2022-06-01,SULAWESI TENGAH,"Chili (bird's eye, red)",84821.43
2022-06-01,SULAWESI TENGAH,Chili (red),49583.33
2022-06-01,SULAWESI TENGAH,"Chili (red, curly)",44166.665
2022-06-01,SULAWESI TENGAH,"Chili (red, large)",55000.0
2022-06-01,SULAWESI TENGGARA,Chili (bird's eye),54806.55
2022-06-01,SULAWESI TENGGARA,"Chili (bird's eye, green)",52261.905
2022-06-01,SULAWESI TENGGARA,"Chili (bird's eye, red)",57351.19
2022-06-01,SULAWESI TENGGARA,Chili (red),47005.955
2022-06-01,SULAWESI TENGGARA,"Chili (red, curly)",45613.095
2022-06-01,SULAWESI TENGGARA,"Chili (red, large)",48267.8575
2022-06-01,SULAWESI UTARA,Chili (bird's eye),70306.5475
2022-06-01,SULAWESI UTARA,"Chili (bird's eye, green)",58190.472499999996
2022-06-01,SULAWESI UTARA,"Chili (bird's eye, red)",82422.62
2022-06-01,SULAWESI UTARA,Chili (red),43767.8575
2022-06-01,SULAWESI UTARA,"Chili (red, curly)",43767.8575
2022-06-01,SUMATERA BARAT,Chili (bird's eye),59928.573333333334
2022-06-01,SUMATERA BARAT,"Chili (bird's eye, green)",58523.81
2022-06-01,SUMATERA BARAT,Chili (red),90458.33499999999
2022-06-01,SUMATERA BARAT,"Chili (red, curly)",90458.33499999999
2022-06-01,SUMATERA SELATAN,Chili (bird's eye),81388.09666666666
2022-06-01,SUMATERA SELATAN,"Chili (bird's eye, green)",72653.96999999999
2022-06-01,SUMATERA SELATAN,"Chili (bird's eye, red)",90112.7
2022-06-01,SUMATERA SELATAN,Chili (red),82903.17333333334
2022-06-01,SUMATERA SELATAN,"Chili (red, curly)",81865.87333333334
2022-06-01,SUMATERA SELATAN,"Chili (red, large)",83925.39666666667
2022-06-01,SUMATERA UTARA,Chili (bird's eye),55106.226923076916
2022-06-01,SUMATERA UTARA,"Chili (bird's eye, green)",55130.95249999999
2022-06-01,SUMATERA UTARA,"Chili (bird's eye, red)",52261.905
2022-06-01,SUMATERA UTARA,Chili (red),76865.07916666668
2022-06-01,SUMATERA UTARA,"Chili (red, curly)",76932.23461538462
2022-07-01,ACEH,Chili (bird's eye),82906.19
2022-07-01,ACEH,"Chili (bird's eye, green)",78126.7875
2022-07-01,ACEH,Chili (red),98638.09599999999
2022-07-01,ACEH,"Chili (red, curly)",100185.714
2022-07-01,BALI,Chili (bird's eye),65845.23999999999
2022-07-01,BALI,"Chili (bird's eye, green)",55238.0975
2022-07-01,BALI,"Chili (bird's eye, red)",72589.2875
2022-07-01,BALI,Chili (red),73639.88
2022-07-01,BALI,"Chili (red, curly)",79301.58333333333
2022-07-01,BALI,"Chili (red, large)",71803.57
2022-07-01,BANTEN,Chili (bird's eye),87179.36333333333
2022-07-01,BANTEN,"Chili (bird's eye, green)",76703.094
2022-07-01,BANTEN,"Chili (bird's eye, red)",96645.83333333333
2022-07-01,BANTEN,Chili (red),95125.594
2022-07-01,BANTEN,"Chili (red, curly)",95827.77666666667
2022-07-01,BANTEN,"Chili (red, large)",95020.43666666666
2022-07-01,BENGKULU,Chili (bird's eye),76372.025
2022-07-01,BENGKULU,"Chili (bird's eye, green)",82744.0475
2022-07-01,BENGKULU,"Chili (bird's eye, red)",69983.92749999999
2022-07-01,BENGKULU,Chili (red),89520.8325
2022-07-01,BENGKULU,"Chili (red, curly)",93000.0
2022-07-01,BENGKULU,"Chili (red, large)",86041.6675
2022-07-01,DAERAH ISTIMEWA YOGYAKARTA,Chili (bird's eye),72238.1
2022-07-01,DAERAH ISTIMEWA YOGYAKARTA,"Chili (bird's eye, green)",70238.095
2022-07-01,DAERAH ISTIMEWA YOGYAKARTA,"Chili (bird's eye, red)",74797.62
2022-07-01,DAERAH ISTIMEWA YOGYAKARTA,Chili (red),81988.095
2022-07-01,DAERAH ISTIMEWA YOGYAKARTA,"Chili (red, curly)",82500.0
2022-07-01,DAERAH ISTIMEWA YOGYAKARTA,"Chili (red, large)",81476.19
2022-07-01,DKI JAKARTA,Chili (bird's eye),94763.49333333333
2022-07-01,DKI JAKARTA,"Chili (bird's eye, green)",82462.69666666667
2022-07-01,DKI JAKARTA,"Chili (bird's eye, red)",107063.49333333333
2022-07-01,DKI JAKARTA,Chili (red),106426.19
2022-07-01,DKI JAKARTA,"Chili (red, curly)",107850.79333333333
2022-07-01,DKI JAKARTA,"Chili (red, large)",105000.0
2022-07-01,GORONTALO,Chili (bird's eye),63293.65
2022-07-01,GORONTALO,"Chili (bird's eye, green)",35000.0
2022-07-01,GORONTALO,"Chili (bird's eye, red)",68571.43
2022-07-01,GORONTALO,Chili (red),50238.1
2022-07-01,GORONTALO,"Chili (red, curly)",53333.33666666667
2022-07-01,JAMBI,Chili (bird's eye),86101.19
2022-07-01,JAMBI,"Chili (bird's eye, green)",80154.76000000001
2022-07-01,JAMBI,"Chili (bird's eye, red)",97089.285
2022-07-01,JAMBI,Chili (red),89199.405
2022-07-01,JAMBI,"Chili (red, curly)",88202.3825
2022-07-01,JAMBI,"Chili (red, large)",90196.43
2022-07-01,JAWA BARAT,Chili (bird's eye),84618.19642857143
2022-07-01,JAWA BARAT,"Chili (bird's eye, green)",75596.63941176471
2022-07-01,JAWA BARAT,"Chili (bird's eye, red)",94739.41833333333
2022-07-01,JAWA BARAT,Chili (red),95260.85352941176
2022-07-01,JAWA BARAT,"Chili (red, curly)",91976.19055555556
2022-07-01,JAWA BARAT,"Chili (red, large)",97833.99500000001
2022-07-01,JAWA TENGAH,Chili (bird's eye),65228.35545454546
2022-07-01,JAWA TENGAH,"Chili (bird's eye, green)",53569.44458333333
2022-07-01,JAWA TENGAH,"Chili (bird's eye, red)",76770.83416666667
2022-07-01,JAWA TENGAH,Chili (red),77744.6425
2022-07-01,JAWA TENGAH,"Chili (red, curly)",78798.11458333333
2022-07-01,JAWA TENGAH,"Chili (red, large)",77974.12
2022-07-01,JAWA TIMUR,Chili (bird's eye),60165.08
2022-07-01,JAWA TIMUR,"Chili (bird's eye, green)",44452.38117647059
2022-07-01,JAWA TIMUR,"Chili (bird's eye, red)",78498.59999999999
2022-07-01,JAWA TIMUR,Chili (red),79718.75
2022-07-01,JAWA TIMUR,"Chili (red, curly)",80443.22307692308
2022-07-01,JAWA TIMUR,"Chili (red, large)",80669.17263157894
2022-07-01,KALIMANTAN BARAT,Chili (bird's eye),83492.5675
2022-07-01,KALIMANTAN BARAT,"Chili (bird's eye, green)",75785.7325
2022-07-01,KALIMANTAN BARAT,"Chili (bird's eye, red)",91199.09125
2022-07-01,KALIMANTAN BARAT,Chili (red),61187.94714285714
2022-07-01,KALIMANTAN BARAT,"Chili (red, curly)",71927.538
2022-07-01,KALIMANTAN BARAT,"Chili (red, large)",58389.07875
2022-07-01,KALIMANTAN SELATAN,Chili (bird's eye),73089.285
2022-07-01,KALIMANTAN SELATAN,"Chili (bird's eye, green)",49511.905
2022-07-01,KALIMANTAN SELATAN,"Chili (bird's eye, red)",96666.66750000001
2022-07-01,KALIMANTAN SELATAN,Chili (red),80077.3825
2022-07-01,KALIMANTAN SELATAN,"Chili (red, curly)",79172.62
2022-07-01,KALIMANTAN SELATAN,"Chili (red, large)",80982.145
2022-07-01,KALIMANTAN TENGAH,Chili (bird's eye),92242.06333333334
2022-07-01,KALIMANTAN TENGAH,"Chili (bird's eye, green)",68571.42666666667
2022-07-01,KALIMANTAN TENGAH,"Chili (bird's eye, red)",115912.69666666666
2022-07-01,KALIMANTAN TENGAH,Chili (red),104246.03333333333
2022-07-01,KALIMANTAN TENGAH,"Chili (red, curly)",100952.38
2022-07-01,KALIMANTAN TENGAH,"Chili (red, large)",107539.68000000001
2022-07-01,KALIMANTAN TIMUR,Chili (bird's eye),90575.39666666667
2022-07-01,KALIMANTAN TIMUR,"Chili (bird's eye, green)",78392.85666666667
2022-07-01,KALIMANTAN TIMUR,"Chili (bird's eye, red)",102757.93833333334
2022-07-01,KALIMANTAN TIMUR,Chili (red),77648.81
2022-07-01,KALIMANTAN TIMUR,"Chili (red, curly)",68154.76166666666
2022-07-01,KALIMANTAN TIMUR,"Chili (red, large)",83511.905
2022-07-01,KALIMANTAN UTARA,Chili (bird's eye),130924.1075
2022-07-01,KALIMANTAN UTARA,"Chili (bird's eye, green)",134880.9525
2022-07-01,KALIMANTAN UTARA,"Chili (bird's eye, red)",126967.26250000001
2022-07-01,KALIMANTAN UTARA,Chili (red),96000.0
2022-07-01,KALIMANTAN UTARA,"Chili (red, curly)",96008.93
2022-07-01,KALIMANTAN UTARA,"Chili (red, large)",95991.0725
2022-07-01,KEPULAUAN BANGKA BELITUNG,Chili (bird's eye),103190.48
2022-07-01,KEPULAUAN BANGKA BELITUNG,"Chili (bird's eye, green)",89374.9975
2022-07-01,KEPULAUAN BANGKA BELITUNG,"Chili (bird's eye, red)",120803.5725
2022-07-01,KEPULAUAN BANGKA BELITUNG,Chili (red),86761.905
2022-07-01,KEPULAUAN BANGKA BELITUNG,"Chili (red, curly)",108523.81
2022-07-01,KEPULAUAN BANGKA BELITUNG,"Chili (red, large)",65000.0
2022-07-01,KEPULAUAN RIAU,Chili (bird's eye),87428.56999999999
2022-07-01,KEPULAUAN RIAU,"Chili (bird's eye, green)",87428.56999999999
2022-07-01,KEPULAUAN RIAU,Chili (red),104000.0
2022-07-01,KEPULAUAN RIAU,"Chili (red, curly)",102052.38
2022-07-01,LAMPUNG,Chili (bird's eye),83508.9275
2022-07-01,LAMPUNG,"Chili (bird's eye, green)",80523.81
2022-07-01,LAMPUNG,"Chili (bird's eye, red)",86494.0475
2022-07-01,LAMPUNG,Chili (red),86833.33333333333
2022-07-01,LAMPUNG,"Chili (red, curly)",87666.66500000001
2022-07-01,LAMPUNG,"Chili (red, large)",84476.19333333334
2022-07-01,MALUKU,Chili (bird's eye),100865.08
2022-07-01,MALUKU,"Chili (bird's eye, green)",40595.236666666664
2022-07-01,MALUKU,"Chili (bird's eye, red)",127755.95
2022-07-01,MALUKU,Chili (red),81178.5725
2022-07-01,MALUKU,"Chili (red, curly)",70079.36333333333
2022-07-01,MALUKU,"Chili (red, large)",63214.285
2022-07-01,MALUKU UTARA,Chili (bird's eye),98095.24
2022-07-01,MALUKU UTARA,"Chili (bird's eye, green)",98095.24
2022-07-01,MALUKU UTARA,"Chili (bird's eye, red)",96666.67
2022-07-01,MALUKU UTARA,Chili (red),56964.285
2022-07-01,MALUKU UTARA,"Chili (red, curly)",60000.0
2022-07-01,MALUKU UTARA,"Chili (red, large)",53928.57
2022-07-01,NUSA TENGGARA BARAT,Chili (bird's eye),55523.81
2022-07-01,NUSA TENGGARA BARAT,"Chili (bird's eye, green)",33095.24
2022-07-01,NUSA TENGGARA BARAT,"Chili (bird's eye, red)",71845.23999999999
2022-07-01,NUSA TENGGARA BARAT,Chili (red),65694.44666666667
2022-07-01,NUSA TENGGARA BARAT,"Chili (red, curly)",66880.954
2022-07-01,NUSA TENGGARA BARAT,"Chili (red, large)",68452.38
2022-07-01,NUSA TENGGARA TIMUR,Chili (bird's eye),67787.69833333333
2022-07-01,NUSA TENGGARA TIMUR,"Chili (bird's eye, green)",56170.636666666665
2022-07-01,NUSA TENGGARA TIMUR,"Chili (bird's eye, red)",79404.76333333332
2022-07-01,NUSA TENGGARA TIMUR,Chili (red),78419.048
2022-07-01,NUSA TENGGARA TIMUR,"Chili (red, curly)",81888.89
2022-07-01,NUSA TENGGARA TIMUR,"Chili (red, large)",81587.30333333333
2022-07-01,PAPUA,Chili (bird's eye),84389.8775
2022-07-01,PAPUA,"Chili (bird's eye, green)",60332.44125
2022-07-01,PAPUA,"Chili (bird's eye, red)",110118.15625
2022-07-01,PAPUA,Chili (red),68300.34
2022-07-01,PAPUA,"Chili (red, curly)",67902.67749999999
2022-07-01,PAPUA,"Chili (red, large)",74331.25125
2022-07-01,PAPUA BARAT,Chili (bird's eye),84702.38
2022-07-01,PAPUA BARAT,"Chili (bird's eye, red)",84702.38
2022-07-01,PAPUA BARAT,Chili (red),77380.95000000001
2022-07-01,PAPUA BARAT,"Chili (red, curly)",65654.7625
2022-07-01,PAPUA BARAT,"Chili (red, large)",67202.3825
2022-07-01,RIAU,Chili (bird's eye),95247.28
2022-07-01,RIAU,"Chili (bird's eye, green)",88938.09625
2022-07-01,RIAU,"Chili (bird's eye, red)",105337.5025
2022-07-01,RIAU,Chili (red),103029.165
2022-07-01,RIAU,"Chili (red, curly)",105817.2625
2022-07-01,RIAU,"Chili (red, large)",97384.92166666668
2022-07-01,SULAWESI BARAT,Chili (bird's eye),57067.707500000004
2022-07-01,SULAWESI BARAT,"Chili (bird's eye, green)",52516.37
2022-07-01,SULAWESI BARAT,"Chili (bird's eye, red)",61619.05
2022-07-01,SULAWESI BARAT,Chili (red),53639.8825
2022-07-01,SULAWESI BARAT,"Chili (red, curly)",55095.24
2022-07-01,SULAWESI BARAT,"Chili (red, large)",52184.525
2022-07-01,SULAWESI SELATAN,Chili (bird's eye),57142.857777777775
2022-07-01,SULAWESI SELATAN,"Chili (bird's eye, green)",27436.905
2022-07-01,SULAWESI SELATAN,"Chili (bird's eye, red)",62564.287
2022-07-01,SULAWESI SELATAN,Chili (red),50678.332
2022-07-01,SULAWESI SELATAN,"Chili (red, curly)",52107.144
2022-07-01,SULAWESI SELATAN,"Chili (red, large)",49246.906
2022-07-01,SULAWESI TENGAH,Chili (bird's eye),73005.95
2022-07-01,SULAWESI TENGAH,"Chili (bird's eye, green)",71250.0
2022-07-01,SULAWESI TENGAH,"Chili (bird's eye, red)",74761.905
2022-07-01,SULAWESI TENGAH,Chili (red),54964.285
2022-07-01,SULAWESI TENGAH,"Chili (red, curly)",46178.575
2022-07-01,SULAWESI TENGAH,"Chili (red, large)",63750.0
2022-07-01,SULAWESI TENGGARA,Chili (bird's eye),70758.93
2022-07-01,SULAWESI TENGGARA,"Chili (bird's eye, green)",64972.945
2022-07-01,SULAWESI TENGGARA,"Chili (bird's eye, red)",73065.47750000001
2022-07-01,SULAWESI TENGGARA,Chili (red),74202.38
2022-07-01,SULAWESI TENGGARA,"Chili (red, curly)",69779.7625
2022-07-01,SULAWESI TENGGARA,"Chili (red, large)",81226.1925
2022-07-01,SULAWESI UTARA,Chili (bird's eye),60123.215
2022-07-01,SULAWESI UTARA,"Chili (bird's eye, green)",54863.69
2022-07-01,SULAWESI UTARA,"Chili (bird's eye, red)",65380.9525
2022-07-01,SULAWESI UTARA,Chili (red),42136.905
2022-07-01,SULAWESI UTARA,"Chili (red, curly)",42325.39666666667
2022-07-01,SUMATERA BARAT,Chili (bird's eye),74452.38
2022-07-01,SUMATERA BARAT,"Chili (bird's eye, green)",72744.0475
2022-07-01,SUMATERA BARAT,Chili (red),100541.66750000001
2022-07-01,SUMATERA BARAT,"Chili (red, curly)",100541.66750000001
2022-07-01,SUMATERA SELATAN,Chili (bird's eye),88710.31666666667
2022-07-01,SUMATERA SELATAN,"Chili (bird's eye, green)",84756.34999999999
2022-07-01,SUMATERA SELATAN,"Chili (bird's eye, red)",92654.76000000001
2022-07-01,SUMATERA SELATAN,Chili (red),95919.84000000001
2022-07-01,SUMATERA SELATAN,"Chili (red, curly)",93580.95333333332
2022-07-01,SUMATERA SELATAN,"Chili (red, large)",98243.65000000001
2022-07-01,SUMATERA UTARA,Chili (bird's eye),74766.668
2022-07-01,SUMATERA UTARA,"Chili (bird's eye, green)",74606.15166666667
2022-07-01,SUMATERA UTARA,"Chili (bird's eye, red)",68089.2875
2022-07-01,SUMATERA UTARA,Chili (red),86524.44727272728
2022-07-01,SUMATERA UTARA,"Chili (red, curly)",86324.71538461538
2022-08-01,ACEH,Chili (bird's eye),48800.83833333334
2022-08-01,ACEH,"Chili (bird's eye, green)",48470.096
2022-08-01,ACEH,Chili (red),87729.86333333333
2022-08-01,ACEH,"Chili (red, curly)",87729.86333333333
2022-08-01,BALI,Chili (bird's eye),47155.30333333334
2022-08-01,BALI,"Chili (bird's eye, green)",46164.7725
2022-08-01,BALI,"Chili (bird's eye, red)",45732.9525
2022-08-01,BALI,Chili (red),56829.543333333335
2022-08-01,BALI,"Chili (red, curly)",56666.666666666664
2022-08-01,BALI,"Chili (red, large)",55812.5
2022-08-01,BANTEN,Chili (bird's eye),55179.02166666667
2022-08-01,BANTEN,"Chili (bird's eye, green)",52125.756
2022-08-01,BANTEN,"Chili (bird's eye, red)",57692.64166666666
2022-08-01,BANTEN,Chili (red),70477.275
2022-08-01,BANTEN,"Chili (red, curly)",68146.10166666667
2022-08-01,BANTEN,"Chili (red, large)",69391.95333333332
2022-08-01,BENGKULU,Chili (bird's eye),49083.91333333333
2022-08-01,BENGKULU,"Chili (bird's eye, green)",53319.5325
2022-08-01,BENGKULU,"Chili (bird's eye, red)",48064.0975
2022-08-01,BENGKULU,Chili (red),71647.185
2022-08-01,BENGKULU,"Chili (red, curly)",74141.775
2022-08-01,BENGKULU,"Chili (red, large)",69152.6
2022-08-01,DAERAH ISTIMEWA YOGYAKARTA,"Chili (bird's eye, green)",45965.91
2022-08-01,DAERAH ISTIMEWA YOGYAKARTA,"Chili (bird's eye, red)",43818.18
2022-08-01,DAERAH ISTIMEWA YOGYAKARTA,Chili (red),63948.86
2022-08-01,DAERAH ISTIMEWA YOGYAKARTA,"Chili (red, curly)",59090.91
2022-08-01,DAERAH ISTIMEWA YOGYAKARTA,"Chili (red, large)",68806.82
2022-08-01,DKI JAKARTA,Chili (bird's eye),62421.97
2022-08-01,DKI JAKARTA,"Chili (bird's eye, green)",57348.48333333334
2022-08-01,DKI JAKARTA,"Chili (bird's eye, red)",67493.94
2022-08-01,DKI JAKARTA,Chili (red),79509.09
2022-08-01,DKI JAKARTA,"Chili (red, curly)",78730.30333333333
2022-08-01,DKI JAKARTA,"Chili (red, large)",80287.12
2022-08-01,GORONTALO,Chili (bird's eye),60136.363333333335
2022-08-01,GORONTALO,"Chili (bird's eye, green)",35000.0
2022-08-01,GORONTALO,"Chili (bird's eye, red)",63113.636666666665
2022-08-01,GORONTALO,Chili (red),46666.666666666664
2022-08-01,GORONTALO,"Chili (red, curly)",46666.666666666664
2022-08-01,JAMBI,Chili (bird's eye),57579.545
2022-08-01,JAMBI,"Chili (bird's eye, green)",50636.36
2022-08-01,JAMBI,"Chili (bird's eye, red)",64948.865000000005
2022-08-01,JAMBI,Chili (red),68242.42666666667
2022-08-01,JAMBI,"Chili (red, curly)",68318.1825
2022-08-01,JAMBI,"Chili (red, large)",69073.865
2022-08-01,JAWA BARAT,Chili (bird's eye),57305.60214285715
2022-08-01,JAWA BARAT,"Chili (bird's eye, green)",54317.55055555556
2022-08-01,JAWA BARAT,"Chili (bird's eye, red)",61786.09529411765
2022-08-01,JAWA BARAT,Chili (red),69918.32375
2022-08-01,JAWA BARAT,"Chili (red, curly)",69235.48055555555
2022-08-01,JAWA BARAT,"Chili (red, large)",70589.01333333334
2022-08-01,JAWA TENGAH,Chili (bird's eye),41915.28909090909
2022-08-01,JAWA TENGAH,"Chili (bird's eye, green)",35846.59166666667
2022-08-01,JAWA TENGAH,"Chili (bird's eye, red)",47922.34791666667
2022-08-01,JAWA TENGAH,Chili (red),60073.92315789474
2022-08-01,JAWA TENGAH,"Chili (red, curly)",58081.91291666666
2022-08-01,JAWA TENGAH,"Chili (red, large)",60360.794583333336
2022-08-01,JAWA TIMUR,Chili (bird's eye),38046.97
2022-08-01,JAWA TIMUR,"Chili (bird's eye, green)",30069.445
2022-08-01,JAWA TIMUR,"Chili (bird's eye, red)",45904.829375
2022-08-01,JAWA TIMUR,Chili (red),56878.34176470589
2022-08-01,JAWA TIMUR,"Chili (red, curly)",57342.65846153846
2022-08-01,JAWA TIMUR,"Chili (red, large)",57110.047368421045
2022-08-01,KALIMANTAN BARAT,Chili (bird's eye),69521.3075
2022-08-01,KALIMANTAN BARAT,"Chili (bird's eye, green)",62357.95375
2022-08-01,KALIMANTAN BARAT,"Chili (bird's eye, red)",76684.6575
2022-08-01,KALIMANTAN BARAT,Chili (red),61018.93833333333
2022-08-01,KALIMANTAN BARAT,"Chili (red, curly)",76400.0
2022-08-01,KALIMANTAN BARAT,"Chili (red, large)",52593.74875
2022-08-01,KALIMANTAN SELATAN,Chili (bird's eye),54846.5875
2022-08-01,KALIMANTAN SELATAN,"Chili (bird's eye, green)",38357.955
2022-08-01,KALIMANTAN SELATAN,"Chili (bird's eye, red)",71335.22750000001
2022-08-01,KALIMANTAN SELATAN,Chili (red),67698.865
2022-08-01,KALIMANTAN SELATAN,"Chili (red, curly)",67073.865
2022-08-01,KALIMANTAN SELATAN,"Chili (red, large)",68323.865
2022-08-01,KALIMANTAN TENGAH,Chili (bird's eye),70738.64
2022-08-01,KALIMANTAN TENGAH,"Chili (bird's eye, green)",49015.15
2022-08-01,KALIMANTAN TENGAH,"Chili (bird's eye, red)",85189.39666666667
2022-08-01,KALIMANTAN TENGAH,Chili (red),94242.42333333334
2022-08-01,KALIMANTAN TENGAH,"Chili (red, curly)",91287.88
2022-08-01,KALIMANTAN TENGAH,"Chili (red, large)",97196.96666666667
2022-08-01,KALIMANTAN TIMUR,Chili (bird's eye),65880.68166666666
2022-08-01,KALIMANTAN TIMUR,"Chili (bird's eye, green)",61685.60666666667
2022-08-01,KALIMANTAN TIMUR,"Chili (bird's eye, red)",70075.75833333333
2022-08-01,KALIMANTAN TIMUR,Chili (red),63892.045
2022-08-01,KALIMANTAN TIMUR,"Chili (red, curly)",61162.880000000005
2022-08-01,KALIMANTAN TIMUR,"Chili (red, large)",67954.545
2022-08-01,KALIMANTAN UTARA,Chili (bird's eye),100562.4975
2022-08-01,KALIMANTAN UTARA,"Chili (bird's eye, green)",104227.27249999999
2022-08-01,KALIMANTAN UTARA,"Chili (bird's eye, red)",96897.72750000001
2022-08-01,KALIMANTAN UTARA,Chili (red),81869.3175
2022-08-01,KALIMANTAN UTARA,"Chili (red, curly)",76969.69666666667
2022-08-01,KALIMANTAN UTARA,"Chili (red, large)",84704.545
2022-08-01,KEPULAUAN BANGKA BELITUNG,Chili (bird's eye),69119.32
2022-08-01,KEPULAUAN BANGKA BELITUNG,"Chili (bird's eye, green)",69511.365
2022-08-01,KEPULAUAN BANGKA BELITUNG,"Chili (bird's eye, red)",78492.42333333332
2022-08-01,KEPULAUAN BANGKA BELITUNG,Chili (red),73085.22750000001
2022-08-01,KEPULAUAN BANGKA BELITUNG,"Chili (red, curly)",81198.8625
2022-08-01,KEPULAUAN BANGKA BELITUNG,"Chili (red, large)",64971.59
2022-08-01,KEPULAUAN RIAU,Chili (bird's eye),61727.272
2022-08-01,KEPULAUAN RIAU,"Chili (bird's eye, green)",61727.272
2022-08-01,KEPULAUAN RIAU,Chili (red),83151.51666666666
2022-08-01,KEPULAUAN RIAU,"Chili (red, curly)",82263.638
2022-08-01,LAMPUNG,Chili (bird's eye),53468.75
2022-08-01,LAMPUNG,"Chili (bird's eye, green)",50971.59
2022-08-01,LAMPUNG,"Chili (bird's eye, red)",55965.91
2022-08-01,LAMPUNG,Chili (red),61051.14
2022-08-01,LAMPUNG,"Chili (red, curly)",64829.545
2022-08-01,LAMPUNG,"Chili (red, large)",64333.333333333336
2022-08-01,MALUKU,Chili (bird's eye),104261.3625
2022-08-01,MALUKU,"Chili (bird's eye, green)",43522.725
2022-08-01,MALUKU,"Chili (bird's eye, red)",117698.865
2022-08-01,MALUKU,Chili (red),74701.705
2022-08-01,MALUKU,"Chili (red, curly)",71676.135
2022-08-01,MALUKU,"Chili (red, large)",69090.91
2022-08-01,MALUKU UTARA,Chili (bird's eye),100000.0
2022-08-01,MALUKU UTARA,"Chili (bird's eye, green)",100000.0
2022-08-01,MALUKU UTARA,"Chili (bird's eye, red)",92500.0
2022-08-01,MALUKU UTARA,Chili (red),50284.09
2022-08-01,MALUKU UTARA,"Chili (red, curly)",60681.82
2022-08-01,MALUKU UTARA,"Chili (red, large)",39886.36
2022-08-01,NUSA TENGGARA BARAT,Chili (bird's eye),32009.091999999997
2022-08-01,NUSA TENGGARA BARAT,"Chili (bird's eye, green)",21579.545
2022-08-01,NUSA TENGGARA BARAT,"Chili (bird's eye, red)",39004.545999999995
2022-08-01,NUSA TENGGARA BARAT,Chili (red),50152.272
2022-08-01,NUSA TENGGARA BARAT,"Chili (red, curly)",49413.634
2022-08-01,NUSA TENGGARA BARAT,"Chili (red, large)",50890.91
2022-08-01,NUSA TENGGARA TIMUR,Chili (bird's eye),63967.80333333334
2022-08-01,NUSA TENGGARA TIMUR,"Chili (bird's eye, green)",55227.27166666667
2022-08-01,NUSA TENGGARA TIMUR,"Chili (bird's eye, red)",72708.33333333333
2022-08-01,NUSA TENGGARA TIMUR,Chili (red),74375.0
2022-08-01,NUSA TENGGARA TIMUR,"Chili (red, curly)",75587.12166666666
2022-08-01,NUSA TENGGARA TIMUR,"Chili (red, large)",73162.87833333334
2022-08-01,PAPUA,Chili (bird's eye),75395.59999999999
2022-08-01,PAPUA,"Chili (bird's eye, green)",52913.87875
2022-08-01,PAPUA,"Chili (bird's eye, red)",102419.29000000001
2022-08-01,PAPUA,Chili (red),63907.1575
2022-08-01,PAPUA,"Chili (red, curly)",60430.84428571429
2022-08-01,PAPUA,"Chili (red, large)",69058.78125
2022-08-01,PAPUA BARAT,Chili (bird's eye),95101.6725
2022-08-01,PAPUA BARAT,"Chili (bird's eye, red)",95101.6725
2022-08-01,PAPUA BARAT,Chili (red),66060.60666666667
2022-08-01,PAPUA BARAT,"Chili (red, curly)",55795.455
2022-08-01,PAPUA BARAT,"Chili (red, large)",67159.0925
2022-08-01,RIAU,Chili (bird's eye),63061.08
2022-08-01,RIAU,"Chili (bird's eye, green)",60208.335
2022-08-01,RIAU,"Chili (bird's eye, red)",71221.59
2022-08-01,RIAU,Chili (red),75806.8175
2022-08-01,RIAU,"Chili (red, curly)",77596.59
2022-08-01,RIAU,"Chili (red, large)",73083.335
2022-08-01,SULAWESI BARAT,Chili (bird's eye),45835.2275
2022-08-01,SULAWESI BARAT,"Chili (bird's eye, green)",42181.8175
2022-08-01,SULAWESI BARAT,"Chili (bird's eye, red)",49488.6375
2022-08-01,SULAWESI BARAT,Chili (red),39534.09
2022-08-01,SULAWESI BARAT,"Chili (red, curly)",39744.32
2022-08-01,SULAWESI BARAT,"Chili (red, large)",38704.5475
2022-08-01,SULAWESI SELATAN,Chili (bird's eye),42271.97
2022-08-01,SULAWESI SELATAN,"Chili (bird's eye, green)",23730.114999999998
2022-08-01,SULAWESI SELATAN,"Chili (bird's eye, red)",47093.43555555555
2022-08-01,SULAWESI SELATAN,Chili (red),34855.229
2022-08-01,SULAWESI SELATAN,"Chili (red, curly)",36938.637
2022-08-01,SULAWESI SELATAN,"Chili (red, large)",32768.863
2022-08-01,SULAWESI TENGAH,Chili (bird's eye),61903.41
2022-08-01,SULAWESI TENGAH,"Chili (bird's eye, green)",57045.455
2022-08-01,SULAWESI TENGAH,"Chili (bird's eye, red)",66761.365
2022-08-01,SULAWESI TENGAH,Chili (red),48829.545
2022-08-01,SULAWESI TENGAH,"Chili (red, curly)",37375.0
2022-08-01,SULAWESI TENGAH,"Chili (red, large)",60284.09
2022-08-01,SULAWESI TENGGARA,Chili (bird's eye),69488.6375
2022-08-01,SULAWESI TENGGARA,"Chili (bird's eye, green)",66477.275
2022-08-01,SULAWESI TENGGARA,"Chili (bird's eye, red)",69488.6375
2022-08-01,SULAWESI TENGGARA,Chili (red),52164.770000000004
2022-08-01,SULAWESI TENGGARA,"Chili (red, curly)",54181.817500000005
2022-08-01,SULAWESI TENGGARA,"Chili (red, large)",55909.0925
2022-08-01,SULAWESI UTARA,Chili (bird's eye),54250.565
2022-08-01,SULAWESI UTARA,"Chili (bird's eye, green)",45993.7475
2022-08-01,SULAWESI UTARA,"Chili (bird's eye, red)",62505.68
2022-08-01,SULAWESI UTARA,Chili (red),35448.865000000005
2022-08-01,SULAWESI UTARA,"Chili (red, curly)",36318.183333333334
2022-08-01,SUMATERA BARAT,Chili (bird's eye),55681.82
2022-08-01,SUMATERA BARAT,"Chili (bird's eye, green)",48409.0925
2022-08-01,SUMATERA BARAT,Chili (red),75886.365
2022-08-01,SUMATERA BARAT,"Chili (red, curly)",75886.365
2022-08-01,SUMATERA SELATAN,Chili (bird's eye),63154.545
2022-08-01,SUMATERA SELATAN,"Chili (bird's eye, green)",59528.79
2022-08-01,SUMATERA SELATAN,"Chili (bird's eye, red)",66942.42333333332
2022-08-01,SUMATERA SELATAN,Chili (red),75143.18333333333
2022-08-01,SUMATERA SELATAN,"Chili (red, curly)",73340.90999999999
2022-08-01,SUMATERA SELATAN,"Chili (red, large)",76935.60666666667
2022-08-01,SUMATERA UTARA,Chili (bird's eye),45231.31333333333
2022-08-01,SUMATERA UTARA,"Chili (bird's eye, green)",45207.76500000001
2022-08-01,SUMATERA UTARA,"Chili (bird's eye, red)",37888.0675
2022-08-01,SUMATERA UTARA,Chili (red),80987.60272727272
2022-08-01,SUMATERA UTARA,"Chili (red, curly)",81569.40538461538
2022-09-01,ACEH,Chili (bird's eye),49631.82
2022-09-01,ACEH,"Chili (bird's eye, green)",49018.183999999994
2022-09-01,ACEH,Chili (red),70250.00200000001
2022-09-01,ACEH,"Chili (red, curly)",71190.912
2022-09-01,BALI,Chili (bird's eye),43224.43
2022-09-01,BALI,"Chili (bird's eye, green)",39215.91
2022-09-01,BALI,"Chili (bird's eye, red)",47232.955
2022-09-01,BALI,Chili (red),44151.51666666666
2022-09-01,BALI,"Chili (red, curly)",46386.363333333335
2022-09-01,BALI,"Chili (red, large)",41823.8625
2022-09-01,BANTEN,Chili (bird's eye),53541.57833333333
2022-09-01,BANTEN,"Chili (bird's eye, green)",43812.5
2022-09-01,BANTEN,"Chili (bird's eye, red)",62911.615
2022-09-01,BANTEN,Chili (red),65859.84666666666
2022-09-01,BANTEN,"Chili (red, curly)",69925.32333333333
2022-09-01,BANTEN,"Chili (red, large)",61935.24333333334
2022-09-01,BENGKULU,Chili (bird's eye),50451.513333333336
2022-09-01,BENGKULU,"Chili (bird's eye, green)",54693.18
2022-09-01,BENGKULU,"Chili (bird's eye, red)",48488.0675
2022-09-01,BENGKULU,Chili (red),69636.36499999999
2022-09-01,BENGKULU,"Chili (red, curly)",73499.99666666666
2022-09-01,BENGKULU,"Chili (red, large)",66312.5
2022-09-01,DAERAH ISTIMEWA YOGYAKARTA,Chili (bird's eye),50022.73
2022-09-01,DAERAH ISTIMEWA YOGYAKARTA,"Chili (bird's eye, green)",45965.91
2022-09-01,DAERAH ISTIMEWA YOGYAKARTA,"Chili (bird's eye, red)",55420.45
2022-09-01,DAERAH ISTIMEWA YOGYAKARTA,Chili (red),60909.09
2022-09-01,DAERAH ISTIMEWA YOGYAKARTA,"Chili (red, curly)",61704.545
2022-09-01,DAERAH ISTIMEWA YOGYAKARTA,"Chili (red, large)",60113.64
2022-09-01,DKI JAKARTA,Chili (bird's eye),61386.363333333335
2022-09-01,DKI JAKARTA,"Chili (bird's eye, green)",52428.03333333333
2022-09-01,DKI JAKARTA,"Chili (bird's eye, red)",70343.18000000001
2022-09-01,DKI JAKARTA,Chili (red),75511.36499999999
2022-09-01,DKI JAKARTA,"Chili (red, curly)",77839.39333333333
2022-09-01,DKI JAKARTA,"Chili (red, large)",75416.66666666667
2022-09-01,GORONTALO,Chili (bird's eye),61136.363333333335
2022-09-01,GORONTALO,"Chili (bird's eye, red)",61136.363333333335
2022-09-01,GORONTALO,Chili (red),47840.91
2022-09-01,GORONTALO,"Chili (red, curly)",50189.39666666667
2022-09-01,JAMBI,Chili (bird's eye),55696.0225
2022-09-01,JAMBI,"Chili (bird's eye, green)",47727.27
2022-09-01,JAMBI,"Chili (bird's eye, red)",69164.775
2022-09-01,JAMBI,Chili (red),59261.363333333335
2022-09-01,JAMBI,"Chili (red, curly)",59585.2275
2022-09-01,JAMBI,"Chili (red, large)",59106.06
2022-09-01,JAWA BARAT,Chili (bird's eye),53746.06692307692
2022-09-01,JAWA BARAT,"Chili (bird's eye, green)",45998.57875
2022-09-01,JAWA BARAT,"Chili (bird's eye, red)",64269.57
2022-09-01,JAWA BARAT,Chili (red),65409.90214285714
2022-09-01,JAWA BARAT,"Chili (red, curly)",70118.055
2022-09-01,JAWA BARAT,"Chili (red, large)",60845.32833333333
2022-09-01,JAWA TENGAH,Chili (bird's eye),45706.02695652173
2022-09-01,JAWA TENGAH,"Chili (bird's eye, green)",36642.9925
2022-09-01,JAWA TENGAH,"Chili (bird's eye, red)",55266.098750000005
2022-09-01,JAWA TENGAH,Chili (red),56300.86571428571
2022-09-01,JAWA TENGAH,"Chili (red, curly)",59279.355833333335
2022-09-01,JAWA TENGAH,"Chili (red, large)",55768.59545454546
2022-09-01,JAWA TIMUR,Chili (bird's eye),41276.27875
2022-09-01,JAWA TIMUR,"Chili (bird's eye, green)",29013.888333333332
2022-09-01,JAWA TIMUR,"Chili (bird's eye, red)",53788.77117647059
2022-09-01,JAWA TIMUR,Chili (red),45675.80294117647
2022-09-01,JAWA TIMUR,"Chili (red, curly)",54276.22384615385
2022-09-01,JAWA TIMUR,"Chili (red, large)",43325.36052631579
2022-09-01,KALIMANTAN BARAT,Chili (bird's eye),76207.385
2022-09-01,KALIMANTAN BARAT,"Chili (bird's eye, green)",69622.15875
2022-09-01,KALIMANTAN BARAT,"Chili (bird's eye, red)",82792.61375
2022-09-01,KALIMANTAN BARAT,Chili (red),61193.18333333333
2022-09-01,KALIMANTAN BARAT,"Chili (red, curly)",74628.78833333333
2022-09-01,KALIMANTAN BARAT,"Chili (red, large)",59440.3425
2022-09-01,KALIMANTAN SELATAN,Chili (bird's eye),52696.020000000004
2022-09-01,KALIMANTAN SELATAN,"Chili (bird's eye, green)",36846.5925
2022-09-01,KALIMANTAN SELATAN,"Chili (bird's eye, red)",68545.4525
2022-09-01,KALIMANTAN SELATAN,Chili (red),66818.18
2022-09-01,KALIMANTAN SELATAN,"Chili (red, curly)",69119.32
2022-09-01,KALIMANTAN SELATAN,"Chili (red, large)",64517.045
2022-09-01,KALIMANTAN TENGAH,Chili (bird's eye),56647.73
2022-09-01,KALIMANTAN TENGAH,"Chili (bird's eye, green)",49053.03
2022-09-01,KALIMANTAN TENGAH,"Chili (bird's eye, red)",80530.30333333333
2022-09-01,KALIMANTAN TENGAH,Chili (red),96344.69666666666
2022-09-01,KALIMANTAN TENGAH,"Chili (red, curly)",94734.84999999999
2022-09-01,KALIMANTAN TENGAH,"Chili (red, large)",97954.54333333333
2022-09-01,KALIMANTAN TIMUR,Chili (bird's eye),62263.25833333333
2022-09-01,KALIMANTAN TIMUR,"Chili (bird's eye, green)",60481.06
2022-09-01,KALIMANTAN TIMUR,"Chili (bird's eye, red)",64098.486666666664
2022-09-01,KALIMANTAN TIMUR,Chili (red),61605.1125
2022-09-01,KALIMANTAN TIMUR,"Chili (red, curly)",61685.60666666667
2022-09-01,KALIMANTAN TIMUR,"Chili (red, large)",63250.002
2022-09-01,KALIMANTAN UTARA,Chili (bird's eye),80959.8225
2022-09-01,KALIMANTAN UTARA,"Chili (bird's eye, green)",83277.41666666667
2022-09-01,KALIMANTAN UTARA,"Chili (bird's eye, red)",78609.3075
2022-09-01,KALIMANTAN UTARA,Chili (red),67992.695
2022-09-01,KALIMANTAN UTARA,"Chili (red, curly)",71414.2325
2022-09-01,KALIMANTAN UTARA,"Chili (red, large)",64571.1575
2022-09-01,KEPULAUAN BANGKA BELITUNG,Chili (bird's eye),69497.16
2022-09-01,KEPULAUAN BANGKA BELITUNG,"Chili (bird's eye, green)",68250.0
2022-09-01,KEPULAUAN BANGKA BELITUNG,"Chili (bird's eye, red)",70992.42666666667
2022-09-01,KEPULAUAN BANGKA BELITUNG,Chili (red),73338.07
2022-09-01,KEPULAUAN BANGKA BELITUNG,"Chili (red, curly)",81732.955
2022-09-01,KEPULAUAN BANGKA BELITUNG,"Chili (red, large)",64943.182499999995
2022-09-01,KEPULAUAN RIAU,Chili (bird's eye),53027.272
2022-09-01,KEPULAUAN RIAU,"Chili (bird's eye, green)",53027.272
2022-09-01,KEPULAUAN RIAU,Chili (red),78045.455
2022-09-01,KEPULAUAN RIAU,"Chili (red, curly)",79313.636
2022-09-01,LAMPUNG,Chili (bird's eye),51411.9325
2022-09-01,LAMPUNG,"Chili (bird's eye, green)",48676.137500000004
2022-09-01,LAMPUNG,"Chili (bird's eye, red)",54147.725
2022-09-01,LAMPUNG,Chili (red),59991.4775
2022-09-01,LAMPUNG,"Chili (red, curly)",59505.6825
2022-09-01,LAMPUNG,"Chili (red, large)",59651.51666666666
2022-09-01,MALUKU,Chili (bird's eye),89119.3175
2022-09-01,MALUKU,"Chili (bird's eye, green)",50000.0
2022-09-01,MALUKU,"Chili (bird's eye, red)",96818.1825
2022-09-01,MALUKU,Chili (red),77144.885
2022-09-01,MALUKU,"Chili (red, curly)",76562.5
2022-09-01,MALUKU,"Chili (red, large)",62272.73
2022-09-01,MALUKU UTARA,Chili (bird's eye),100000.0
2022-09-01,MALUKU UTARA,"Chili (bird's eye, green)",100000.0
2022-09-01,MALUKU UTARA,"Chili (bird's eye, red)",112727.27
2022-09-01,MALUKU UTARA,Chili (red),52613.634999999995
2022-09-01,MALUKU UTARA,"Chili (red, curly)",60909.09
2022-09-01,MALUKU UTARA,"Chili (red, large)",44318.18
2022-09-01,NUSA TENGGARA BARAT,Chili (bird's eye),38015.909999999996
2022-09-01,NUSA TENGGARA BARAT,"Chili (bird's eye, green)",23761.364999999998
2022-09-01,NUSA TENGGARA BARAT,"Chili (bird's eye, red)",47522.728
2022-09-01,NUSA TENGGARA BARAT,Chili (red),44831.818
2022-09-01,NUSA TENGGARA BARAT,"Chili (red, curly)",48300.0
2022-09-01,NUSA TENGGARA BARAT,"Chili (red, large)",41363.636
2022-09-01,NUSA TENGGARA TIMUR,Chili (bird's eye),58598.488333333335
2022-09-01,NUSA TENGGARA TIMUR,"Chili (bird's eye, green)",49659.09166666667
2022-09-01,NUSA TENGGARA TIMUR,"Chili (bird's eye, red)",67537.87833333334
2022-09-01,NUSA TENGGARA TIMUR,Chili (red),59759.090000000004
2022-09-01,NUSA TENGGARA TIMUR,"Chili (red, curly)",63246.21166666667
2022-09-01,NUSA TENGGARA TIMUR,"Chili (red, large)",60253.78666666666
2022-09-01,PAPUA,Chili (bird's eye),61710.98499999999
2022-09-01,PAPUA,"Chili (bird's eye, green)",49520.455
2022-09-01,PAPUA,"Chili (bird's eye, red)",81869.3175
2022-09-01,PAPUA,Chili (red),62606.17
2022-09-01,PAPUA,"Chili (red, curly)",60405.84142857143
2022-09-01,PAPUA,"Chili (red, large)",70781.11
2022-09-01,PAPUA BARAT,Chili (bird's eye),82102.2725
2022-09-01,PAPUA BARAT,"Chili (bird's eye, red)",82102.2725
2022-09-01,PAPUA BARAT,Chili (red),67159.09
2022-09-01,PAPUA BARAT,"Chili (red, curly)",61433.9825
2022-09-01,PAPUA BARAT,"Chili (red, large)",68181.8175
2022-09-01,RIAU,Chili (bird's eye),59287.880000000005
2022-09-01,RIAU,"Chili (bird's eye, green)",55290.40333333333
2022-09-01,RIAU,"Chili (bird's eye, red)",65852.27249999999
2022-09-01,RIAU,Chili (red),70673.29875
2022-09-01,RIAU,"Chili (red, curly)",72584.2825
2022-09-01,RIAU,"Chili (red, large)",66531.56666666667
2022-09-01,SULAWESI BARAT,Chili (bird's eye),45588.0675
2022-09-01,SULAWESI BARAT,"Chili (bird's eye, green)",42392.045
2022-09-01,SULAWESI BARAT,"Chili (bird's eye, red)",48784.0925
2022-09-01,SULAWESI BARAT,Chili (red),43689.39666666667
2022-09-01,SULAWESI BARAT,"Chili (red, curly)",47386.365000000005
2022-09-01,SULAWESI BARAT,"Chili (red, large)",41500.0
2022-09-01,SULAWESI SELATAN,Chili (bird's eye),39019.19222222222
2022-09-01,SULAWESI SELATAN,"Chili (bird's eye, green)",26355.1125
2022-09-01,SULAWESI SELATAN,"Chili (bird's eye, red)",43563.637
2022-09-01,SULAWESI SELATAN,Chili (red),39395.73875
2022-09-01,SULAWESI SELATAN,"Chili (red, curly)",41997.72900000001
2022-09-01,SULAWESI SELATAN,"Chili (red, large)",35550.908
2022-09-01,SULAWESI TENGAH,Chili (bird's eye),66278.41
2022-09-01,SULAWESI TENGAH,"Chili (bird's eye, green)",63693.17999999999
2022-09-01,SULAWESI TENGAH,"Chili (bird's eye, red)",68863.63500000001
2022-09-01,SULAWESI TENGAH,Chili (red),51056.815
2022-09-01,SULAWESI TENGAH,"Chili (red, curly)",43704.545
2022-09-01,SULAWESI TENGAH,"Chili (red, large)",58409.09
2022-09-01,SULAWESI TENGGARA,Chili (bird's eye),57031.2475
2022-09-01,SULAWESI TENGGARA,"Chili (bird's eye, green)",47840.90666666667
2022-09-01,SULAWESI TENGGARA,"Chili (bird's eye, red)",57272.725000000006
2022-09-01,SULAWESI TENGGARA,Chili (red),51515.15
2022-09-01,SULAWESI TENGGARA,"Chili (red, curly)",51988.6375
2022-09-01,SULAWESI TENGGARA,"Chili (red, large)",50312.5025
2022-09-01,SULAWESI UTARA,Chili (bird's eye),52816.48
2022-09-01,SULAWESI UTARA,"Chili (bird's eye, green)",46621.0225
2022-09-01,SULAWESI UTARA,"Chili (bird's eye, red)",59011.3625
2022-09-01,SULAWESI UTARA,Chili (red),35318.18
2022-09-01,SULAWESI UTARA,"Chili (red, curly)",35318.18
2022-09-01,SUMATERA BARAT,Chili (bird's eye),58196.96666666667
2022-09-01,SUMATERA BARAT,"Chili (bird's eye, green)",56772.725
2022-09-01,SUMATERA BARAT,Chili (red),69659.0925
2022-09-01,SUMATERA BARAT,"Chili (red, curly)",69659.0925
2022-09-01,SUMATERA SELATAN,Chili (bird's eye),66454.545
2022-09-01,SUMATERA SELATAN,"Chili (bird's eye, green)",60256.06
2022-09-01,SUMATERA SELATAN,"Chili (bird's eye, red)",71179.54666666668
2022-09-01,SUMATERA SELATAN,Chili (red),72383.33
2022-09-01,SUMATERA SELATAN,"Chili (red, curly)",71084.09
2022-09-01,SUMATERA SELATAN,"Chili (red, large)",73675.0
2022-09-01,SUMATERA UTARA,Chili (bird's eye),47145.833333333336
2022-09-01,SUMATERA UTARA,"Chili (bird's eye, green)",46369.83454545454
2022-09-01,SUMATERA UTARA,"Chili (bird's eye, red)",41687.4975
2022-09-01,SUMATERA UTARA,Chili (red),63176.57307692307
2022-09-01,SUMATERA UTARA,"Chili (red, curly)",63176.57307692307
2022-10-01,ACEH,Chili (bird's eye),40669.04833333333
2022-10-01,ACEH,"Chili (bird's eye, green)",40669.04833333333
2022-10-01,ACEH,Chili (red),42111.906
2022-10-01,ACEH,"Chili (red, curly)",43136.905
2022-10-01,BALI,Chili (bird's eye),31254.36666666667
2022-10-01,BALI,"Chili (bird's eye, green)",31601.190000000002
2022-10-01,BALI,"Chili (bird's eye, red)",33066.0725
2022-10-01,BALI,Chili (red),31625.596666666665
2022-10-01,BALI,"Chili (red, curly)",34035.71666666667
2022-10-01,BALI,"Chili (red, large)",29399.1075
2022-10-01,BANTEN,Chili (bird's eye),40791.666666666664
2022-10-01,BANTEN,"Chili (bird's eye, green)",30613.095
2022-10-01,BANTEN,"Chili (bird's eye, red)",51476.19166666667
2022-10-01,BANTEN,Chili (red),49961.903999999995
2022-10-01,BANTEN,"Chili (red, curly)",52444.44333333333
2022-10-01,BANTEN,"Chili (red, large)",45956.348333333335
2022-10-01,BENGKULU,Chili (bird's eye),39993.64666666667
2022-10-01,BENGKULU,"Chili (bird's eye, green)",39708.332500000004
2022-10-01,BENGKULU,"Chili (bird's eye, red)",42641.665
2022-10-01,BENGKULU,Chili (red),44660.7125
2022-10-01,BENGKULU,"Chili (red, curly)",47285.71333333334
2022-10-01,BENGKULU,"Chili (red, large)",41988.095
2022-10-01,DAERAH ISTIMEWA YOGYAKARTA,Chili (bird's eye),35559.52
2022-10-01,DAERAH ISTIMEWA YOGYAKARTA,"Chili (bird's eye, green)",30892.855000000003
2022-10-01,DAERAH ISTIMEWA YOGYAKARTA,"Chili (bird's eye, red)",45083.335
2022-10-01,DAERAH ISTIMEWA YOGYAKARTA,Chili (red),42625.0
2022-10-01,DAERAH ISTIMEWA YOGYAKARTA,"Chili (red, curly)",41857.14
2022-10-01,DAERAH ISTIMEWA YOGYAKARTA,"Chili (red, large)",43392.854999999996
2022-10-01,DKI JAKARTA,Chili (bird's eye),49166.666666666664
2022-10-01,DKI JAKARTA,"Chili (bird's eye, green)",38968.25666666667
2022-10-01,DKI JAKARTA,"Chili (bird's eye, red)",59365.079999999994
2022-10-01,DKI JAKARTA,Chili (red),59682.54
2022-10-01,DKI JAKARTA,"Chili (red, curly)",60119.049999999996
2022-10-01,DKI JAKARTA,"Chili (red, large)",59246.03333333333
2022-10-01,GORONTALO,Chili (bird's eye),55634.920000000006
2022-10-01,GORONTALO,"Chili (bird's eye, red)",55634.920000000006
2022-10-01,GORONTALO,"Chili (red, curly)",37698.41
2022-10-01,JAMBI,Chili (bird's eye),44494.0475
2022-10-01,JAMBI,"Chili (bird's eye, green)",28511.905
2022-10-01,JAMBI,"Chili (bird's eye, red)",59696.43
2022-10-01,JAMBI,Chili (red),38888.886666666665
2022-10-01,JAMBI,"Chili (red, curly)",38249.9975
2022-10-01,JAMBI,"Chili (red, large)",39202.380000000005
2022-10-01,JAWA BARAT,Chili (bird's eye),44483.259375
2022-10-01,JAWA BARAT,"Chili (bird's eye, green)",35218.48823529412
2022-10-01,JAWA BARAT,"Chili (bird's eye, red)",56208.333333333336
2022-10-01,JAWA BARAT,Chili (red),51567.46
2022-10-01,JAWA BARAT,"Chili (red, curly)",54899.47111111111
2022-10-01,JAWA BARAT,"Chili (red, large)",48235.45055555555
2022-10-01,JAWA TENGAH,Chili (bird's eye),37922.361739130436
2022-10-01,JAWA TENGAH,"Chili (bird's eye, green)",31023.809583333332
2022-10-01,JAWA TENGAH,"Chili (bird's eye, red)",43919.254782608696
2022-10-01,JAWA TENGAH,Chili (red),39569.549999999996
2022-10-01,JAWA TENGAH,"Chili (red, curly)",41331.34875
2022-10-01,JAWA TENGAH,"Chili (red, large)",39446.42916666667
2022-10-01,JAWA TIMUR,Chili (bird's eye),28097.22111111111
2022-10-01,JAWA TIMUR,"Chili (bird's eye, green)",21211.639444444445
2022-10-01,JAWA TIMUR,"Chili (bird's eye, red)",36575.89375
2022-10-01,JAWA TIMUR,Chili (red),31366.245882352945
2022-10-01,JAWA TIMUR,"Chili (red, curly)",36282.05
2022-10-01,JAWA TIMUR,"Chili (red, large)",30172.932631578948
2022-10-01,KALIMANTAN BARAT,Chili (bird's eye),59741.5175
2022-10-01,KALIMANTAN BARAT,"Chili (bird's eye, green)",53461.755
2022-10-01,KALIMANTAN BARAT,"Chili (bird's eye, red)",66021.27875
2022-10-01,KALIMANTAN BARAT,Chili (red),54357.14399999999
2022-10-01,KALIMANTAN BARAT,"Chili (red, curly)",59702.380000000005
2022-10-01,KALIMANTAN BARAT,"Chili (red, large)",47202.38
2022-10-01,KALIMANTAN SELATAN,Chili (bird's eye),44035.715
2022-10-01,KALIMANTAN SELATAN,"Chili (bird's eye, green)",32684.525
2022-10-01,KALIMANTAN SELATAN,"Chili (bird's eye, red)",55386.905
2022-10-01,KALIMANTAN SELATAN,Chili (red),43616.072499999995
2022-10-01,KALIMANTAN SELATAN,"Chili (red, curly)",43958.335
2022-10-01,KALIMANTAN SELATAN,"Chili (red, large)",43273.8125
2022-10-01,KALIMANTAN TENGAH,Chili (bird's eye),56904.759999999995
2022-10-01,KALIMANTAN TENGAH,"Chili (bird's eye, green)",45277.78
2022-10-01,KALIMANTAN TENGAH,"Chili (bird's eye, red)",69126.98333333332
2022-10-01,KALIMANTAN TENGAH,Chili (red),74404.76000000001
2022-10-01,KALIMANTAN TENGAH,"Chili (red, curly)",72380.95
2022-10-01,KALIMANTAN TENGAH,"Chili (red, large)",76428.57
2022-10-01,KALIMANTAN TIMUR,Chili (bird's eye),56615.079999999994
2022-10-01,KALIMANTAN TIMUR,"Chili (bird's eye, green)",58287.385
2022-10-01,KALIMANTAN TIMUR,"Chili (bird's eye, red)",54817.46
2022-10-01,KALIMANTAN TIMUR,Chili (red),50523.808000000005
2022-10-01,KALIMANTAN TIMUR,"Chili (red, curly)",48984.12666666667
2022-10-01,KALIMANTAN TIMUR,"Chili (red, large)",51111.10999999999
2022-10-01,KALIMANTAN UTARA,Chili (bird's eye),81785.71666666666
2022-10-01,KALIMANTAN UTARA,"Chili (bird's eye, green)",79047.61750000001
2022-10-01,KALIMANTAN UTARA,"Chili (bird's eye, red)",79166.66500000001
2022-10-01,KALIMANTAN UTARA,Chili (red),60038.69
2022-10-01,KALIMANTAN UTARA,"Chili (red, curly)",55753.97
2022-10-01,KALIMANTAN UTARA,"Chili (red, large)",59869.0475
2022-10-01,KEPULAUAN BANGKA BELITUNG,Chili (bird's eye),56458.33500000001
2022-10-01,KEPULAUAN BANGKA BELITUNG,"Chili (bird's eye, green)",55994.0475
2022-10-01,KEPULAUAN BANGKA BELITUNG,"Chili (bird's eye, red)",64039.68666666667
2022-10-01,KEPULAUAN BANGKA BELITUNG,Chili (red),62092.26
2022-10-01,KEPULAUAN BANGKA BELITUNG,"Chili (red, curly)",61035.715000000004
2022-10-01,KEPULAUAN BANGKA BELITUNG,"Chili (red, large)",65000.0
2022-10-01,KEPULAUAN RIAU,Chili (bird's eye),40242.856
2022-10-01,KEPULAUAN RIAU,"Chili (bird's eye, green)",40242.856
2022-10-01,KEPULAUAN RIAU,Chili (red),59960.31666666667
2022-10-01,KEPULAUAN RIAU,"Chili (red, curly)",59723.81
2022-10-01,LAMPUNG,Chili (bird's eye),41476.19
2022-10-01,LAMPUNG,"Chili (bird's eye, green)",37761.903333333335
2022-10-01,LAMPUNG,"Chili (bird's eye, red)",49035.7125
2022-10-01,LAMPUNG,Chili (red),42315.475
2022-10-01,LAMPUNG,"Chili (red, curly)",39988.0975
2022-10-01,LAMPUNG,"Chili (red, large)",45833.329999999994
2022-10-01,MALUKU,Chili (bird's eye),60892.854999999996
2022-10-01,MALUKU,"Chili (bird's eye, green)",50000.0
2022-10-01,MALUKU,"Chili (bird's eye, red)",97916.6675
2022-10-01,MALUKU,Chili (red),70803.5725
2022-10-01,MALUKU,"Chili (red, curly)",69732.1425
2022-10-01,MALUKU,"Chili (red, large)",50000.0
2022-10-01,MALUKU UTARA,Chili (bird's eye),98000.0
2022-10-01,MALUKU UTARA,"Chili (bird's eye, green)",100000.0
2022-10-01,MALUKU UTARA,"Chili (bird's eye, red)",96000.0
2022-10-01,MALUKU UTARA,Chili (red),46904.759999999995
2022-10-01,MALUKU UTARA,"Chili (red, curly)",55000.0
2022-10-01,MALUKU UTARA,"Chili (red, large)",38809.52
2022-10-01,NUSA TENGGARA BARAT,Chili (bird's eye),26764.284000000003
2022-10-01,NUSA TENGGARA BARAT,"Chili (bird's eye, green)",17708.3325
2022-10-01,NUSA TENGGARA BARAT,"Chili (bird's eye, red)",32409.523999999998
2022-10-01,NUSA TENGGARA BARAT,Chili (red),33579.363333333335
2022-10-01,NUSA TENGGARA BARAT,"Chili (red, curly)",33780.952000000005
2022-10-01,NUSA TENGGARA BARAT,"Chili (red, large)",31833.3325
2022-10-01,NUSA TENGGARA TIMUR,Chili (bird's eye),57361.111666666664
2022-10-01,NUSA TENGGARA TIMUR,"Chili (bird's eye, green)",50615.07833333333
2022-10-01,NUSA TENGGARA TIMUR,"Chili (bird's eye, red)",64107.14333333333
2022-10-01,NUSA TENGGARA TIMUR,Chili (red),57501.98333333334
2022-10-01,NUSA TENGGARA TIMUR,"Chili (red, curly)",58115.079999999994
2022-10-01,NUSA TENGGARA TIMUR,"Chili (red, large)",56888.88833333333
2022-10-01,PAPUA,Chili (bird's eye),71262.92571428571
2022-10-01,PAPUA,"Chili (bird's eye, green)",54672.619999999995
2022-10-01,PAPUA,"Chili (bird's eye, red)",89769.34625
2022-10-01,PAPUA,Chili (red),72022.10857142857
2022-10-01,PAPUA,"Chili (red, curly)",67962.58571428571
2022-10-01,PAPUA,"Chili (red, large)",79781.25125
2022-10-01,PAPUA BARAT,Chili (bird's eye),73630.9525
2022-10-01,PAPUA BARAT,"Chili (bird's eye, red)",73630.9525
2022-10-01,PAPUA BARAT,Chili (red),70119.045
2022-10-01,PAPUA BARAT,"Chili (red, curly)",52321.4275
2022-10-01,PAPUA BARAT,"Chili (red, large)",63035.7125
2022-10-01,RIAU,Chili (bird's eye),47724.204999999994
2022-10-01,RIAU,"Chili (bird's eye, green)",40615.64428571429
2022-10-01,RIAU,"Chili (bird's eye, red)",62642.8575
2022-10-01,RIAU,Chili (red),41989.58375
2022-10-01,RIAU,"Chili (red, curly)",44598.21375
2022-10-01,RIAU,"Chili (red, large)",37666.665
2022-10-01,SULAWESI BARAT,Chili (bird's eye),40880.9525
2022-10-01,SULAWESI BARAT,"Chili (bird's eye, green)",37898.8075
2022-10-01,SULAWESI BARAT,"Chili (bird's eye, red)",43863.0975
2022-10-01,SULAWESI BARAT,Chili (red),30273.809999999998
2022-10-01,SULAWESI BARAT,"Chili (red, curly)",34363.0975
2022-10-01,SULAWESI BARAT,"Chili (red, large)",27553.572500000002
2022-10-01,SULAWESI SELATAN,Chili (bird's eye),28732.44125
2022-10-01,SULAWESI SELATAN,"Chili (bird's eye, green)",23609.5225
2022-10-01,SULAWESI SELATAN,"Chili (bird's eye, red)",32480.953
2022-10-01,SULAWESI SELATAN,Chili (red),26424.867777777778
2022-10-01,SULAWESI SELATAN,"Chili (red, curly)",29033.334000000003
2022-10-01,SULAWESI SELATAN,"Chili (red, large)",23161.428
2022-10-01,SULAWESI TENGAH,Chili (bird's eye),59196.425
2022-10-01,SULAWESI TENGAH,"Chili (bird's eye, green)",56607.14
2022-10-01,SULAWESI TENGAH,"Chili (bird's eye, red)",61785.71
2022-10-01,SULAWESI TENGAH,Chili (red),31985.715
2022-10-01,SULAWESI TENGAH,"Chili (red, curly)",23630.955
2022-10-01,SULAWESI TENGAH,"Chili (red, large)",40340.475
2022-10-01,SULAWESI TENGGARA,Chili (bird's eye),52529.7625
2022-10-01,SULAWESI TENGGARA,"Chili (bird's eye, green)",48601.19
2022-10-01,SULAWESI TENGGARA,"Chili (bird's eye, red)",55595.237499999996
2022-10-01,SULAWESI TENGGARA,Chili (red),35257.93666666667
2022-10-01,SULAWESI TENGGARA,"Chili (red, curly)",36916.67
2022-10-01,SULAWESI TENGGARA,"Chili (red, large)",36056.5475
2022-10-01,SULAWESI UTARA,Chili (bird's eye),46498.807499999995
2022-10-01,SULAWESI UTARA,"Chili (bird's eye, green)",44537.299999999996
2022-10-01,SULAWESI UTARA,"Chili (bird's eye, red)",51172.62
2022-10-01,SULAWESI UTARA,Chili (red),22375.0025
2022-10-01,SULAWESI UTARA,"Chili (red, curly)",22642.86
2022-10-01,SUMATERA BARAT,Chili (bird's eye),46369.05
2022-10-01,SUMATERA BARAT,"Chili (bird's eye, green)",40672.619999999995
2022-10-01,SUMATERA BARAT,Chili (red),50285.7125
2022-10-01,SUMATERA BARAT,"Chili (red, curly)",50285.7125
2022-10-01,SUMATERA SELATAN,Chili (bird's eye),55442.06333333333
2022-10-01,SUMATERA SELATAN,"Chili (bird's eye, green)",48260.31666666667
2022-10-01,SUMATERA SELATAN,"Chili (bird's eye, red)",62619.049999999996
2022-10-01,SUMATERA SELATAN,Chili (red),54753.966666666674
2022-10-01,SUMATERA SELATAN,"Chili (red, curly)",53953.17333333333
2022-10-01,SUMATERA SELATAN,"Chili (red, large)",55554.75999999999
2022-10-01,SUMATERA UTARA,Chili (bird's eye),33265.56692307692
2022-10-01,SUMATERA UTARA,"Chili (bird's eye, green)",33265.56692307692
2022-10-01,SUMATERA UTARA,"Chili (bird's eye, red)",31291.665
2022-10-01,SUMATERA UTARA,Chili (red),36234.12583333333
2022-10-01,SUMATERA UTARA,"Chili (red, curly)",36098.9
2022-11-01,ACEH,Chili (bird's eye),38090.912
2022-11-01,ACEH,"Chili (bird's eye, green)",37180.01666666667
2022-11-01,ACEH,Chili (red),33690.259999999995
2022-11-01,ACEH,"Chili (red, curly)",34234.308333333334
2022-11-01,BALI,Chili (bird's eye),26011.3675
2022-11-01,BALI,"Chili (bird's eye, green)",27181.8175
2022-11-01,BALI,"Chili (bird's eye, red)",24840.9075
2022-11-01,BALI,Chili (red),20201.7025
2022-11-01,BALI,"Chili (red, curly)",23136.36333333333
2022-11-01,BALI,"Chili (red, large)",18528.4075
2022-11-01,BANTEN,Chili (bird's eye),32303.031666666666
2022-11-01,BANTEN,"Chili (bird's eye, green)",25627.273999999998
2022-11-01,BANTEN,"Chili (bird's eye, red)",39147.73
2022-11-01,BANTEN,Chili (red),35582.3875
2022-11-01,BANTEN,"Chili (red, curly)",35992.42333333333
2022-11-01,BANTEN,"Chili (red, large)",32886.363333333335
2022-11-01,BENGKULU,Chili (bird's eye),31945.455
2022-11-01,BENGKULU,"Chili (bird's eye, green)",31988.635
2022-11-01,BENGKULU,"Chili (bird's eye, red)",31779.545000000002
2022-11-01,BENGKULU,Chili (red),32164.7725
2022-11-01,BENGKULU,"Chili (red, curly)",34488.6375
2022-11-01,BENGKULU,"Chili (red, large)",29840.91
2022-11-01,DAERAH ISTIMEWA YOGYAKARTA,Chili (bird's eye),31904.76
2022-11-01,DAERAH ISTIMEWA YOGYAKARTA,"Chili (bird's eye, green)",30294.915
2022-11-01,DAERAH ISTIMEWA YOGYAKARTA,"Chili (bird's eye, red)",32950.755000000005
2022-11-01,DAERAH ISTIMEWA YOGYAKARTA,Chili (red),32222.675000000003
2022-11-01,DAERAH ISTIMEWA YOGYAKARTA,"Chili (red, curly)",28195.345
2022-11-01,DAERAH ISTIMEWA YOGYAKARTA,"Chili (red, large)",36250.0
2022-11-01,DKI JAKARTA,Chili (bird's eye),40568.18
2022-11-01,DKI JAKARTA,"Chili (bird's eye, green)",34583.333333333336
2022-11-01,DKI JAKARTA,"Chili (bird's eye, red)",46553.03
2022-11-01,DKI JAKARTA,Chili (red),46833.333333333336
2022-11-01,DKI JAKARTA,"Chili (red, curly)",45098.486666666664
2022-11-01,DKI JAKARTA,"Chili (red, large)",48568.18333333333
2022-11-01,GORONTALO,Chili (bird's eye),46022.72666666666
2022-11-01,GORONTALO,"Chili (bird's eye, red)",46022.72666666666
2022-11-01,GORONTALO,Chili (red),30265.149999999998
2022-11-01,GORONTALO,"Chili (red, curly)",30265.149999999998
2022-11-01,JAMBI,Chili (bird's eye),35139.2025
2022-11-01,JAMBI,"Chili (bird's eye, green)",29886.36
2022-11-01,JAMBI,"Chili (bird's eye, red)",44767.045
2022-11-01,JAMBI,Chili (red),27579.545
2022-11-01,JAMBI,"Chili (red, curly)",27102.2725
2022-11-01,JAMBI,"Chili (red, large)",28056.8175
2022-11-01,JAWA BARAT,Chili (bird's eye),33358.18866666667
2022-11-01,JAWA BARAT,"Chili (bird's eye, green)",27728.227647058822
2022-11-01,JAWA BARAT,"Chili (bird's eye, red)",41141.83882352941
2022-11-01,JAWA BARAT,Chili (red),36716.88333333333
2022-11-01,JAWA BARAT,"Chili (red, curly)",38098.24388888889
2022-11-01,JAWA BARAT,"Chili (red, large)",35931.788888888885
2022-11-01,JAWA TENGAH,Chili (bird's eye),28775.472916666666
2022-11-01,JAWA TENGAH,"Chili (bird's eye, green)",25312.500416666666
2022-11-01,JAWA TENGAH,"Chili (bird's eye, red)",32099.900869565216
2022-11-01,JAWA TENGAH,Chili (red),29468.182500000003
2022-11-01,JAWA TENGAH,"Chili (red, curly)",29362.68875
2022-11-01,JAWA TENGAH,"Chili (red, large)",30121.211666666666
2022-11-01,JAWA TIMUR,Chili (bird's eye),22364.84
2022-11-01,JAWA TIMUR,"Chili (bird's eye, green)",17984.849444444444
2022-11-01,JAWA TIMUR,"Chili (bird's eye, red)",27029.54625
2022-11-01,JAWA TIMUR,Chili (red),22685.37
2022-11-01,JAWA TIMUR,"Chili (red, curly)",25753.49846153846
2022-11-01,JAWA TIMUR,"Chili (red, large)",21484.45
2022-11-01,KALIMANTAN BARAT,Chili (bird's eye),54532.80625
2022-11-01,KALIMANTAN BARAT,"Chili (bird's eye, green)",48250.8125
2022-11-01,KALIMANTAN BARAT,"Chili (bird's eye, red)",60814.799999999996
2022-11-01,KALIMANTAN BARAT,Chili (red),54798.70142857143
2022-11-01,KALIMANTAN BARAT,"Chili (red, curly)",50635.46
2022-11-01,KALIMANTAN BARAT,"Chili (red, large)",58835.36375
2022-11-01,KALIMANTAN SELATAN,Chili (bird's eye),38585.2275
2022-11-01,KALIMANTAN SELATAN,"Chili (bird's eye, green)",29840.91
2022-11-01,KALIMANTAN SELATAN,"Chili (bird's eye, red)",47329.545
2022-11-01,KALIMANTAN SELATAN,Chili (red),37485.795
2022-11-01,KALIMANTAN SELATAN,"Chili (red, curly)",36846.59
2022-11-01,KALIMANTAN SELATAN,"Chili (red, large)",38125.0025
2022-11-01,KALIMANTAN TENGAH,Chili (bird's eye),41136.36
2022-11-01,KALIMANTAN TENGAH,"Chili (bird's eye, green)",35303.03333333333
2022-11-01,KALIMANTAN TENGAH,"Chili (bird's eye, red)",55606.06
2022-11-01,KALIMANTAN TENGAH,Chili (red),61515.15333333334
2022-11-01,KALIMANTAN TENGAH,"Chili (red, curly)",57651.51666666666
2022-11-01,KALIMANTAN TENGAH,"Chili (red, large)",65378.79
2022-11-01,KALIMANTAN TIMUR,Chili (bird's eye),54477.27333333334
2022-11-01,KALIMANTAN TIMUR,"Chili (bird's eye, green)",57424.24333333334
2022-11-01,KALIMANTAN TIMUR,"Chili (bird's eye, red)",51530.30333333334
2022-11-01,KALIMANTAN TIMUR,Chili (red),44829.5475
2022-11-01,KALIMANTAN TIMUR,"Chili (red, curly)",43257.57833333333
2022-11-01,KALIMANTAN TIMUR,"Chili (red, large)",44045.456
2022-11-01,KALIMANTAN UTARA,Chili (bird's eye),72954.545
2022-11-01,KALIMANTAN UTARA,"Chili (bird's eye, green)",75340.90999999999
2022-11-01,KALIMANTAN UTARA,"Chili (bird's eye, red)",67159.09
2022-11-01,KALIMANTAN UTARA,Chili (red),56136.365000000005
2022-11-01,KALIMANTAN UTARA,"Chili (red, curly)",48446.97
2022-11-01,KALIMANTAN UTARA,"Chili (red, large)",56335.2275
2022-11-01,KEPULAUAN BANGKA BELITUNG,Chili (bird's eye),47260.61000000001
2022-11-01,KEPULAUAN BANGKA BELITUNG,"Chili (bird's eye, green)",49839.77
2022-11-01,KEPULAUAN BANGKA BELITUNG,"Chili (bird's eye, red)",48909.09333333333
2022-11-01,KEPULAUAN BANGKA BELITUNG,Chili (red),46744.32
2022-11-01,KEPULAUAN BANGKA BELITUNG,"Chili (red, curly)",46744.32
2022-11-01,KEPULAUAN RIAU,Chili (bird's eye),33736.364
2022-11-01,KEPULAUAN RIAU,"Chili (bird's eye, green)",33736.364
2022-11-01,KEPULAUAN RIAU,Chili (red),44099.998
2022-11-01,KEPULAUAN RIAU,"Chili (red, curly)",44099.998
2022-11-01,LAMPUNG,Chili (bird's eye),30585.2275
2022-11-01,LAMPUNG,"Chili (bird's eye, green)",27732.954999999998
2022-11-01,LAMPUNG,"Chili (bird's eye, red)",33437.5025
2022-11-01,LAMPUNG,Chili (red),32957.385
2022-11-01,LAMPUNG,"Chili (red, curly)",29897.725
2022-11-01,LAMPUNG,"Chili (red, large)",38000.0
2022-11-01,MALUKU,Chili (bird's eye),61875.0
2022-11-01,MALUKU,"Chili (bird's eye, green)",50000.0
2022-11-01,MALUKU,"Chili (bird's eye, red)",103522.725
2022-11-01,MALUKU,Chili (red),54872.16
2022-11-01,MALUKU,"Chili (red, curly)",51846.59
2022-11-01,MALUKU,"Chili (red, large)",48181.82
2022-11-01,MALUKU UTARA,Chili (bird's eye),100000.0
2022-11-01,MALUKU UTARA,"Chili (bird's eye, green)",100000.0
2022-11-01,MALUKU UTARA,"Chili (bird's eye, red)",80909.09
2022-11-01,MALUKU UTARA,Chili (red),39074.675
2022-11-01,MALUKU UTARA,"Chili (red, curly)",48863.64
2022-11-01,MALUKU UTARA,"Chili (red, large)",29285.71
2022-11-01,NUSA TENGGARA BARAT,Chili (bird's eye),20718.184
2022-11-01,NUSA TENGGARA BARAT,"Chili (bird's eye, green)",14568.18
2022-11-01,NUSA TENGGARA BARAT,"Chili (bird's eye, red)",24463.636
2022-11-01,NUSA TENGGARA BARAT,Chili (red),31448.864999999998
2022-11-01,NUSA TENGGARA BARAT,"Chili (red, curly)",26990.908000000003
2022-11-01,NUSA TENGGARA BARAT,"Chili (red, large)",22872.728
2022-11-01,NUSA TENGGARA TIMUR,Chili (bird's eye),53683.71166666667
2022-11-01,NUSA TENGGARA TIMUR,"Chili (bird's eye, green)",46325.75833333333
2022-11-01,NUSA TENGGARA TIMUR,"Chili (bird's eye, red)",61041.666666666664
2022-11-01,NUSA TENGGARA TIMUR,Chili (red),56689.39333333333
2022-11-01,NUSA TENGGARA TIMUR,"Chili (red, curly)",56780.30333333334
2022-11-01,NUSA TENGGARA TIMUR,"Chili (red, large)",56598.486666666664
2022-11-01,PAPUA,Chili (bird's eye),60640.90857142857
2022-11-01,PAPUA,"Chili (bird's eye, green)",48157.10375
2022-11-01,PAPUA,"Chili (bird's eye, red)",73021.30625
2022-11-01,PAPUA,Chili (red),61474.67428571428
2022-11-01,PAPUA,"Chili (red, curly)",62337.66285714286
2022-11-01,PAPUA,"Chili (red, large)",66444.03375
2022-11-01,PAPUA BARAT,Chili (bird's eye),69147.72499999999
2022-11-01,PAPUA BARAT,"Chili (bird's eye, red)",69147.72499999999
2022-11-01,PAPUA BARAT,Chili (red),53257.57666666667
2022-11-01,PAPUA BARAT,"Chili (red, curly)",40170.455
2022-11-01,PAPUA BARAT,"Chili (red, large)",65454.54666666667
2022-11-01,RIAU,Chili (bird's eye),36403.40833333333
2022-11-01,RIAU,"Chili (bird's eye, green)",32488.635
2022-11-01,RIAU,"Chili (bird's eye, red)",48795.4525
2022-11-01,RIAU,Chili (red),36132.1025
2022-11-01,RIAU,"Chili (red, curly)",39627.84125
2022-11-01,RIAU,"Chili (red, large)",28977.271666666667
2022-11-01,SULAWESI BARAT,Chili (bird's eye),31253.410000000003
2022-11-01,SULAWESI BARAT,"Chili (bird's eye, green)",28829.5475
2022-11-01,SULAWESI BARAT,"Chili (bird's eye, red)",33676.1375
2022-11-01,SULAWESI BARAT,Chili (red),17829.545
2022-11-01,SULAWESI BARAT,"Chili (red, curly)",22000.0025
2022-11-01,SULAWESI BARAT,"Chili (red, large)",20448.864999999998
2022-11-01,SULAWESI SELATAN,Chili (bird's eye),27882.727000000003
2022-11-01,SULAWESI SELATAN,"Chili (bird's eye, green)",22185.2275
2022-11-01,SULAWESI SELATAN,"Chili (bird's eye, red)",28850.0
2022-11-01,SULAWESI SELATAN,Chili (red),19090.656666666666
2022-11-01,SULAWESI SELATAN,"Chili (red, curly)",20606.818
2022-11-01,SULAWESI SELATAN,"Chili (red, large)",17255.807777777776
2022-11-01,SULAWESI TENGAH,Chili (bird's eye),50909.09
2022-11-01,SULAWESI TENGAH,"Chili (bird's eye, green)",49261.36
2022-11-01,SULAWESI TENGAH,"Chili (bird's eye, red)",52556.815
2022-11-01,SULAWESI TENGAH,Chili (red),26917.045
2022-11-01,SULAWESI TENGAH,"Chili (red, curly)",20715.91
2022-11-01,SULAWESI TENGAH,"Chili (red, large)",33114.775
2022-11-01,SULAWESI TENGGARA,Chili (bird's eye),47724.435
2022-11-01,SULAWESI TENGGARA,"Chili (bird's eye, green)",46107.957500000004
2022-11-01,SULAWESI TENGGARA,"Chili (bird's eye, red)",49340.91
2022-11-01,SULAWESI TENGGARA,Chili (red),30522.725
2022-11-01,SULAWESI TENGGARA,"Chili (red, curly)",29676.135
2022-11-01,SULAWESI TENGGARA,"Chili (red, large)",28727.275
2022-11-01,SULAWESI UTARA,Chili (bird's eye),43982.955
2022-11-01,SULAWESI UTARA,"Chili (bird's eye, green)",47007.57666666667
2022-11-01,SULAWESI UTARA,"Chili (bird's eye, red)",42619.3175
2022-11-01,SULAWESI UTARA,Chili (red),16568.18
2022-11-01,SULAWESI UTARA,"Chili (red, curly)",17318.18
2022-11-01,SUMATERA BARAT,Chili (bird's eye),35719.69666666666
2022-11-01,SUMATERA BARAT,"Chili (bird's eye, green)",33721.59
2022-11-01,SUMATERA BARAT,Chili (red),38079.545
2022-11-01,SUMATERA BARAT,"Chili (red, curly)",38079.545
2022-11-01,SUMATERA SELATAN,Chili (bird's eye),46304.543333333335
2022-11-01,SUMATERA SELATAN,"Chili (bird's eye, green)",42440.15333333333
2022-11-01,SUMATERA SELATAN,"Chili (bird's eye, red)",50156.06
2022-11-01,SUMATERA SELATAN,Chili (red),45027.27333333334
2022-11-01,SUMATERA SELATAN,"Chili (red, curly)",44101.51333333333
2022-11-01,SUMATERA SELATAN,"Chili (red, large)",45946.96666666667
2022-11-01,SUMATERA UTARA,Chili (bird's eye),29043.705384615383
2022-11-01,SUMATERA UTARA,"Chili (bird's eye, green)",28895.8325
2022-11-01,SUMATERA UTARA,"Chili (bird's eye, red)",27147.725
2022-11-01,SUMATERA UTARA,Chili (red),28134.469166666666
2022-11-01,SUMATERA UTARA,"Chili (red, curly)",27977.272307692307
2022-12-01,ACEH,Chili (bird's eye),46250.00166666667
2022-12-01,ACEH,"Chili (bird's eye, green)",46318.182499999995
2022-12-01,ACEH,Chili (red),37503.78833333333
2022-12-01,ACEH,"Chili (red, curly)",37503.78833333333
2022-12-01,BALI,Chili (bird's eye),29140.153333333332
2022-12-01,BALI,"Chili (bird's eye, green)",32522.725
2022-12-01,BALI,"Chili (bird's eye, red)",28448.864999999998
2022-12-01,BALI,Chili (red),19346.59
2022-12-01,BALI,"Chili (red, curly)",22803.03
2022-12-01,BALI,"Chili (red, large)",17602.2725
2022-12-01,BANTEN,Chili (bird's eye),50369.32
2022-12-01,BANTEN,"Chili (bird's eye, green)",48700.0
2022-12-01,BANTEN,"Chili (bird's eye, red)",51708.333333333336
2022-12-01,BANTEN,Chili (red),36712.12
2022-12-01,BANTEN,"Chili (red, curly)",38128.78833333333
2022-12-01,BANTEN,"Chili (red, large)",35295.45333333333
2022-12-01,BENGKULU,Chili (bird's eye),42025.76
2022-12-01,BENGKULU,"Chili (bird's eye, green)",46102.275
2022-12-01,BENGKULU,"Chili (bird's eye, red)",39298.865000000005
2022-12-01,BENGKULU,Chili (red),34014.205
2022-12-01,BENGKULU,"Chili (red, curly)",36787.87666666667
2022-12-01,BENGKULU,"Chili (red, large)",31653.4075
2022-12-01,DAERAH ISTIMEWA YOGYAKARTA,Chili (bird's eye),47613.64
2022-12-01,DAERAH ISTIMEWA YOGYAKARTA,"Chili (bird's eye, green)",55170.455
2022-12-01,DAERAH ISTIMEWA YOGYAKARTA,"Chili (bird's eye, red)",43079.545
2022-12-01,DAERAH ISTIMEWA YOGYAKARTA,Chili (red),36409.09
2022-12-01,DAERAH ISTIMEWA YOGYAKARTA,"Chili (red, curly)",35147.725
2022-12-01,DAERAH ISTIMEWA YOGYAKARTA,"Chili (red, large)",37670.455
2022-12-01,DKI JAKARTA,Chili (bird's eye),53665.909999999996
2022-12-01,DKI JAKARTA,"Chili (bird's eye, green)",53230.30333333334
2022-12-01,DKI JAKARTA,"Chili (bird's eye, red)",54100.75666666666
2022-12-01,DKI JAKARTA,Chili (red),43336.365000000005
2022-12-01,DKI JAKARTA,"Chili (red, curly)",44025.76
2022-12-01,DKI JAKARTA,"Chili (red, large)",44512.880000000005
2022-12-01,GORONTALO,Chili (bird's eye),49204.54666666667
2022-12-01,GORONTALO,"Chili (bird's eye, red)",49204.54666666667
2022-12-01,GORONTALO,"Chili (red, curly)",28901.513333333332
2022-12-01,JAMBI,Chili (bird's eye),50613.6375
2022-12-01,JAMBI,"Chili (bird's eye, green)",42522.73
2022-12-01,JAMBI,"Chili (bird's eye, red)",56482.9525
2022-12-01,JAMBI,Chili (red),33393.93666666667
2022-12-01,JAMBI,"Chili (red, curly)",32477.275
2022-12-01,JAMBI,"Chili (red, large)",33484.85
2022-12-01,JAWA BARAT,Chili (bird's eye),49243.253125
2022-12-01,JAWA BARAT,"Chili (bird's eye, green)",47026.278125
2022-12-01,JAWA BARAT,"Chili (bird's eye, red)",50599.74833333333
2022-12-01,JAWA BARAT,Chili (red),37085.22714285714
2022-12-01,JAWA BARAT,"Chili (red, curly)",37846.59222222222
2022-12-01,JAWA BARAT,"Chili (red, large)",36356.06111111111
2022-12-01,JAWA TENGAH,Chili (bird's eye),38110.53772727273
2022-12-01,JAWA TENGAH,"Chili (bird's eye, green)",34586.46304347826
2022-12-01,JAWA TENGAH,"Chili (bird's eye, red)",42098.02434782609
2022-12-01,JAWA TENGAH,Chili (red),30453.182500000003
2022-12-01,JAWA TENGAH,"Chili (red, curly)",32156.507272727275
2022-12-01,JAWA TENGAH,"Chili (red, large)",30313.4475
2022-12-01,JAWA TIMUR,Chili (bird's eye),33924.71625
2022-12-01,JAWA TIMUR,"Chili (bird's eye, green)",30843.433888888892
2022-12-01,JAWA TIMUR,"Chili (bird's eye, red)",37221.21333333333
2022-12-01,JAWA TIMUR,Chili (red),24405.749411764704
2022-12-01,JAWA TIMUR,"Chili (red, curly)",27814.685384615383
2022-12-01,JAWA TIMUR,"Chili (red, large)",23111.243684210527
2022-12-01,KALIMANTAN BARAT,Chili (bird's eye),65870.73875
2022-12-01,KALIMANTAN BARAT,"Chili (bird's eye, green)",59963.067500000005
2022-12-01,KALIMANTAN BARAT,"Chili (bird's eye, red)",71778.41
2022-12-01,KALIMANTAN BARAT,Chili (red),53921.875
2022-12-01,KALIMANTAN BARAT,"Chili (red, curly)",53265.15
2022-12-01,KALIMANTAN BARAT,"Chili (red, large)",55053.9775
2022-12-01,KALIMANTAN SELATAN,Chili (bird's eye),42238.634999999995
2022-12-01,KALIMANTAN SELATAN,"Chili (bird's eye, green)",31250.0
2022-12-01,KALIMANTAN SELATAN,"Chili (bird's eye, red)",53227.2725
2022-12-01,KALIMANTAN SELATAN,Chili (red),33352.2725
2022-12-01,KALIMANTAN SELATAN,"Chili (red, curly)",33153.409999999996
2022-12-01,KALIMANTAN SELATAN,"Chili (red, large)",33551.135
2022-12-01,KALIMANTAN TENGAH,Chili (bird's eye),47897.73
2022-12-01,KALIMANTAN TENGAH,"Chili (bird's eye, green)",35416.666666666664
2022-12-01,KALIMANTAN TENGAH,"Chili (bird's eye, red)",60378.78666666666
2022-12-01,KALIMANTAN TENGAH,Chili (red),61609.850000000006
2022-12-01,KALIMANTAN TENGAH,"Chili (red, curly)",57954.543333333335
2022-12-01,KALIMANTAN TENGAH,"Chili (red, large)",65265.15
2022-12-01,KALIMANTAN TIMUR,Chili (bird's eye),57464.01499999999
2022-12-01,KALIMANTAN TIMUR,"Chili (bird's eye, green)",60193.18166666667
2022-12-01,KALIMANTAN TIMUR,"Chili (bird's eye, red)",54734.848333333335
2022-12-01,KALIMANTAN TIMUR,Chili (red),40002.84
2022-12-01,KALIMANTAN TIMUR,"Chili (red, curly)",38170.456666666665
2022-12-01,KALIMANTAN TIMUR,"Chili (red, large)",39481.82
2022-12-01,KALIMANTAN UTARA,Chili (bird's eye),87051.135
2022-12-01,KALIMANTAN UTARA,"Chili (bird's eye, green)",92193.18
2022-12-01,KALIMANTAN UTARA,"Chili (bird's eye, red)",81909.0925
2022-12-01,KALIMANTAN UTARA,Chili (red),55281.2525
2022-12-01,KALIMANTAN UTARA,"Chili (red, curly)",52348.486666666664
2022-12-01,KALIMANTAN UTARA,"Chili (red, large)",56471.590000000004
2022-12-01,KEPULAUAN BANGKA BELITUNG,Chili (bird's eye),55227.27333333334
2022-12-01,KEPULAUAN BANGKA BELITUNG,"Chili (bird's eye, green)",52562.5
2022-12-01,KEPULAUAN BANGKA BELITUNG,"Chili (bird's eye, red)",59007.573333333334
2022-12-01,KEPULAUAN BANGKA BELITUNG,Chili (red),47909.09
2022-12-01,KEPULAUAN BANGKA BELITUNG,"Chili (red, curly)",47909.09
2022-12-01,KEPULAUAN RIAU,Chili (bird's eye),53513.636
2022-12-01,KEPULAUAN RIAU,"Chili (bird's eye, green)",53513.636
2022-12-01,KEPULAUAN RIAU,Chili (red),55196.97
2022-12-01,KEPULAUAN RIAU,"Chili (red, curly)",54031.81800000001
2022-12-01,LAMPUNG,Chili (bird's eye),43193.182499999995
2022-12-01,LAMPUNG,"Chili (bird's eye, green)",42232.955
2022-12-01,LAMPUNG,"Chili (bird's eye, red)",44153.41
2022-12-01,LAMPUNG,Chili (red),29420.456666666665
2022-12-01,LAMPUNG,"Chili (red, curly)",30539.7725
2022-12-01,LAMPUNG,"Chili (red, large)",37227.27
2022-12-01,MALUKU,Chili (bird's eye),88219.69666666666
2022-12-01,MALUKU,"Chili (bird's eye, green)",49204.545
2022-12-01,MALUKU,"Chili (bird's eye, red)",101193.1825
2022-12-01,MALUKU,Chili (red),58991.4775
2022-12-01,MALUKU,"Chili (red, curly)",58096.5925
2022-12-01,MALUKU,"Chili (red, large)",40000.0
2022-12-01,MALUKU UTARA,Chili (bird's eye),84187.065
2022-12-01,MALUKU UTARA,"Chili (bird's eye, green)",82692.31
2022-12-01,MALUKU UTARA,"Chili (bird's eye, red)",85681.82
2022-12-01,MALUKU UTARA,Chili (red),38465.91
2022-12-01,MALUKU UTARA,"Chili (red, curly)",49090.91
2022-12-01,MALUKU UTARA,"Chili (red, large)",27840.91
2022-12-01,NUSA TENGGARA BARAT,Chili (bird's eye),28261.362
2022-12-01,NUSA TENGGARA BARAT,"Chili (bird's eye, green)",18460.2275
2022-12-01,NUSA TENGGARA BARAT,"Chili (bird's eye, red)",34890.908
2022-12-01,NUSA TENGGARA BARAT,Chili (red),29517.045
2022-12-01,NUSA TENGGARA BARAT,"Chili (red, curly)",28700.0
2022-12-01,NUSA TENGGARA BARAT,"Chili (red, large)",28392.045
2022-12-01,NUSA TENGGARA TIMUR,Chili (bird's eye),63446.97166666667
2022-12-01,NUSA TENGGARA TIMUR,"Chili (bird's eye, green)",55303.03
2022-12-01,NUSA TENGGARA TIMUR,"Chili (bird's eye, red)",71590.90833333334
2022-12-01,NUSA TENGGARA TIMUR,Chili (red),51486.74
2022-12-01,NUSA TENGGARA TIMUR,"Chili (red, curly)",51515.15
2022-12-01,NUSA TENGGARA TIMUR,"Chili (red, large)",51458.333333333336
2022-12-01,PAPUA,Chili (bird's eye),69613.636
2022-12-01,PAPUA,"Chili (bird's eye, green)",55886.365
2022-12-01,PAPUA,"Chili (bird's eye, red)",88636.36375
2022-12-01,PAPUA,Chili (red),74034.09125
2022-12-01,PAPUA,"Chili (red, curly)",71805.19428571429
2022-12-01,PAPUA,"Chili (red, large)",78107.955
2022-12-01,PAPUA BARAT,Chili (bird's eye),76306.82
2022-12-01,PAPUA BARAT,"Chili (bird's eye, red)",76306.82
2022-12-01,PAPUA BARAT,Chili (red),58143.94
2022-12-01,PAPUA BARAT,"Chili (red, curly)",49318.1825
2022-12-01,PAPUA BARAT,"Chili (red, large)",72651.51666666666
2022-12-01,RIAU,Chili (bird's eye),49442.845
2022-12-01,RIAU,"Chili (bird's eye, green)",47698.18625
2022-12-01,RIAU,"Chili (bird's eye, red)",53517.045
2022-12-01,RIAU,Chili (red),44809.5925
2022-12-01,RIAU,"Chili (red, curly)",47561.68625
2022-12-01,RIAU,"Chili (red, large)",39860.75
2022-12-01,SULAWESI BARAT,Chili (bird's eye),35679.5475
2022-12-01,SULAWESI BARAT,"Chili (bird's eye, green)",32650.5675
2022-12-01,SULAWESI BARAT,"Chili (bird's eye, red)",38704.5475
2022-12-01,SULAWESI BARAT,Chili (red),18551.135000000002
2022-12-01,SULAWESI BARAT,"Chili (red, curly)",18875.0
2022-12-01,SULAWESI BARAT,"Chili (red, large)",15960.2275
2022-12-01,SULAWESI SELATAN,Chili (bird's eye),31487.271999999997
2022-12-01,SULAWESI SELATAN,"Chili (bird's eye, green)",22582.9525
2022-12-01,SULAWESI SELATAN,"Chili (bird's eye, red)",33820.452999999994
2022-12-01,SULAWESI SELATAN,Chili (red),15382.576666666668
2022-12-01,SULAWESI SELATAN,"Chili (red, curly)",17257.575555555555
2022-12-01,SULAWESI SELATAN,"Chili (red, large)",13523.232222222221
2022-12-01,SULAWESI TENGAH,Chili (bird's eye),52045.455
2022-12-01,SULAWESI TENGAH,"Chili (bird's eye, green)",48863.634999999995
2022-12-01,SULAWESI TENGAH,"Chili (bird's eye, red)",55227.270000000004
2022-12-01,SULAWESI TENGAH,Chili (red),25452.275
2022-12-01,SULAWESI TENGAH,"Chili (red, curly)",19204.545
2022-12-01,SULAWESI TENGAH,"Chili (red, large)",31700.0
2022-12-01,SULAWESI TENGGARA,Chili (bird's eye),42988.6375
2022-12-01,SULAWESI TENGGARA,"Chili (bird's eye, green)",42471.5925
2022-12-01,SULAWESI TENGGARA,"Chili (bird's eye, red)",43505.685
2022-12-01,SULAWESI TENGGARA,Chili (red),28778.41
2022-12-01,SULAWESI TENGGARA,"Chili (red, curly)",27926.1375
2022-12-01,SULAWESI TENGGARA,"Chili (red, large)",27651.516666666666
2022-12-01,SULAWESI UTARA,Chili (bird's eye),48281.82
2022-12-01,SULAWESI UTARA,"Chili (bird's eye, green)",47365.34
2022-12-01,SULAWESI UTARA,"Chili (bird's eye, red)",49193.182499999995
2022-12-01,SULAWESI UTARA,Chili (red),20289.775
2022-12-01,SULAWESI UTARA,"Chili (red, curly)",20289.775
2022-12-01,SUMATERA BARAT,Chili (bird's eye),51553.03
2022-12-01,SUMATERA BARAT,"Chili (bird's eye, green)",50295.455
2022-12-01,SUMATERA BARAT,Chili (red),41778.41
2022-12-01,SUMATERA BARAT,"Chili (red, curly)",41778.41
2022-12-01,SUMATERA SELATAN,Chili (bird's eye),54910.225
2022-12-01,SUMATERA SELATAN,"Chili (bird's eye, green)",51871.97
2022-12-01,SUMATERA SELATAN,"Chili (bird's eye, red)",55537.119999999995
2022-12-01,SUMATERA SELATAN,Chili (red),47460.60666666667
2022-12-01,SUMATERA SELATAN,"Chili (red, curly)",46968.18333333333
2022-12-01,SUMATERA SELATAN,"Chili (red, large)",47943.94
2022-12-01,SUMATERA UTARA,Chili (bird's eye),48378.571
2022-12-01,SUMATERA UTARA,"Chili (bird's eye, green)",48705.96076923077
2022-12-01,SUMATERA UTARA,"Chili (bird's eye, red)",45835.2275
2022-12-01,SUMATERA UTARA,Chili (red),38526.082
2022-12-01,SUMATERA UTARA,"Chili (red, curly)",37831.2523076923
2023-01-01,ACEH,Chili (bird's eye),52193.18333333333
2023-01-01,ACEH,"Chili (bird's eye, green)",53568.1825
2023-01-01,ACEH,Chili (red),38315.3425
2023-01-01,ACEH,"Chili (red, curly)",37640.151666666665
2023-01-01,ACEH,"Chili (red, large)",34500.0
2023-01-01,BALI,Chili (bird's eye),42367.963333333326
2023-01-01,BALI,"Chili (bird's eye, green)",36962.3925
2023-01-01,BALI,"Chili (bird's eye, red)",47649.08
2023-01-01,BALI,Chili (red),27807.9
2023-01-01,BALI,"Chili (red, curly)",31809.523333333334
2023-01-01,BALI,"Chili (red, large)",25741.61
2023-01-01,BANTEN,Chili (bird's eye),61181.82
2023-01-01,BANTEN,"Chili (bird's eye, green)",54335.225
2023-01-01,BANTEN,"Chili (bird's eye, red)",66943.18166666667
2023-01-01,BANTEN,Chili (red),43594.69666666666
2023-01-01,BANTEN,"Chili (red, curly)",45503.78833333333
2023-01-01,BANTEN,"Chili (red, large)",40837.12333333333
2023-01-01,BENGKULU,Chili (bird's eye),43146.03333333333
2023-01-01,BENGKULU,"Chili (bird's eye, green)",48785.7125
2023-01-01,BENGKULU,"Chili (bird's eye, red)",40674.405
2023-01-01,BENGKULU,Chili (red),39508.93
2023-01-01,BENGKULU,"Chili (red, curly)",41507.93666666667
2023-01-01,BENGKULU,"Chili (red, large)",36815.475
2023-01-01,DAERAH ISTIMEWA YOGYAKARTA,"Chili (bird's eye, green)",56079.545
2023-01-01,DAERAH ISTIMEWA YOGYAKARTA,"Chili (bird's eye, red)",55397.725
2023-01-01,DAERAH ISTIMEWA YOGYAKARTA,Chili (red),40130.67999999999
2023-01-01,DAERAH ISTIMEWA YOGYAKARTA,"Chili (red, curly)",39522.73
2023-01-01,DAERAH ISTIMEWA YOGYAKARTA,"Chili (red, large)",40738.634999999995
2023-01-01,DKI JAKARTA,Chili (bird's eye),68059.09000000001
2023-01-01,DKI JAKARTA,"Chili (bird's eye, green)",62784.09
2023-01-01,DKI JAKARTA,"Chili (bird's eye, red)",73333.33333333333
2023-01-01,DKI JAKARTA,Chili (red),50871.21
2023-01-01,DKI JAKARTA,"Chili (red, curly)",53844.69666666666
2023-01-01,DKI JAKARTA,"Chili (red, large)",47897.72666666666
2023-01-01,GORONTALO,Chili (bird's eye),47142.85999999999
2023-01-01,GORONTALO,"Chili (bird's eye, red)",47142.85999999999
2023-01-01,GORONTALO,Chili (red),28333.33
2023-01-01,GORONTALO,"Chili (red, curly)",29087.3
2023-01-01,JAMBI,Chili (bird's eye),55474.4325
2023-01-01,JAMBI,"Chili (bird's eye, green)",47977.27333333334
2023-01-01,JAMBI,"Chili (bird's eye, red)",62176.1375
2023-01-01,JAMBI,Chili (red),39185.60666666667
2023-01-01,JAMBI,"Chili (red, curly)",38556.8175
2023-01-01,JAMBI,"Chili (red, large)",39011.3625
2023-01-01,JAWA BARAT,Chili (bird's eye),59910.511875
2023-01-01,JAWA BARAT,"Chili (bird's eye, green)",55596.92352941176
2023-01-01,JAWA BARAT,"Chili (bird's eye, red)",66058.71277777778
2023-01-01,JAWA BARAT,Chili (red),42572.44375
2023-01-01,JAWA BARAT,"Chili (red, curly)",44077.02
2023-01-01,JAWA BARAT,"Chili (red, large)",40824.49555555556
2023-01-01,JAWA TENGAH,Chili (bird's eye),47649.53727272727
2023-01-01,JAWA TENGAH,"Chili (bird's eye, green)",43269.70583333333
2023-01-01,JAWA TENGAH,"Chili (bird's eye, red)",53618.25916666666
2023-01-01,JAWA TENGAH,Chili (red),36562.62055555556
2023-01-01,JAWA TENGAH,"Chili (red, curly)",37996.16318181818
2023-01-01,JAWA TENGAH,"Chili (red, large)",34978.824347826085
2023-01-01,JAWA TIMUR,Chili (bird's eye),44308.239375
2023-01-01,JAWA TIMUR,"Chili (bird's eye, green)",39353.53555555556
2023-01-01,JAWA TIMUR,"Chili (bird's eye, red)",51330.21411764706
2023-01-01,JAWA TIMUR,Chili (red),33332.386249999996
2023-01-01,JAWA TIMUR,"Chili (red, curly)",37145.10384615384
2023-01-01,JAWA TIMUR,"Chili (red, large)",31956.937368421055
2023-01-01,KALIMANTAN BARAT,Chili (bird's eye),78369.31875
2023-01-01,KALIMANTAN BARAT,"Chili (bird's eye, green)",71747.15875
2023-01-01,KALIMANTAN BARAT,"Chili (bird's eye, red)",84991.47750000001
2023-01-01,KALIMANTAN BARAT,Chili (red),52508.5225
2023-01-01,KALIMANTAN BARAT,"Chili (red, curly)",49757.57666666667
2023-01-01,KALIMANTAN BARAT,"Chili (red, large)",54630.68125
2023-01-01,KALIMANTAN SELATAN,Chili (bird's eye),40028.41
2023-01-01,KALIMANTAN SELATAN,"Chili (bird's eye, green)",28721.5925
2023-01-01,KALIMANTAN SELATAN,"Chili (bird's eye, red)",51335.2275
2023-01-01,KALIMANTAN SELATAN,Chili (red),31068.18
2023-01-01,KALIMANTAN SELATAN,"Chili (red, curly)",28880.68
2023-01-01,KALIMANTAN SELATAN,"Chili (red, large)",33255.6825
2023-01-01,KALIMANTAN TENGAH,Chili (bird's eye),50568.18
2023-01-01,KALIMANTAN TENGAH,"Chili (bird's eye, green)",37765.15333333333
2023-01-01,KALIMANTAN TENGAH,"Chili (bird's eye, red)",64090.909999999996
2023-01-01,KALIMANTAN TENGAH,Chili (red),57954.54666666667
2023-01-01,KALIMANTAN TENGAH,"Chili (red, curly)",56325.75666666666
2023-01-01,KALIMANTAN TENGAH,"Chili (red, large)",59583.333333333336
2023-01-01,KALIMANTAN TIMUR,Chili (bird's eye),60198.77333333334
2023-01-01,KALIMANTAN TIMUR,"Chili (bird's eye, green)",63926.04666666667
2023-01-01,KALIMANTAN TIMUR,"Chili (bird's eye, red)",55575.322
2023-01-01,KALIMANTAN TIMUR,Chili (red),37904.22
2023-01-01,KALIMANTAN TIMUR,"Chili (red, curly)",34917.03
2023-01-01,KALIMANTAN TIMUR,"Chili (red, large)",42390.87333333333
2023-01-01,KALIMANTAN UTARA,Chili (bird's eye),82116.47750000001
2023-01-01,KALIMANTAN UTARA,"Chili (bird's eye, green)",85227.2725
2023-01-01,KALIMANTAN UTARA,"Chili (bird's eye, red)",79005.6825
2023-01-01,KALIMANTAN UTARA,Chili (red),48553.975
2023-01-01,KALIMANTAN UTARA,"Chili (red, curly)",45977.275
2023-01-01,KALIMANTAN UTARA,"Chili (red, large)",49053.03
2023-01-01,KEPULAUAN BANGKA BELITUNG,Chili (bird's eye),69886.365
2023-01-01,KEPULAUAN BANGKA BELITUNG,"Chili (bird's eye, green)",65454.545
2023-01-01,KEPULAUAN BANGKA BELITUNG,"Chili (bird's eye, red)",69937.5
2023-01-01,KEPULAUAN BANGKA BELITUNG,Chili (red),54028.409999999996
2023-01-01,KEPULAUAN BANGKA BELITUNG,"Chili (red, curly)",54028.409999999996
2023-01-01,KEPULAUAN RIAU,Chili (bird's eye),58840.909999999996
2023-01-01,KEPULAUAN RIAU,"Chili (bird's eye, green)",58840.909999999996
2023-01-01,KEPULAUAN RIAU,Chili (red),52772.726
2023-01-01,KEPULAUAN RIAU,"Chili (red, curly)",52772.726
2023-01-01,LAMPUNG,Chili (bird's eye),55943.18
2023-01-01,LAMPUNG,"Chili (bird's eye, green)",53443.182499999995
2023-01-01,LAMPUNG,"Chili (bird's eye, red)",58443.18
2023-01-01,LAMPUNG,Chili (red),34539.775
2023-01-01,LAMPUNG,"Chili (red, curly)",37892.042499999996
2023-01-01,LAMPUNG,"Chili (red, large)",40901.51333333333
2023-01-01,MALUKU,Chili (bird's eye),80356.06
2023-01-01,MALUKU,"Chili (bird's eye, green)",38833.335
2023-01-01,MALUKU,"Chili (bird's eye, red)",97897.72750000001
2023-01-01,MALUKU,Chili (red),62761.3625
2023-01-01,MALUKU,"Chili (red, curly)",62227.270000000004
2023-01-01,MALUKU,"Chili (red, large)",40000.0
2023-01-01,MALUKU UTARA,Chili (bird's eye),82045.455
2023-01-01,MALUKU UTARA,"Chili (bird's eye, green)",78636.36
2023-01-01,MALUKU UTARA,"Chili (bird's eye, red)",85454.55
2023-01-01,MALUKU UTARA,Chili (red),41363.634999999995
2023-01-01,MALUKU UTARA,"Chili (red, curly)",52045.45
2023-01-01,MALUKU UTARA,"Chili (red, large)",30681.82
2023-01-01,NUSA TENGGARA BARAT,Chili (bird's eye),48104.545999999995
2023-01-01,NUSA TENGGARA BARAT,"Chili (bird's eye, green)",27727.27
2023-01-01,NUSA TENGGARA BARAT,"Chili (bird's eye, red)",61504.547999999995
2023-01-01,NUSA TENGGARA BARAT,Chili (red),36219.69666666667
2023-01-01,NUSA TENGGARA BARAT,"Chili (red, curly)",34054.546
2023-01-01,NUSA TENGGARA BARAT,"Chili (red, large)",35168.182
2023-01-01,NUSA TENGGARA TIMUR,Chili (bird's eye),70873.01666666666
2023-01-01,NUSA TENGGARA TIMUR,"Chili (bird's eye, green)",59523.80833333333
2023-01-01,NUSA TENGGARA TIMUR,"Chili (bird's eye, red)",82222.22333333333
2023-01-01,NUSA TENGGARA TIMUR,Chili (red),53660.715000000004
2023-01-01,NUSA TENGGARA TIMUR,"Chili (red, curly)",53650.793333333335
2023-01-01,NUSA TENGGARA TIMUR,"Chili (red, large)",53789.68166666667
2023-01-01,PAPUA,Chili (bird's eye),68960.22666666667
2023-01-01,PAPUA,"Chili (bird's eye, green)",55620.40125
2023-01-01,PAPUA,"Chili (bird's eye, red)",88480.11375
2023-01-01,PAPUA,Chili (red),78657.19666666667
2023-01-01,PAPUA,"Chili (red, curly)",73107.955
2023-01-01,PAPUA,"Chili (red, large)",78311.95999999999
2023-01-01,PAPUA BARAT,Chili (bird's eye),69204.545
2023-01-01,PAPUA BARAT,"Chili (bird's eye, red)",69204.545
2023-01-01,PAPUA BARAT,Chili (red),58352.270000000004
2023-01-01,PAPUA BARAT,"Chili (red, curly)",48920.455
2023-01-01,PAPUA BARAT,"Chili (red, large)",46022.729999999996
2023-01-01,RIAU,Chili (bird's eye),53239.9
2023-01-01,RIAU,"Chili (bird's eye, green)",52214.44142857143
2023-01-01,RIAU,"Chili (bird's eye, red)",55511.365
2023-01-01,RIAU,Chili (red),47069.19625
2023-01-01,RIAU,"Chili (red, curly)",50292.75
2023-01-01,RIAU,"Chili (red, large)",42135.46166666667
2023-01-01,SULAWESI BARAT,Chili (bird's eye),36125.0
2023-01-01,SULAWESI BARAT,"Chili (bird's eye, green)",33689.39333333333
2023-01-01,SULAWESI BARAT,"Chili (bird's eye, red)",39244.32
2023-01-01,SULAWESI BARAT,Chili (red),20151.513333333332
2023-01-01,SULAWESI BARAT,"Chili (red, curly)",21238.635000000002
2023-01-01,SULAWESI BARAT,"Chili (red, large)",19164.7725
2023-01-01,SULAWESI SELATAN,Chili (bird's eye),33208.08111111111
2023-01-01,SULAWESI SELATAN,"Chili (bird's eye, green)",23992.045
2023-01-01,SULAWESI SELATAN,"Chili (bird's eye, red)",35747.727
2023-01-01,SULAWESI SELATAN,Chili (red),18381.314444444444
2023-01-01,SULAWESI SELATAN,"Chili (red, curly)",19156.818
2023-01-01,SULAWESI SELATAN,"Chili (red, large)",16745.681
2023-01-01,SULAWESI TENGAH,Chili (bird's eye),47755.67999999999
2023-01-01,SULAWESI TENGAH,"Chili (bird's eye, green)",44943.18
2023-01-01,SULAWESI TENGAH,"Chili (bird's eye, red)",50568.17999999999
2023-01-01,SULAWESI TENGAH,Chili (red),25722.73
2023-01-01,SULAWESI TENGAH,"Chili (red, curly)",18284.09
2023-01-01,SULAWESI TENGAH,"Chili (red, large)",33140.909999999996
2023-01-01,SULAWESI TENGGARA,Chili (bird's eye),48428.9775
2023-01-01,SULAWESI TENGGARA,"Chili (bird's eye, green)",47664.7725
2023-01-01,SULAWESI TENGGARA,"Chili (bird's eye, red)",49193.1825
2023-01-01,SULAWESI TENGGARA,Chili (red),29585.225
2023-01-01,SULAWESI TENGGARA,"Chili (red, curly)",27284.09
2023-01-01,SULAWESI TENGGARA,"Chili (red, large)",30323.865
2023-01-01,SULAWESI UTARA,Chili (bird's eye),39322.7275
2023-01-01,SULAWESI UTARA,"Chili (bird's eye, green)",39931.2525
2023-01-01,SULAWESI UTARA,"Chili (bird's eye, red)",38710.23
2023-01-01,SULAWESI UTARA,Chili (red),21852.2725
2023-01-01,SULAWESI UTARA,"Chili (red, curly)",21852.2725
2023-01-01,SUMATERA BARAT,Chili (bird's eye),53530.30333333334
2023-01-01,SUMATERA BARAT,"Chili (bird's eye, green)",49333.333333333336
2023-01-01,SUMATERA BARAT,Chili (red),46312.5
2023-01-01,SUMATERA BARAT,"Chili (red, curly)",46312.5
2023-01-01,SUMATERA SELATAN,Chili (bird's eye),59176.134999999995
2023-01-01,SUMATERA SELATAN,"Chili (bird's eye, green)",60289.39333333333
2023-01-01,SUMATERA SELATAN,"Chili (bird's eye, red)",66050.75666666667
2023-01-01,SUMATERA SELATAN,Chili (red),54585.60333333333
2023-01-01,SUMATERA SELATAN,"Chili (red, curly)",54487.880000000005
2023-01-01,SUMATERA SELATAN,"Chili (red, large)",54683.329999999994
2023-01-01,SUMATERA UTARA,Chili (bird's eye),51652.272000000004
2023-01-01,SUMATERA UTARA,"Chili (bird's eye, green)",51429.75090909091
2023-01-01,SUMATERA UTARA,"Chili (bird's eye, red)",49034.090000000004
2023-01-01,SUMATERA UTARA,Chili (red),38400.35
2023-01-01,SUMATERA UTARA,"Chili (red, curly)",38400.35
2023-02-01,ACEH,Chili (bird's eye),45116.666666666664
2023-02-01,ACEH,"Chili (bird's eye, green)",45987.5
2023-02-01,ACEH,Chili (red),44168.75
2023-02-01,ACEH,"Chili (red, curly)",44191.666666666664
2023-02-01,BALI,Chili (bird's eye),47768.75
2023-02-01,BALI,"Chili (bird's eye, green)",38887.5
2023-02-01,BALI,"Chili (bird's eye, red)",56650.0
2023-02-01,BALI,Chili (red),34346.875
2023-02-01,BALI,"Chili (red, curly)",39825.0
2023-02-01,BALI,"Chili (red, large)",31081.25
2023-02-01,BANTEN,Chili (bird's eye),60743.75
2023-02-01,BANTEN,"Chili (bird's eye, green)",52212.5
2023-02-01,BANTEN,"Chili (bird's eye, red)",68608.33333333333
2023-02-01,BANTEN,Chili (red),48583.333333333336
2023-02-01,BANTEN,"Chili (red, curly)",48779.166666666664
2023-02-01,BANTEN,"Chili (red, large)",45841.666666666664
2023-02-01,BENGKULU,Chili (bird's eye),44045.0
2023-02-01,BENGKULU,"Chili (bird's eye, green)",45343.75
2023-02-01,BENGKULU,"Chili (bird's eye, red)",40279.375
2023-02-01,BENGKULU,Chili (red),40334.375
2023-02-01,BENGKULU,"Chili (red, curly)",43056.25
2023-02-01,BENGKULU,"Chili (red, large)",37612.5
2023-02-01,DAERAH ISTIMEWA YOGYAKARTA,Chili (bird's eye),54671.05
2023-02-01,DAERAH ISTIMEWA YOGYAKARTA,"Chili (bird's eye, green)",52233.555
2023-02-01,DAERAH ISTIMEWA YOGYAKARTA,"Chili (bird's eye, red)",59750.0
2023-02-01,DAERAH ISTIMEWA YOGYAKARTA,Chili (red),42861.84
2023-02-01,DAERAH ISTIMEWA YOGYAKARTA,"Chili (red, curly)",44588.815
2023-02-01,DAERAH ISTIMEWA YOGYAKARTA,"Chili (red, large)",41134.869999999995
2023-02-01,DKI JAKARTA,Chili (bird's eye),65375.0
2023-02-01,DKI JAKARTA,"Chili (bird's eye, green)",54250.0
2023-02-01,DKI JAKARTA,"Chili (bird's eye, red)",74041.66666666667
2023-02-01,DKI JAKARTA,Chili (red),52375.0
2023-02-01,DKI JAKARTA,"Chili (red, curly)",54708.333333333336
2023-02-01,DKI JAKARTA,"Chili (red, large)",50041.666666666664
2023-02-01,GORONTALO,Chili (bird's eye),50916.666666666664
2023-02-01,GORONTALO,"Chili (bird's eye, red)",50916.666666666664
2023-02-01,GORONTALO,Chili (red),34625.0
2023-02-01,GORONTALO,"Chili (red, curly)",37583.333333333336
2023-02-01,JAMBI,Chili (bird's eye),53453.7825
2023-02-01,JAMBI,"Chili (bird's eye, green)",44746.49
2023-02-01,JAMBI,"Chili (bird's eye, red)",61941.4475
2023-02-01,JAMBI,Chili (red),41567.543333333335
2023-02-01,JAMBI,"Chili (red, curly)",40658.5525
2023-02-01,JAMBI,"Chili (red, large)",41480.2625
2023-02-01,JAWA BARAT,Chili (bird's eye),57992.7425
2023-02-01,JAWA BARAT,"Chili (bird's eye, green)",49746.52777777778
2023-02-01,JAWA BARAT,"Chili (bird's eye, red)",67297.51444444444
2023-02-01,JAWA BARAT,Chili (red),45553.52176470588
2023-02-01,JAWA BARAT,"Chili (red, curly)",47893.93277777778
2023-02-01,JAWA BARAT,"Chili (red, large)",42930.774999999994
2023-02-01,JAWA TENGAH,Chili (bird's eye),49292.045454545456
2023-02-01,JAWA TENGAH,"Chili (bird's eye, green)",39306.25
2023-02-01,JAWA TENGAH,"Chili (bird's eye, red)",58135.86956521739
2023-02-01,JAWA TENGAH,Chili (red),40333.75
2023-02-01,JAWA TENGAH,"Chili (red, curly)",42592.708333333336
2023-02-01,JAWA TENGAH,"Chili (red, large)",37564.77272727273
2023-02-01,JAWA TIMUR,Chili (bird's eye),46036.924375
2023-02-01,JAWA TIMUR,"Chili (bird's eye, green)",35510.89166666667
2023-02-01,JAWA TIMUR,"Chili (bird's eye, red)",58553.783125
2023-02-01,JAWA TIMUR,Chili (red),35666.694375
2023-02-01,JAWA TIMUR,"Chili (red, curly)",39694.12923076923
2023-02-01,JAWA TIMUR,"Chili (red, large)",33754.50157894737
2023-02-01,KALIMANTAN BARAT,Chili (bird's eye),74593.75
2023-02-01,KALIMANTAN BARAT,"Chili (bird's eye, green)",68100.0
2023-02-01,KALIMANTAN BARAT,"Chili (bird's eye, red)",81087.5
2023-02-01,KALIMANTAN BARAT,Chili (red),54389.28571428572
2023-02-01,KALIMANTAN BARAT,"Chili (red, curly)",48575.0
2023-02-01,KALIMANTAN BARAT,"Chili (red, large)",58006.25
2023-02-01,KALIMANTAN SELATAN,Chili (bird's eye),40787.5
2023-02-01,KALIMANTAN SELATAN,"Chili (bird's eye, green)",28775.0
2023-02-01,KALIMANTAN SELATAN,"Chili (bird's eye, red)",52800.0
2023-02-01,KALIMANTAN SELATAN,Chili (red),36453.125
2023-02-01,KALIMANTAN SELATAN,"Chili (red, curly)",34868.75
2023-02-01,KALIMANTAN SELATAN,"Chili (red, large)",38037.5
2023-02-01,KALIMANTAN TENGAH,Chili (bird's eye),44937.5
2023-02-01,KALIMANTAN TENGAH,"Chili (bird's eye, green)",38625.0
2023-02-01,KALIMANTAN TENGAH,"Chili (bird's eye, red)",60125.0
2023-02-01,KALIMANTAN TENGAH,Chili (red),54270.833333333336
2023-02-01,KALIMANTAN TENGAH,"Chili (red, curly)",52791.666666666664
2023-02-01,KALIMANTAN TENGAH,"Chili (red, large)",55750.0
2023-02-01,KALIMANTAN TIMUR,Chili (bird's eye),55071.93
2023-02-01,KALIMANTAN TIMUR,"Chili (bird's eye, green)",56544.51833333333
2023-02-01,KALIMANTAN TIMUR,"Chili (bird's eye, red)",53599.34166666667
2023-02-01,KALIMANTAN TIMUR,Chili (red),42747.5325
2023-02-01,KALIMANTAN TIMUR,"Chili (red, curly)",38957.01833333333
2023-02-01,KALIMANTAN TIMUR,"Chili (red, large)",45939.693333333336
2023-02-01,KALIMANTAN UTARA,Chili (bird's eye),77093.75
2023-02-01,KALIMANTAN UTARA,"Chili (bird's eye, green)",80968.75
2023-02-01,KALIMANTAN UTARA,"Chili (bird's eye, red)",73218.75
2023-02-01,KALIMANTAN UTARA,Chili (red),55112.5
2023-02-01,KALIMANTAN UTARA,"Chili (red, curly)",48625.0
2023-02-01,KALIMANTAN UTARA,"Chili (red, large)",60750.0
2023-02-01,KEPULAUAN BANGKA BELITUNG,Chili (bird's eye),68187.5
2023-02-01,KEPULAUAN BANGKA BELITUNG,"Chili (bird's eye, green)",62875.0
2023-02-01,KEPULAUAN BANGKA BELITUNG,"Chili (bird's eye, red)",67475.0
2023-02-01,KEPULAUAN BANGKA BELITUNG,Chili (red),52262.5
2023-02-01,KEPULAUAN BANGKA BELITUNG,"Chili (red, curly)",52262.5
2023-02-01,KEPULAUAN RIAU,Chili (bird's eye),56445.0
2023-02-01,KEPULAUAN RIAU,"Chili (bird's eye, green)",56445.0
2023-02-01,KEPULAUAN RIAU,Chili (red),57200.0
2023-02-01,KEPULAUAN RIAU,"Chili (red, curly)",59170.0
2023-02-01,LAMPUNG,Chili (bird's eye),51937.5
2023-02-01,LAMPUNG,"Chili (bird's eye, green)",46675.0
2023-02-01,LAMPUNG,"Chili (bird's eye, red)",57200.0
2023-02-01,LAMPUNG,Chili (red),38781.25
2023-02-01,LAMPUNG,"Chili (red, curly)",37037.5
2023-02-01,LAMPUNG,"Chili (red, large)",40308.333333333336
2023-02-01,MALUKU,Chili (bird's eye),55020.833333333336
2023-02-01,MALUKU,"Chili (bird's eye, green)",35000.0
2023-02-01,MALUKU,"Chili (bird's eye, red)",67531.25
2023-02-01,MALUKU,Chili (red),59459.375
2023-02-01,MALUKU,"Chili (red, curly)",49725.0
2023-02-01,MALUKU,"Chili (red, large)",40000.0
2023-02-01,MALUKU UTARA,"Chili (bird's eye, green)",81250.0
2023-02-01,MALUKU UTARA,"Chili (bird's eye, red)",80250.0
2023-02-01,MALUKU UTARA,Chili (red),41937.5
2023-02-01,MALUKU UTARA,"Chili (red, curly)",51000.0
2023-02-01,MALUKU UTARA,"Chili (red, large)",32875.0
2023-02-01,NUSA TENGGARA BARAT,Chili (bird's eye),51412.5
2023-02-01,NUSA TENGGARA BARAT,"Chili (bird's eye, green)",32343.75
2023-02-01,NUSA TENGGARA BARAT,"Chili (bird's eye, red)",63975.0
2023-02-01,NUSA TENGGARA BARAT,Chili (red),38340.625
2023-02-01,NUSA TENGGARA BARAT,"Chili (red, curly)",39825.0
2023-02-01,NUSA TENGGARA BARAT,"Chili (red, large)",34760.0
2023-02-01,NUSA TENGGARA TIMUR,Chili (bird's eye),71937.5
2023-02-01,NUSA TENGGARA TIMUR,"Chili (bird's eye, green)",63500.0
2023-02-01,NUSA TENGGARA TIMUR,"Chili (bird's eye, red)",80375.0
2023-02-01,NUSA TENGGARA TIMUR,Chili (red),52537.5
2023-02-01,NUSA TENGGARA TIMUR,"Chili (red, curly)",53020.833333333336
2023-02-01,NUSA TENGGARA TIMUR,"Chili (red, large)",50479.166666666664
2023-02-01,PAPUA,Chili (bird's eye),64018.75
2023-02-01,PAPUA,"Chili (bird's eye, green)",50990.625
2023-02-01,PAPUA,"Chili (bird's eye, red)",79115.625
2023-02-01,PAPUA,Chili (red),73533.33333333333
2023-02-01,PAPUA,"Chili (red, curly)",66887.5
2023-02-01,PAPUA,"Chili (red, large)",77334.375
2023-02-01,PAPUA BARAT,Chili (bird's eye),54687.5
2023-02-01,PAPUA BARAT,"Chili (bird's eye, red)",59000.0
2023-02-01,PAPUA BARAT,Chili (red),41843.75
2023-02-01,PAPUA BARAT,"Chili (red, curly)",38937.5
2023-02-01,PAPUA BARAT,"Chili (red, large)",43000.0
2023-02-01,RIAU,Chili (bird's eye),49990.394
2023-02-01,RIAU,"Chili (bird's eye, green)",44379.770000000004
2023-02-01,RIAU,"Chili (bird's eye, red)",56753.9475
2023-02-01,RIAU,Chili (red),52207.40125
2023-02-01,RIAU,"Chili (red, curly)",56095.88875
2023-02-01,RIAU,"Chili (red, large)",46258.55333333334
2023-02-01,SULAWESI BARAT,Chili (bird's eye),33278.125
2023-02-01,SULAWESI BARAT,"Chili (bird's eye, green)",30556.25
2023-02-01,SULAWESI BARAT,"Chili (bird's eye, red)",36000.0
2023-02-01,SULAWESI BARAT,Chili (red),26450.0
2023-02-01,SULAWESI BARAT,"Chili (red, curly)",25618.75
2023-02-01,SULAWESI BARAT,"Chili (red, large)",25912.5
2023-02-01,SULAWESI SELATAN,Chili (bird's eye),30726.25
2023-02-01,SULAWESI SELATAN,"Chili (bird's eye, green)",24017.5
2023-02-01,SULAWESI SELATAN,"Chili (bird's eye, red)",33900.0
2023-02-01,SULAWESI SELATAN,Chili (red),25388.055555555555
2023-02-01,SULAWESI SELATAN,"Chili (red, curly)",25988.88888888889
2023-02-01,SULAWESI SELATAN,"Chili (red, large)",24807.222222222223
2023-02-01,SULAWESI TENGAH,Chili (bird's eye),50406.25
2023-02-01,SULAWESI TENGAH,"Chili (bird's eye, green)",49437.5
2023-02-01,SULAWESI TENGAH,"Chili (bird's eye, red)",51375.0
2023-02-01,SULAWESI TENGAH,Chili (red),33117.5
2023-02-01,SULAWESI TENGAH,"Chili (red, curly)",27187.5
2023-02-01,SULAWESI TENGAH,"Chili (red, large)",39040.0
2023-02-01,SULAWESI TENGGARA,Chili (bird's eye),35459.375
2023-02-01,SULAWESI TENGGARA,"Chili (bird's eye, green)",34187.5
2023-02-01,SULAWESI TENGGARA,"Chili (bird's eye, red)",36731.25
2023-02-01,SULAWESI TENGGARA,Chili (red),32150.0
2023-02-01,SULAWESI TENGGARA,"Chili (red, curly)",36456.25
2023-02-01,SULAWESI TENGGARA,"Chili (red, large)",36318.75
2023-02-01,SULAWESI UTARA,Chili (bird's eye),46128.75
2023-02-01,SULAWESI UTARA,"Chili (bird's eye, green)",44065.0
2023-02-01,SULAWESI UTARA,"Chili (bird's eye, red)",48187.5
2023-02-01,SULAWESI UTARA,Chili (red),27325.0
2023-02-01,SULAWESI UTARA,"Chili (red, curly)",30325.0
2023-02-01,SUMATERA BARAT,Chili (bird's eye),42431.25
2023-02-01,SUMATERA BARAT,"Chili (bird's eye, green)",42431.25
2023-02-01,SUMATERA BARAT,Chili (red),54037.5
2023-02-01,SUMATERA BARAT,"Chili (red, curly)",54037.5
2023-02-01,SUMATERA SELATAN,Chili (bird's eye),54568.75
2023-02-01,SUMATERA SELATAN,"Chili (bird's eye, green)",54065.0
2023-02-01,SUMATERA SELATAN,"Chili (bird's eye, red)",62006.666666666664
2023-02-01,SUMATERA SELATAN,Chili (red),53632.5
2023-02-01,SUMATERA SELATAN,"Chili (red, curly)",53658.333333333336
2023-02-01,SUMATERA SELATAN,"Chili (red, large)",53603.333333333336
2023-02-01,SUMATERA UTARA,Chili (bird's eye),40845.454545454544
2023-02-01,SUMATERA UTARA,"Chili (bird's eye, green)",40890.0
2023-02-01,SUMATERA UTARA,"Chili (bird's eye, red)",38393.75
2023-02-01,SUMATERA UTARA,Chili (red),43810.416666666664
2023-02-01,SUMATERA UTARA,"Chili (red, curly)",43696.153846153844
2023-03-01,ACEH,Chili (bird's eye),39709.524
2023-03-01,ACEH,"Chili (bird's eye, green)",41252.380000000005
2023-03-01,ACEH,Chili (red),37964.285
2023-03-01,ACEH,"Chili (red, curly)",38853.17333333333
2023-03-01,BALI,Chili (bird's eye),54884.05666666667
2023-03-01,BALI,"Chili (bird's eye, green)",41608.695
2023-03-01,BALI,"Chili (bird's eye, red)",67717.3925
2023-03-01,BALI,Chili (red),35554.3475
2023-03-01,BALI,"Chili (red, curly)",38847.82666666667
2023-03-01,BALI,"Chili (red, large)",33396.7375
2023-03-01,BANTEN,Chili (bird's eye),62884.05833333333
2023-03-01,BANTEN,"Chili (bird's eye, green)",45986.956
2023-03-01,BANTEN,"Chili (bird's eye, red)",79630.43333333333
2023-03-01,BANTEN,Chili (red),42715.218
2023-03-01,BANTEN,"Chili (red, curly)",41474.638333333336
2023-03-01,BANTEN,"Chili (red, large)",43967.39166666666
2023-03-01,BENGKULU,Chili (bird's eye),39283.695
2023-03-01,BENGKULU,"Chili (bird's eye, green)",38016.3025
2023-03-01,BENGKULU,"Chili (bird's eye, red)",41935.87
2023-03-01,BENGKULU,Chili (red),38676.630000000005
2023-03-01,BENGKULU,"Chili (red, curly)",40766.302500000005
2023-03-01,BENGKULU,"Chili (red, large)",36586.955
2023-03-01,DAERAH ISTIMEWA YOGYAKARTA,Chili (bird's eye),56785.71
2023-03-01,DAERAH ISTIMEWA YOGYAKARTA,"Chili (bird's eye, green)",55000.0
2023-03-01,DAERAH ISTIMEWA YOGYAKARTA,"Chili (bird's eye, red)",68285.715
2023-03-01,DAERAH ISTIMEWA YOGYAKARTA,Chili (red),40982.145000000004
2023-03-01,DAERAH ISTIMEWA YOGYAKARTA,"Chili (red, curly)",41250.0
2023-03-01,DAERAH ISTIMEWA YOGYAKARTA,"Chili (red, large)",40714.285
2023-03-01,DKI JAKARTA,Chili (bird's eye),68206.525
2023-03-01,DKI JAKARTA,"Chili (bird's eye, green)",52173.91333333333
2023-03-01,DKI JAKARTA,"Chili (bird's eye, red)",81123.19
2023-03-01,DKI JAKARTA,Chili (red),49474.63999999999
2023-03-01,DKI JAKARTA,"Chili (red, curly)",48224.636666666665
2023-03-01,DKI JAKARTA,"Chili (red, large)",50724.64000000001
2023-03-01,GORONTALO,Chili (bird's eye),70673.91666666667
2023-03-01,GORONTALO,"Chili (bird's eye, red)",70673.91666666667
2023-03-01,GORONTALO,"Chili (red, curly)",49456.52333333334
2023-03-01,JAMBI,Chili (bird's eye),48979.165
2023-03-01,JAMBI,"Chili (bird's eye, green)",35154.76
2023-03-01,JAMBI,"Chili (bird's eye, red)",62803.5725
2023-03-01,JAMBI,Chili (red),33592.8575
2023-03-01,JAMBI,"Chili (red, curly)",33179.1625
2023-03-01,JAMBI,"Chili (red, large)",34005.95
2023-03-01,JAWA BARAT,Chili (bird's eye),62291.486470588236
2023-03-01,JAWA BARAT,"Chili (bird's eye, green)",46997.733529411766
2023-03-01,JAWA BARAT,"Chili (bird's eye, red)",77099.44444444444
2023-03-01,JAWA BARAT,Chili (red),44061.529375
2023-03-01,JAWA BARAT,"Chili (red, curly)",44550.697222222225
2023-03-01,JAWA BARAT,"Chili (red, large)",43421.058333333334
2023-03-01,JAWA TENGAH,Chili (bird's eye),50276.13863636364
2023-03-01,JAWA TENGAH,"Chili (bird's eye, green)",35401.82875
2023-03-01,JAWA TENGAH,"Chili (bird's eye, red)",65218.55541666667
2023-03-01,JAWA TENGAH,Chili (red),34801.595789473686
2023-03-01,JAWA TENGAH,"Chili (red, curly)",36154.2
2023-03-01,JAWA TENGAH,"Chili (red, large)",34640.73954545455
2023-03-01,JAWA TIMUR,Chili (bird's eye),48867.98
2023-03-01,JAWA TIMUR,"Chili (bird's eye, green)",29216.96411764706
2023-03-01,JAWA TIMUR,"Chili (bird's eye, red)",68930.31875
2023-03-01,JAWA TIMUR,Chili (red),34203.568823529415
2023-03-01,JAWA TIMUR,"Chili (red, curly)",36764.85153846154
2023-03-01,JAWA TIMUR,"Chili (red, large)",33699.411052631585
2023-03-01,KALIMANTAN BARAT,Chili (bird's eye),81759.51
2023-03-01,KALIMANTAN BARAT,"Chili (bird's eye, green)",73505.435
2023-03-01,KALIMANTAN BARAT,"Chili (bird's eye, red)",90013.58625
2023-03-01,KALIMANTAN BARAT,Chili (red),60168.48
2023-03-01,KALIMANTAN BARAT,"Chili (red, curly)",62971.01499999999
2023-03-01,KALIMANTAN BARAT,"Chili (red, large)",63918.4775
2023-03-01,KALIMANTAN SELATAN,Chili (bird's eye),48521.74
2023-03-01,KALIMANTAN SELATAN,"Chili (bird's eye, green)",33510.869999999995
2023-03-01,KALIMANTAN SELATAN,"Chili (bird's eye, red)",63532.61
2023-03-01,KALIMANTAN SELATAN,Chili (red),49203.8025
2023-03-01,KALIMANTAN SELATAN,"Chili (red, curly)",47336.9575
2023-03-01,KALIMANTAN SELATAN,"Chili (red, large)",51070.65
2023-03-01,KALIMANTAN TENGAH,Chili (bird's eye),54404.76
2023-03-01,KALIMANTAN TENGAH,"Chili (bird's eye, green)",40436.50666666667
2023-03-01,KALIMANTAN TENGAH,"Chili (bird's eye, red)",68373.01666666666
2023-03-01,KALIMANTAN TENGAH,Chili (red),65753.97
2023-03-01,KALIMANTAN TENGAH,"Chili (red, curly)",63333.333333333336
2023-03-01,KALIMANTAN TENGAH,"Chili (red, large)",68174.60333333333
2023-03-01,KALIMANTAN TIMUR,Chili (bird's eye),66162.74333333333
2023-03-01,KALIMANTAN TIMUR,"Chili (bird's eye, green)",60031.176666666666
2023-03-01,KALIMANTAN TIMUR,"Chili (bird's eye, red)",72294.30833333333
2023-03-01,KALIMANTAN TIMUR,Chili (red),58959.0925
2023-03-01,KALIMANTAN TIMUR,"Chili (red, curly)",55343.01833333333
2023-03-01,KALIMANTAN TIMUR,"Chili (red, large)",58539.361666666664
2023-03-01,KALIMANTAN UTARA,Chili (bird's eye),100099.43
2023-03-01,KALIMANTAN UTARA,"Chili (bird's eye, green)",99062.5025
2023-03-01,KALIMANTAN UTARA,"Chili (bird's eye, red)",101136.3625
2023-03-01,KALIMANTAN UTARA,Chili (red),66599.4325
2023-03-01,KALIMANTAN UTARA,"Chili (red, curly)",65227.270000000004
2023-03-01,KALIMANTAN UTARA,"Chili (red, large)",68823.8625
2023-03-01,KEPULAUAN BANGKA BELITUNG,Chili (bird's eye),69130.43
2023-03-01,KEPULAUAN BANGKA BELITUNG,"Chili (bird's eye, green)",63125.0
2023-03-01,KEPULAUAN BANGKA BELITUNG,"Chili (bird's eye, red)",72782.6075
2023-03-01,KEPULAUAN BANGKA BELITUNG,Chili (red),50684.7825
2023-03-01,KEPULAUAN BANGKA BELITUNG,"Chili (red, curly)",50684.7825
2023-03-01,KEPULAUAN RIAU,Chili (bird's eye),53708.693999999996
2023-03-01,KEPULAUAN RIAU,"Chili (bird's eye, green)",53708.693999999996
2023-03-01,KEPULAUAN RIAU,Chili (red),49471.01666666666
2023-03-01,KEPULAUAN RIAU,"Chili (red, curly)",52865.219999999994
2023-03-01,LAMPUNG,Chili (bird's eye),52836.957500000004
2023-03-01,LAMPUNG,"Chili (bird's eye, green)",41793.48
2023-03-01,LAMPUNG,"Chili (bird's eye, red)",63880.4375
2023-03-01,LAMPUNG,Chili (red),33233.695
2023-03-01,LAMPUNG,"Chili (red, curly)",30804.3475
2023-03-01,LAMPUNG,"Chili (red, large)",36789.85666666667
2023-03-01,MALUKU,Chili (bird's eye),72610.42
2023-03-01,MALUKU,"Chili (bird's eye, green)",39213.25
2023-03-01,MALUKU,"Chili (bird's eye, red)",87895.965
2023-03-01,MALUKU,Chili (red),73021.4825
2023-03-01,MALUKU,"Chili (red, curly)",73103.0025
2023-03-01,MALUKU,"Chili (red, large)",46521.74
2023-03-01,MALUKU UTARA,"Chili (bird's eye, green)",75652.17
2023-03-01,MALUKU UTARA,"Chili (bird's eye, red)",78695.65
2023-03-01,MALUKU UTARA,Chili (red),50380.435
2023-03-01,MALUKU UTARA,"Chili (red, curly)",59347.83
2023-03-01,MALUKU UTARA,"Chili (red, large)",41413.04
2023-03-01,NUSA TENGGARA BARAT,Chili (bird's eye),59897.826
2023-03-01,NUSA TENGGARA BARAT,"Chili (bird's eye, green)",34157.6075
2023-03-01,NUSA TENGGARA BARAT,"Chili (bird's eye, red)",77252.174
2023-03-01,NUSA TENGGARA BARAT,Chili (red),34736.415
2023-03-01,NUSA TENGGARA BARAT,"Chili (red, curly)",36091.304000000004
2023-03-01,NUSA TENGGARA BARAT,"Chili (red, large)",35298.9125
2023-03-01,NUSA TENGGARA TIMUR,Chili (bird's eye),76150.79333333333
2023-03-01,NUSA TENGGARA TIMUR,"Chili (bird's eye, green)",66686.50666666667
2023-03-01,NUSA TENGGARA TIMUR,"Chili (bird's eye, red)",85615.07833333332
2023-03-01,NUSA TENGGARA TIMUR,Chili (red),65833.3325
2023-03-01,NUSA TENGGARA TIMUR,"Chili (red, curly)",64146.825000000004
2023-03-01,NUSA TENGGARA TIMUR,"Chili (red, large)",62559.52166666667
2023-03-01,PAPUA,Chili (bird's eye),67713.43875
2023-03-01,PAPUA,"Chili (bird's eye, green)",52760.6225
2023-03-01,PAPUA,"Chili (bird's eye, red)",82666.25625
2023-03-01,PAPUA,Chili (red),79581.52166666667
2023-03-01,PAPUA,"Chili (red, curly)",71093.01
2023-03-01,PAPUA,"Chili (red, large)",86077.56875
2023-03-01,PAPUA BARAT,Chili (bird's eye),60178.572499999995
2023-03-01,PAPUA BARAT,"Chili (bird's eye, red)",62857.14333333333
2023-03-01,PAPUA BARAT,Chili (red),47261.905
2023-03-01,PAPUA BARAT,"Chili (red, curly)",41845.2375
2023-03-01,PAPUA BARAT,"Chili (red, large)",51904.7625
2023-03-01,RIAU,Chili (bird's eye),46239.130000000005
2023-03-01,RIAU,"Chili (bird's eye, green)",37944.241428571426
2023-03-01,RIAU,"Chili (bird's eye, red)",59298.912500000006
2023-03-01,RIAU,Chili (red),45398.7775
2023-03-01,RIAU,"Chili (red, curly)",49259.88
2023-03-01,RIAU,"Chili (red, large)",37959.65
2023-03-01,SULAWESI BARAT,Chili (bird's eye),43357.1425
2023-03-01,SULAWESI BARAT,"Chili (bird's eye, green)",39619.05
2023-03-01,SULAWESI BARAT,"Chili (bird's eye, red)",47095.2375
2023-03-01,SULAWESI BARAT,Chili (red),38853.17333333333
2023-03-01,SULAWESI BARAT,"Chili (red, curly)",40357.145000000004
2023-03-01,SULAWESI BARAT,"Chili (red, large)",38416.6675
2023-03-01,SULAWESI SELATAN,Chili (bird's eye),45911.95625
2023-03-01,SULAWESI SELATAN,"Chili (bird's eye, green)",28190.22
2023-03-01,SULAWESI SELATAN,"Chili (bird's eye, red)",52308.695
2023-03-01,SULAWESI SELATAN,Chili (red),38421.98111111111
2023-03-01,SULAWESI SELATAN,"Chili (red, curly)",42144.92555555555
2023-03-01,SULAWESI SELATAN,"Chili (red, large)",34525.217
2023-03-01,SULAWESI TENGAH,Chili (bird's eye),71820.65
2023-03-01,SULAWESI TENGAH,"Chili (bird's eye, green)",69673.91500000001
2023-03-01,SULAWESI TENGAH,"Chili (bird's eye, red)",73967.39499999999
2023-03-01,SULAWESI TENGAH,Chili (red),47640.215
2023-03-01,SULAWESI TENGAH,"Chili (red, curly)",42858.695
2023-03-01,SULAWESI TENGAH,"Chili (red, large)",52413.04
2023-03-01,SULAWESI TENGGARA,Chili (bird's eye),51847.825
2023-03-01,SULAWESI TENGGARA,"Chili (bird's eye, green)",49130.435
2023-03-01,SULAWESI TENGGARA,"Chili (bird's eye, red)",54565.215000000004
2023-03-01,SULAWESI TENGGARA,Chili (red),48858.69666666666
2023-03-01,SULAWESI TENGGARA,"Chili (red, curly)",51304.3475
2023-03-01,SULAWESI TENGGARA,"Chili (red, large)",50570.655
2023-03-01,SULAWESI UTARA,Chili (bird's eye),61078.26
2023-03-01,SULAWESI UTARA,"Chili (bird's eye, green)",50228.35
2023-03-01,SULAWESI UTARA,"Chili (bird's eye, red)",68956.52333333333
2023-03-01,SULAWESI UTARA,Chili (red),39630.43666666667
2023-03-01,SULAWESI UTARA,"Chili (red, curly)",39630.43666666667
2023-03-01,SUMATERA BARAT,Chili (bird's eye),34271.7375
2023-03-01,SUMATERA BARAT,"Chili (bird's eye, green)",34271.7375
2023-03-01,SUMATERA BARAT,Chili (red),42489.130000000005
2023-03-01,SUMATERA BARAT,"Chili (red, curly)",42489.130000000005
2023-03-01,SUMATERA SELATAN,Chili (bird's eye),54184.785
2023-03-01,SUMATERA SELATAN,"Chili (bird's eye, green)",50401.450000000004
2023-03-01,SUMATERA SELATAN,"Chili (bird's eye, red)",66215.94333333334
2023-03-01,SUMATERA SELATAN,Chili (red),51188.40666666667
2023-03-01,SUMATERA SELATAN,"Chili (red, curly)",50711.59333333333
2023-03-01,SUMATERA SELATAN,"Chili (red, large)",51665.21666666667
2023-03-01,SUMATERA UTARA,Chili (bird's eye),32532.920000000002
2023-03-01,SUMATERA UTARA,"Chili (bird's eye, green)",31245.6875
2023-03-01,SUMATERA UTARA,"Chili (bird's eye, red)",28000.0025
2023-03-01,SUMATERA UTARA,Chili (red),35943.25272727273
2023-03-01,SUMATERA UTARA,"Chili (red, curly)",35416.86615384615
2023-04-01,ACEH,Chili (bird's eye),31764.940000000002
2023-04-01,ACEH,"Chili (bird's eye, green)",32689.31
2023-04-01,ACEH,Chili (red),28399.802499999998
2023-04-01,ACEH,"Chili (red, curly)",28789.138333333332
2023-04-01,BALI,Chili (bird's eye),29066.666666666668
2023-04-01,BALI,"Chili (bird's eye, green)",32031.25
2023-04-01,BALI,"Chili (bird's eye, red)",27675.0
2023-04-01,BALI,Chili (red),32550.0
2023-04-01,BALI,"Chili (red, curly)",33441.666666666664
2023-04-01,BALI,"Chili (red, large)",32181.25
2023-04-01,BANTEN,Chili (bird's eye),41067.98333333333
2023-04-01,BANTEN,"Chili (bird's eye, green)",37784.212
2023-04-01,BANTEN,"Chili (bird's eye, red)",44043.86000000001
2023-04-01,BANTEN,Chili (red),40942.98333333333
2023-04-01,BANTEN,"Chili (red, curly)",39039.475
2023-04-01,BANTEN,"Chili (red, large)",44530.70333333333
2023-04-01,BENGKULU,Chili (bird's eye),30004.38333333333
2023-04-01,BENGKULU,"Chili (bird's eye, green)",32342.105000000003
2023-04-01,BENGKULU,"Chili (bird's eye, red)",28207.8975
2023-04-01,BENGKULU,Chili (red),27338.815000000002
2023-04-01,BENGKULU,"Chili (red, curly)",29434.21
2023-04-01,BENGKULU,"Chili (red, large)",25243.4225
2023-04-01,DAERAH ISTIMEWA YOGYAKARTA,Chili (bird's eye),45808.82
2023-04-01,DAERAH ISTIMEWA YOGYAKARTA,"Chili (bird's eye, green)",46352.94
2023-04-01,DAERAH ISTIMEWA YOGYAKARTA,"Chili (bird's eye, red)",39411.765
2023-04-01,DAERAH ISTIMEWA YOGYAKARTA,Chili (red),36852.94
2023-04-01,DAERAH ISTIMEWA YOGYAKARTA,"Chili (red, curly)",35397.06
2023-04-01,DAERAH ISTIMEWA YOGYAKARTA,"Chili (red, large)",38308.825
2023-04-01,DKI JAKARTA,Chili (bird's eye),48346.49
2023-04-01,DKI JAKARTA,"Chili (bird's eye, green)",43640.35333333333
2023-04-01,DKI JAKARTA,"Chili (bird's eye, red)",53052.630000000005
2023-04-01,DKI JAKARTA,Chili (red),49292.10333333333
2023-04-01,DKI JAKARTA,"Chili (red, curly)",43640.35
2023-04-01,DKI JAKARTA,"Chili (red, large)",54941.22666666666
2023-04-01,GORONTALO,Chili (bird's eye),37621.11
2023-04-01,GORONTALO,"Chili (bird's eye, red)",37621.11
2023-04-01,GORONTALO,Chili (red),38416.665
2023-04-01,GORONTALO,"Chili (red, curly)",38400.0
2023-04-01,JAMBI,Chili (bird's eye),36642.8575
2023-04-01,JAMBI,"Chili (bird's eye, green)",31666.666666666668
2023-04-01,JAMBI,"Chili (bird's eye, red)",40928.5725
2023-04-01,JAMBI,Chili (red),25934.523333333334
2023-04-01,JAMBI,"Chili (red, curly)",25580.3575
2023-04-01,JAMBI,"Chili (red, large)",26535.7125
2023-04-01,JAWA BARAT,Chili (bird's eye),43718.566666666666
2023-04-01,JAWA BARAT,"Chili (bird's eye, green)",40949.06
2023-04-01,JAWA BARAT,"Chili (bird's eye, red)",49744.68
2023-04-01,JAWA BARAT,Chili (red),45467.75
2023-04-01,JAWA BARAT,"Chili (red, curly)",42841.21166666666
2023-04-01,JAWA BARAT,"Chili (red, large)",48561.32388888889
2023-04-01,JAWA TENGAH,Chili (bird's eye),32031.235
2023-04-01,JAWA TENGAH,"Chili (bird's eye, green)",28838.86125
2023-04-01,JAWA TENGAH,"Chili (bird's eye, red)",35223.504583333335
2023-04-01,JAWA TENGAH,Chili (red),34556.236666666664
2023-04-01,JAWA TENGAH,"Chili (red, curly)",33075.46565217391
2023-04-01,JAWA TENGAH,"Chili (red, large)",35559.196363636365
2023-04-01,JAWA TIMUR,Chili (bird's eye),26982.811666666665
2023-04-01,JAWA TIMUR,"Chili (bird's eye, green)",21921.162352941177
2023-04-01,JAWA TIMUR,"Chili (bird's eye, red)",31906.51875
2023-04-01,JAWA TIMUR,Chili (red),32977.20222222222
2023-04-01,JAWA TIMUR,"Chili (red, curly)",33705.38615384616
2023-04-01,JAWA TIMUR,"Chili (red, large)",33447.17368421053
2023-04-01,KALIMANTAN BARAT,Chili (bird's eye),61430.14625
2023-04-01,KALIMANTAN BARAT,"Chili (bird's eye, green)",55378.676250000004
2023-04-01,KALIMANTAN BARAT,"Chili (bird's eye, red)",67481.61625
2023-04-01,KALIMANTAN BARAT,Chili (red),52635.292
2023-04-01,KALIMANTAN BARAT,"Chili (red, curly)",49730.39333333333
2023-04-01,KALIMANTAN BARAT,"Chili (red, large)",56474.265
2023-04-01,KALIMANTAN SELATAN,Chili (bird's eye),36106.25
2023-04-01,KALIMANTAN SELATAN,"Chili (bird's eye, green)",28056.25
2023-04-01,KALIMANTAN SELATAN,"Chili (bird's eye, red)",44156.25
2023-04-01,KALIMANTAN SELATAN,Chili (red),51609.375
2023-04-01,KALIMANTAN SELATAN,"Chili (red, curly)",49187.5
2023-04-01,KALIMANTAN SELATAN,"Chili (red, large)",54031.25
2023-04-01,KALIMANTAN TENGAH,Chili (bird's eye),44270.83
2023-04-01,KALIMANTAN TENGAH,"Chili (bird's eye, green)",38796.29666666667
2023-04-01,KALIMANTAN TENGAH,"Chili (bird's eye, red)",54212.96333333334
2023-04-01,KALIMANTAN TENGAH,Chili (red),64560.18333333333
2023-04-01,KALIMANTAN TENGAH,"Chili (red, curly)",61435.18333333333
2023-04-01,KALIMANTAN TENGAH,"Chili (red, large)",67685.18666666666
2023-04-01,KALIMANTAN TIMUR,Chili (bird's eye),60377.97833333333
2023-04-01,KALIMANTAN TIMUR,"Chili (bird's eye, green)",68648.81
2023-04-01,KALIMANTAN TIMUR,"Chili (bird's eye, red)",52107.14333333333
2023-04-01,KALIMANTAN TIMUR,Chili (red),54167.85799999999
2023-04-01,KALIMANTAN TIMUR,"Chili (red, curly)",48910.715
2023-04-01,KALIMANTAN TIMUR,"Chili (red, large)",57023.81166666667
2023-04-01,KALIMANTAN UTARA,Chili (bird's eye),82232.145
2023-04-01,KALIMANTAN UTARA,"Chili (bird's eye, green)",87500.0
2023-04-01,KALIMANTAN UTARA,"Chili (bird's eye, red)",76964.285
2023-04-01,KALIMANTAN UTARA,Chili (red),59843.75
2023-04-01,KALIMANTAN UTARA,"Chili (red, curly)",57589.285
2023-04-01,KALIMANTAN UTARA,"Chili (red, large)",61830.3575
2023-04-01,KEPULAUAN BANGKA BELITUNG,Chili (bird's eye),57160.71
2023-04-01,KEPULAUAN BANGKA BELITUNG,"Chili (bird's eye, green)",53392.8575
2023-04-01,KEPULAUAN BANGKA BELITUNG,"Chili (bird's eye, red)",52017.8575
2023-04-01,KEPULAUAN BANGKA BELITUNG,Chili (red),43830.3575
2023-04-01,KEPULAUAN BANGKA BELITUNG,"Chili (red, curly)",43830.3575
2023-04-01,KEPULAUAN RIAU,Chili (bird's eye),47335.238
2023-04-01,KEPULAUAN RIAU,"Chili (bird's eye, green)",47335.238
2023-04-01,KEPULAUAN RIAU,Chili (red),42450.0
2023-04-01,KEPULAUAN RIAU,"Chili (red, curly)",40766.666000000005
2023-04-01,LAMPUNG,Chili (bird's eye),38269.229999999996
2023-04-01,LAMPUNG,"Chili (bird's eye, green)",36778.847499999996
2023-04-01,LAMPUNG,"Chili (bird's eye, red)",39759.6175
2023-04-01,LAMPUNG,Chili (red),31879.805
2023-04-01,LAMPUNG,"Chili (red, curly)",28778.845
2023-04-01,LAMPUNG,"Chili (red, large)",36371.793333333335
2023-04-01,MALUKU,Chili (bird's eye),62871.0925
2023-04-01,MALUKU,"Chili (bird's eye, green)",41015.625
2023-04-01,MALUKU,"Chili (bird's eye, red)",61640.625
2023-04-01,MALUKU,Chili (red),73007.8125
2023-04-01,MALUKU,"Chili (red, curly)",65312.5
2023-04-01,MALUKU,"Chili (red, large)",50000.0
2023-04-01,MALUKU UTARA,Chili (bird's eye),63421.05
2023-04-01,MALUKU UTARA,"Chili (bird's eye, green)",71710.525
2023-04-01,MALUKU UTARA,"Chili (bird's eye, red)",66052.63
2023-04-01,MALUKU UTARA,Chili (red),60197.369999999995
2023-04-01,MALUKU UTARA,"Chili (red, curly)",76578.95
2023-04-01,MALUKU UTARA,"Chili (red, large)",43815.79
2023-04-01,NUSA TENGGARA BARAT,Chili (bird's eye),31852.778000000002
2023-04-01,NUSA TENGGARA BARAT,"Chili (bird's eye, green)",21236.1125
2023-04-01,NUSA TENGGARA BARAT,"Chili (bird's eye, red)",38577.776
2023-04-01,NUSA TENGGARA BARAT,Chili (red),37256.945
2023-04-01,NUSA TENGGARA BARAT,"Chili (red, curly)",30922.221999999998
2023-04-01,NUSA TENGGARA BARAT,"Chili (red, large)",32061.112
2023-04-01,NUSA TENGGARA TIMUR,Chili (bird's eye),77434.21
2023-04-01,NUSA TENGGARA TIMUR,"Chili (bird's eye, green)",65197.36833333334
2023-04-01,NUSA TENGGARA TIMUR,"Chili (bird's eye, red)",89671.05166666668
2023-04-01,NUSA TENGGARA TIMUR,Chili (red),53475.87666666667
2023-04-01,NUSA TENGGARA TIMUR,"Chili (red, curly)",54824.56166666667
2023-04-01,NUSA TENGGARA TIMUR,"Chili (red, large)",52127.193333333336
2023-04-01,PAPUA,Chili (bird's eye),77588.48666666666
2023-04-01,PAPUA,"Chili (bird's eye, green)",60554.33
2023-04-01,PAPUA,"Chili (bird's eye, red)",93370.065
2023-04-01,PAPUA,Chili (red),80715.43375
2023-04-01,PAPUA,"Chili (red, curly)",71090.0775
2023-04-01,PAPUA,"Chili (red, large)",90340.79125
2023-04-01,PAPUA BARAT,Chili (bird's eye),55892.8575
2023-04-01,PAPUA BARAT,"Chili (bird's eye, red)",60476.19
2023-04-01,PAPUA BARAT,Chili (red),56785.71666666667
2023-04-01,PAPUA BARAT,"Chili (red, curly)",50624.9975
2023-04-01,PAPUA BARAT,"Chili (red, large)",65178.572499999995
2023-04-01,RIAU,Chili (bird's eye),36888.76833333333
2023-04-01,RIAU,"Chili (bird's eye, green)",33277.77875
2023-04-01,RIAU,"Chili (bird's eye, red)",41034.3575
2023-04-01,RIAU,Chili (red),34677.7225
2023-04-01,RIAU,"Chili (red, curly)",37399.12375
2023-04-01,RIAU,"Chili (red, large)",27608.430000000004
2023-04-01,SULAWESI BARAT,Chili (bird's eye),32167.7625
2023-04-01,SULAWESI BARAT,"Chili (bird's eye, green)",29947.3675
2023-04-01,SULAWESI BARAT,"Chili (bird's eye, red)",34388.16
2023-04-01,SULAWESI BARAT,Chili (red),31057.016666666666
2023-04-01,SULAWESI BARAT,"Chili (red, curly)",33717.1075
2023-04-01,SULAWESI BARAT,"Chili (red, large)",30967.105
2023-04-01,SULAWESI SELATAN,Chili (bird's eye),32023.903333333335
2023-04-01,SULAWESI SELATAN,"Chili (bird's eye, green)",25690.625
2023-04-01,SULAWESI SELATAN,"Chili (bird's eye, red)",33637.763
2023-04-01,SULAWESI SELATAN,Chili (red),31524.095
2023-04-01,SULAWESI SELATAN,"Chili (red, curly)",34823.97666666666
2023-04-01,SULAWESI SELATAN,"Chili (red, large)",27461.974
2023-04-01,SULAWESI TENGAH,Chili (bird's eye),46315.79
2023-04-01,SULAWESI TENGAH,"Chili (bird's eye, green)",48552.630000000005
2023-04-01,SULAWESI TENGAH,"Chili (bird's eye, red)",44078.945
2023-04-01,SULAWESI TENGAH,Chili (red),41897.365000000005
2023-04-01,SULAWESI TENGAH,"Chili (red, curly)",30144.735
2023-04-01,SULAWESI TENGAH,"Chili (red, large)",53647.369999999995
2023-04-01,SULAWESI TENGGARA,Chili (bird's eye),30208.335
2023-04-01,SULAWESI TENGGARA,"Chili (bird's eye, green)",29833.335
2023-04-01,SULAWESI TENGGARA,"Chili (bird's eye, red)",30583.335
2023-04-01,SULAWESI TENGGARA,Chili (red),43833.333333333336
2023-04-01,SULAWESI TENGGARA,"Chili (red, curly)",39858.335
2023-04-01,SULAWESI TENGGARA,"Chili (red, large)",46833.333333333336
2023-04-01,SULAWESI UTARA,Chili (bird's eye),39888.09333333333
2023-04-01,SULAWESI UTARA,"Chili (bird's eye, green)",47892.85666666667
2023-04-01,SULAWESI UTARA,"Chili (bird's eye, red)",31880.953333333335
2023-04-01,SULAWESI UTARA,Chili (red),35357.14333333333
2023-04-01,SULAWESI UTARA,"Chili (red, curly)",36750.0
2023-04-01,SUMATERA BARAT,Chili (bird's eye),31291.665
2023-04-01,SUMATERA BARAT,"Chili (bird's eye, green)",31291.665
2023-04-01,SUMATERA BARAT,Chili (red),33798.61
2023-04-01,SUMATERA BARAT,"Chili (red, curly)",33798.61
2023-04-01,SUMATERA SELATAN,Chili (bird's eye),47794.04666666667
2023-04-01,SUMATERA SELATAN,"Chili (bird's eye, green)",44869.04666666667
2023-04-01,SUMATERA SELATAN,"Chili (bird's eye, red)",50719.04666666667
2023-04-01,SUMATERA SELATAN,Chili (red),44939.28666666666
2023-04-01,SUMATERA SELATAN,"Chili (red, curly)",45131.746666666666
2023-04-01,SUMATERA SELATAN,"Chili (red, large)",44746.82666666666
2023-04-01,SUMATERA UTARA,Chili (bird's eye),25068.734166666665
2023-04-01,SUMATERA UTARA,"Chili (bird's eye, green)",24994.66
2023-04-01,SUMATERA UTARA,"Chili (bird's eye, red)",22164.025
2023-04-01,SUMATERA UTARA,Chili (red),26161.74166666667
2023-04-01,SUMATERA UTARA,"Chili (red, curly)",26088.21384615385
2023-05-01,ACEH,Chili (bird's eye),29122.728000000003
2023-05-01,ACEH,"Chili (bird's eye, green)",30113.63666666667
2023-05-01,ACEH,Chili (red),24405.303333333333
2023-05-01,ACEH,"Chili (red, curly)",24405.303333333333
2023-05-01,BALI,Chili (bird's eye),28193.183333333334
2023-05-01,BALI,"Chili (bird's eye, green)",28784.0925
2023-05-01,BALI,"Chili (bird's eye, red)",28437.5025
2023-05-01,BALI,Chili (red),30238.6375
2023-05-01,BALI,"Chili (red, curly)",32787.87666666667
2023-05-01,BALI,"Chili (red, large)",28954.545
2023-05-01,BANTEN,Chili (bird's eye),38246.21333333333
2023-05-01,BANTEN,"Chili (bird's eye, green)",35981.82
2023-05-01,BANTEN,"Chili (bird's eye, red)",39935.605
2023-05-01,BANTEN,Chili (red),36685.60333333333
2023-05-01,BANTEN,"Chili (red, curly)",32030.305000000004
2023-05-01,BANTEN,"Chili (red, large)",39662.87666666667
2023-05-01,BENGKULU,Chili (bird's eye),25251.09
2023-05-01,BENGKULU,"Chili (bird's eye, green)",26611.415
2023-05-01,BENGKULU,"Chili (bird's eye, red)",22825.5425
2023-05-01,BENGKULU,Chili (red),23078.805
2023-05-01,BENGKULU,"Chili (red, curly)",25211.955
2023-05-01,BENGKULU,"Chili (red, large)",20945.6525
2023-05-01,DAERAH ISTIMEWA YOGYAKARTA,Chili (bird's eye),34715.91
2023-05-01,DAERAH ISTIMEWA YOGYAKARTA,"Chili (bird's eye, green)",34659.09
2023-05-01,DAERAH ISTIMEWA YOGYAKARTA,"Chili (bird's eye, red)",32954.55
2023-05-01,DAERAH ISTIMEWA YOGYAKARTA,Chili (red),31477.275
2023-05-01,DAERAH ISTIMEWA YOGYAKARTA,"Chili (red, curly)",26534.09
2023-05-01,DAERAH ISTIMEWA YOGYAKARTA,"Chili (red, large)",36420.455
2023-05-01,DKI JAKARTA,Chili (bird's eye),45554.54666666667
2023-05-01,DKI JAKARTA,"Chili (bird's eye, green)",44187.87666666667
2023-05-01,DKI JAKARTA,"Chili (bird's eye, red)",46917.42333333333
2023-05-01,DKI JAKARTA,Chili (red),47162.119999999995
2023-05-01,DKI JAKARTA,"Chili (red, curly)",42160.60666666667
2023-05-01,DKI JAKARTA,"Chili (red, large)",52163.636666666665
2023-05-01,GORONTALO,Chili (bird's eye),35984.846666666665
2023-05-01,GORONTALO,"Chili (bird's eye, red)",35984.846666666665
2023-05-01,GORONTALO,Chili (red),41628.78666666667
2023-05-01,GORONTALO,"Chili (red, curly)",41628.78666666667
2023-05-01,JAMBI,Chili (bird's eye),32324.402499999997
2023-05-01,JAMBI,"Chili (bird's eye, green)",27285.71
2023-05-01,JAMBI,"Chili (bird's eye, red)",36517.8575
2023-05-01,JAMBI,Chili (red),19720.2375
2023-05-01,JAMBI,"Chili (red, curly)",19089.2875
2023-05-01,JAMBI,"Chili (red, large)",20351.1875
2023-05-01,JAWA BARAT,Chili (bird's eye),40065.44642857143
2023-05-01,JAWA BARAT,"Chili (bird's eye, green)",37150.11058823529
2023-05-01,JAWA BARAT,"Chili (bird's eye, red)",42410.35388888889
2023-05-01,JAWA BARAT,Chili (red),44028.11941176471
2023-05-01,JAWA BARAT,"Chili (red, curly)",37804.156111111115
2023-05-01,JAWA BARAT,"Chili (red, large)",49285.573333333334
2023-05-01,JAWA TENGAH,Chili (bird's eye),29811.60347826087
2023-05-01,JAWA TENGAH,"Chili (bird's eye, green)",26629.440416666668
2023-05-01,JAWA TENGAH,"Chili (bird's eye, red)",33335.22583333334
2023-05-01,JAWA TENGAH,Chili (red),30000.715714285714
2023-05-01,JAWA TENGAH,"Chili (red, curly)",26619.270833333332
2023-05-01,JAWA TENGAH,"Chili (red, large)",31776.593913043478
2023-05-01,JAWA TIMUR,Chili (bird's eye),26448.259444444444
2023-05-01,JAWA TIMUR,"Chili (bird's eye, green)",21706.608333333334
2023-05-01,JAWA TIMUR,"Chili (bird's eye, red)",32032.2
2023-05-01,JAWA TIMUR,Chili (red),30174.65875
2023-05-01,JAWA TIMUR,"Chili (red, curly)",30103.966153846155
2023-05-01,JAWA TIMUR,"Chili (red, large)",31327.54
2023-05-01,KALIMANTAN BARAT,Chili (bird's eye),54694.94125
2023-05-01,KALIMANTAN BARAT,"Chili (bird's eye, green)",48398.81
2023-05-01,KALIMANTAN BARAT,"Chili (bird's eye, red)",60991.073749999996
2023-05-01,KALIMANTAN BARAT,Chili (red),49675.16857142857
2023-05-01,KALIMANTAN BARAT,"Chili (red, curly)",46801.58666666667
2023-05-01,KALIMANTAN BARAT,"Chili (red, large)",50630.9525
2023-05-01,KALIMANTAN SELATAN,Chili (bird's eye),35406.25
2023-05-01,KALIMANTAN SELATAN,"Chili (bird's eye, green)",25166.666666666668
2023-05-01,KALIMANTAN SELATAN,"Chili (bird's eye, red)",44863.635
2023-05-01,KALIMANTAN SELATAN,Chili (red),51332.3875
2023-05-01,KALIMANTAN SELATAN,"Chili (red, curly)",50960.225
2023-05-01,KALIMANTAN SELATAN,"Chili (red, large)",51704.545
2023-05-01,KALIMANTAN TENGAH,Chili (bird's eye),48977.275
2023-05-01,KALIMANTAN TENGAH,"Chili (bird's eye, green)",34305.306666666664
2023-05-01,KALIMANTAN TENGAH,"Chili (bird's eye, red)",53762.880000000005
2023-05-01,KALIMANTAN TENGAH,Chili (red),68194.69666666667
2023-05-01,KALIMANTAN TENGAH,"Chili (red, curly)",65846.21333333333
2023-05-01,KALIMANTAN TENGAH,"Chili (red, large)",70543.18333333333
2023-05-01,KALIMANTAN TIMUR,Chili (bird's eye),53441.10833333334
2023-05-01,KALIMANTAN TIMUR,"Chili (bird's eye, green)",60436.50666666666
2023-05-01,KALIMANTAN TIMUR,"Chili (bird's eye, red)",46445.708333333336
2023-05-01,KALIMANTAN TIMUR,Chili (red),52925.0525
2023-05-01,KALIMANTAN TIMUR,"Chili (red, curly)",50619.04833333333
2023-05-01,KALIMANTAN TIMUR,"Chili (red, large)",56045.275
2023-05-01,KALIMANTAN UTARA,Chili (bird's eye),75468.75
2023-05-01,KALIMANTAN UTARA,"Chili (bird's eye, green)",81704.545
2023-05-01,KALIMANTAN UTARA,"Chili (bird's eye, red)",69232.9525
2023-05-01,KALIMANTAN UTARA,Chili (red),55874.9975
2023-05-01,KALIMANTAN UTARA,"Chili (red, curly)",57698.8625
2023-05-01,KALIMANTAN UTARA,"Chili (red, large)",54051.1375
2023-05-01,KEPULAUAN BANGKA BELITUNG,Chili (bird's eye),47096.59
2023-05-01,KEPULAUAN BANGKA BELITUNG,"Chili (bird's eye, green)",50113.6375
2023-05-01,KEPULAUAN BANGKA BELITUNG,"Chili (bird's eye, red)",43221.5925
2023-05-01,KEPULAUAN BANGKA BELITUNG,Chili (red),38119.8875
2023-05-01,KEPULAUAN BANGKA BELITUNG,"Chili (red, curly)",38119.8875
2023-05-01,KEPULAUAN RIAU,Chili (bird's eye),45272.508
2023-05-01,KEPULAUAN RIAU,"Chili (bird's eye, green)",45272.508
2023-05-01,KEPULAUAN RIAU,Chili (red),35431.815
2023-05-01,KEPULAUAN RIAU,"Chili (red, curly)",36020.344
2023-05-01,LAMPUNG,Chili (bird's eye),32053.572500000002
2023-05-01,LAMPUNG,"Chili (bird's eye, green)",30601.190000000002
2023-05-01,LAMPUNG,"Chili (bird's eye, red)",33505.955
2023-05-01,LAMPUNG,Chili (red),25865.08
2023-05-01,LAMPUNG,"Chili (red, curly)",27601.1925
2023-05-01,LAMPUNG,"Chili (red, large)",39746.03333333333
2023-05-01,MALUKU,Chili (bird's eye),59905.30333333334
2023-05-01,MALUKU,"Chili (bird's eye, green)",32556.82
2023-05-01,MALUKU,"Chili (bird's eye, red)",77613.6375
2023-05-01,MALUKU,Chili (red),72045.455
2023-05-01,MALUKU,"Chili (red, curly)",72642.0475
2023-05-01,MALUKU,"Chili (red, large)",50000.0
2023-05-01,MALUKU UTARA,Chili (bird's eye),57282.61
2023-05-01,MALUKU UTARA,"Chili (bird's eye, green)",46304.35
2023-05-01,MALUKU UTARA,"Chili (bird's eye, red)",68260.87
2023-05-01,MALUKU UTARA,Chili (red),61358.695
2023-05-01,MALUKU UTARA,"Chili (red, curly)",80000.0
2023-05-01,MALUKU UTARA,"Chili (red, large)",42717.39
2023-05-01,NUSA TENGGARA BARAT,Chili (bird's eye),30093.478000000003
2023-05-01,NUSA TENGGARA BARAT,"Chili (bird's eye, green)",19293.48
2023-05-01,NUSA TENGGARA BARAT,"Chili (bird's eye, red)",37317.39200000001
2023-05-01,NUSA TENGGARA BARAT,Chili (red),33711.955
2023-05-01,NUSA TENGGARA BARAT,"Chili (red, curly)",33295.652
2023-05-01,NUSA TENGGARA BARAT,"Chili (red, large)",30556.521999999997
2023-05-01,NUSA TENGGARA TIMUR,Chili (bird's eye),70539.77166666667
2023-05-01,NUSA TENGGARA TIMUR,"Chili (bird's eye, green)",60719.69666666666
2023-05-01,NUSA TENGGARA TIMUR,"Chili (bird's eye, red)",80359.84833333334
2023-05-01,NUSA TENGGARA TIMUR,Chili (red),53011.362499999996
2023-05-01,NUSA TENGGARA TIMUR,"Chili (red, curly)",55719.69666666666
2023-05-01,NUSA TENGGARA TIMUR,"Chili (red, large)",52102.27333333334
2023-05-01,PAPUA,Chili (bird's eye),81647.95999999999
2023-05-01,PAPUA,"Chili (bird's eye, green)",62633.92875
2023-05-01,PAPUA,"Chili (bird's eye, red)",103523.80875
2023-05-01,PAPUA,Chili (red),78998.01833333333
2023-05-01,PAPUA,"Chili (red, curly)",74955.35625
2023-05-01,PAPUA,"Chili (red, large)",88675.595
2023-05-01,PAPUA BARAT,Chili (bird's eye),58011.365
2023-05-01,PAPUA BARAT,"Chili (bird's eye, red)",58011.365
2023-05-01,PAPUA BARAT,Chili (red),75625.0
2023-05-01,PAPUA BARAT,"Chili (red, curly)",72102.27
2023-05-01,PAPUA BARAT,"Chili (red, large)",69610.39
2023-05-01,RIAU,Chili (bird's eye),31818.18
2023-05-01,RIAU,"Chili (bird's eye, green)",29528.4075
2023-05-01,RIAU,"Chili (bird's eye, red)",38005.6825
2023-05-01,RIAU,Chili (red),28254.2625
2023-05-01,RIAU,"Chili (red, curly)",31377.842500000002
2023-05-01,RIAU,"Chili (red, large)",21356.06
2023-05-01,SULAWESI BARAT,Chili (bird's eye),25364.127500000002
2023-05-01,SULAWESI BARAT,"Chili (bird's eye, green)",25188.403333333332
2023-05-01,SULAWESI BARAT,"Chili (bird's eye, red)",26554.345
2023-05-01,SULAWESI BARAT,Chili (red),30853.260000000002
2023-05-01,SULAWESI BARAT,"Chili (red, curly)",29347.8275
2023-05-01,SULAWESI BARAT,"Chili (red, large)",32864.1325
2023-05-01,SULAWESI SELATAN,Chili (bird's eye),26254.62125
2023-05-01,SULAWESI SELATAN,"Chili (bird's eye, green)",21848.37
2023-05-01,SULAWESI SELATAN,"Chili (bird's eye, red)",27632.609999999997
2023-05-01,SULAWESI SELATAN,Chili (red),30962.56111111111
2023-05-01,SULAWESI SELATAN,"Chili (red, curly)",31723.912
2023-05-01,SULAWESI SELATAN,"Chili (red, large)",29666.739
2023-05-01,SULAWESI TENGAH,Chili (bird's eye),39092.395000000004
2023-05-01,SULAWESI TENGAH,"Chili (bird's eye, green)",41130.435
2023-05-01,SULAWESI TENGAH,"Chili (bird's eye, red)",37054.350000000006
2023-05-01,SULAWESI TENGAH,Chili (red),43897.825
2023-05-01,SULAWESI TENGAH,"Chili (red, curly)",31880.435
2023-05-01,SULAWESI TENGAH,"Chili (red, large)",55902.175
2023-05-01,SULAWESI TENGGARA,Chili (bird's eye),29826.0875
2023-05-01,SULAWESI TENGGARA,"Chili (bird's eye, green)",29788.045
2023-05-01,SULAWESI TENGGARA,"Chili (bird's eye, red)",29864.13
2023-05-01,SULAWESI TENGGARA,Chili (red),47309.785
2023-05-01,SULAWESI TENGGARA,"Chili (red, curly)",46956.5225
2023-05-01,SULAWESI TENGGARA,"Chili (red, large)",48695.6525
2023-05-01,SULAWESI UTARA,Chili (bird's eye),32943.18
2023-05-01,SULAWESI UTARA,"Chili (bird's eye, green)",33757.57666666667
2023-05-01,SULAWESI UTARA,"Chili (bird's eye, red)",32128.789999999997
2023-05-01,SULAWESI UTARA,Chili (red),42299.246666666666
2023-05-01,SULAWESI UTARA,"Chili (red, curly)",44693.185
2023-05-01,SULAWESI UTARA,"Chili (red, large)",30000.0
2023-05-01,SUMATERA BARAT,Chili (bird's eye),36590.91
2023-05-01,SUMATERA BARAT,"Chili (bird's eye, green)",29369.32
2023-05-01,SUMATERA BARAT,Chili (red),26598.7575
2023-05-01,SUMATERA BARAT,"Chili (red, curly)",26598.7575
2023-05-01,SUMATERA SELATAN,Chili (bird's eye),32750.0
2023-05-01,SUMATERA SELATAN,"Chili (bird's eye, green)",39880.950000000004
2023-05-01,SUMATERA SELATAN,"Chili (bird's eye, red)",43909.52333333334
2023-05-01,SUMATERA SELATAN,Chili (red),41563.49333333334
2023-05-01,SUMATERA SELATAN,"Chili (red, curly)",40471.42666666667
2023-05-01,SUMATERA SELATAN,"Chili (red, large)",42655.55333333334
2023-05-01,SUMATERA UTARA,Chili (bird's eye),20559.79333333333
2023-05-01,SUMATERA UTARA,"Chili (bird's eye, green)",19775.97272727273
2023-05-01,SUMATERA UTARA,"Chili (bird's eye, red)",17335.2275
2023-05-01,SUMATERA UTARA,Chili (red),19948.321666666667
2023-05-01,SUMATERA UTARA,"Chili (red, curly)",19763.485384615386
2023-06-01,ACEH,Chili (bird's eye),32189.39333333333
2023-06-01,ACEH,"Chili (bird's eye, green)",31718.182
2023-06-01,ACEH,Chili (red),28678.03
2023-06-01,ACEH,"Chili (red, curly)",28318.182
2023-06-01,BALI,Chili (bird's eye),30977.2725
2023-06-01,BALI,"Chili (bird's eye, green)",30556.8175
2023-06-01,BALI,"Chili (bird's eye, red)",31397.725
2023-06-01,BALI,Chili (red),29451.7025
2023-06-01,BALI,"Chili (red, curly)",31613.63666666667
2023-06-01,BALI,"Chili (red, large)",28306.8175
2023-06-01,BANTEN,Chili (bird's eye),41825.75666666666
2023-06-01,BANTEN,"Chili (bird's eye, green)",40672.728
2023-06-01,BANTEN,"Chili (bird's eye, red)",42556.816666666666
2023-06-01,BANTEN,Chili (red),37193.183333333334
2023-06-01,BANTEN,"Chili (red, curly)",33098.486666666664
2023-06-01,BANTEN,"Chili (red, large)",40238.636666666665
2023-06-01,BENGKULU,Chili (bird's eye),29824.24
2023-06-01,BENGKULU,"Chili (bird's eye, green)",31511.364999999998
2023-06-01,BENGKULU,"Chili (bird's eye, red)",25785.795
2023-06-01,BENGKULU,Chili (red),25519.8875
2023-06-01,BENGKULU,"Chili (red, curly)",27767.045
2023-06-01,BENGKULU,"Chili (red, large)",23272.7275
2023-06-01,DAERAH ISTIMEWA YOGYAKARTA,"Chili (bird's eye, green)",38281.925
2023-06-01,DAERAH ISTIMEWA YOGYAKARTA,"Chili (bird's eye, red)",35242.965
2023-06-01,DAERAH ISTIMEWA YOGYAKARTA,Chili (red),31830.894999999997
2023-06-01,DAERAH ISTIMEWA YOGYAKARTA,"Chili (red, curly)",26224.025
2023-06-01,DAERAH ISTIMEWA YOGYAKARTA,"Chili (red, large)",37437.770000000004
2023-06-01,DKI JAKARTA,Chili (bird's eye),47537.880000000005
2023-06-01,DKI JAKARTA,"Chili (bird's eye, green)",44545.45333333333
2023-06-01,DKI JAKARTA,"Chili (bird's eye, red)",50530.30333333334
2023-06-01,DKI JAKARTA,Chili (red),45662.87666666667
2023-06-01,DKI JAKARTA,"Chili (red, curly)",43106.06333333333
2023-06-01,DKI JAKARTA,"Chili (red, large)",48219.69666666666
2023-06-01,GORONTALO,Chili (bird's eye),40269.840000000004
2023-06-01,GORONTALO,"Chili (bird's eye, red)",40269.840000000004
2023-06-01,GORONTALO,Chili (red),44345.240000000005
2023-06-01,GORONTALO,"Chili (red, curly)",44047.619999999995
2023-06-01,JAMBI,Chili (bird's eye),37702.205
2023-06-01,JAMBI,"Chili (bird's eye, green)",32941.175
2023-06-01,JAMBI,"Chili (bird's eye, red)",41154.4125
2023-06-01,JAMBI,Chili (red),26529.410000000003
2023-06-01,JAMBI,"Chili (red, curly)",25919.1175
2023-06-01,JAMBI,"Chili (red, large)",26095.5875
2023-06-01,JAWA BARAT,Chili (bird's eye),43609.40571428571
2023-06-01,JAWA BARAT,"Chili (bird's eye, green)",41235.196875
2023-06-01,JAWA BARAT,"Chili (bird's eye, red)",46418.379411764705
2023-06-01,JAWA BARAT,Chili (red),41244.06285714286
2023-06-01,JAWA BARAT,"Chili (red, curly)",36418.362222222226
2023-06-01,JAWA BARAT,"Chili (red, large)",46256.14888888889
2023-06-01,JAWA TENGAH,Chili (bird's eye),31919.675416666665
2023-06-01,JAWA TENGAH,"Chili (bird's eye, green)",28553.73625
2023-06-01,JAWA TENGAH,"Chili (bird's eye, red)",35285.614166666666
2023-06-01,JAWA TENGAH,Chili (red),28734.942499999997
2023-06-01,JAWA TENGAH,"Chili (red, curly)",26786.50458333333
2023-06-01,JAWA TENGAH,"Chili (red, large)",31275.59695652174
2023-06-01,JAWA TIMUR,Chili (bird's eye),29343.68125
2023-06-01,JAWA TIMUR,"Chili (bird's eye, green)",24688.192222222224
2023-06-01,JAWA TIMUR,"Chili (bird's eye, red)",34091.227058823526
2023-06-01,JAWA TIMUR,Chili (red),29568.97823529412
2023-06-01,JAWA TIMUR,"Chili (red, curly)",28614.717692307695
2023-06-01,JAWA TIMUR,"Chili (red, large)",30780.53210526316
2023-06-01,KALIMANTAN BARAT,Chili (bird's eye),69528.2725
2023-06-01,KALIMANTAN BARAT,"Chili (bird's eye, green)",61571.426250000004
2023-06-01,KALIMANTAN BARAT,"Chili (bird's eye, red)",77485.1175
2023-06-01,KALIMANTAN BARAT,Chili (red),58214.286
2023-06-01,KALIMANTAN BARAT,"Chili (red, curly)",64728.572
2023-06-01,KALIMANTAN BARAT,"Chili (red, large)",64366.0725
2023-06-01,KALIMANTAN SELATAN,Chili (bird's eye),39474.435
2023-06-01,KALIMANTAN SELATAN,"Chili (bird's eye, green)",29232.955
2023-06-01,KALIMANTAN SELATAN,"Chili (bird's eye, red)",49715.9075
2023-06-01,KALIMANTAN SELATAN,Chili (red),49633.5225
2023-06-01,KALIMANTAN SELATAN,"Chili (red, curly)",48642.0475
2023-06-01,KALIMANTAN SELATAN,"Chili (red, large)",50625.0025
2023-06-01,KALIMANTAN TENGAH,Chili (bird's eye),48825.76
2023-06-01,KALIMANTAN TENGAH,"Chili (bird's eye, green)",40037.87666666667
2023-06-01,KALIMANTAN TENGAH,"Chili (bird's eye, red)",57613.636666666665
2023-06-01,KALIMANTAN TENGAH,Chili (red),64772.72333333333
2023-06-01,KALIMANTAN TENGAH,"Chili (red, curly)",62121.21333333334
2023-06-01,KALIMANTAN TENGAH,"Chili (red, large)",67424.24333333333
2023-06-01,KALIMANTAN TIMUR,Chili (bird's eye),53268.926666666666
2023-06-01,KALIMANTAN TIMUR,"Chili (bird's eye, green)",62211.19166666667
2023-06-01,KALIMANTAN TIMUR,"Chili (bird's eye, red)",44326.66166666666
2023-06-01,KALIMANTAN TIMUR,Chili (red),53075.572
2023-06-01,KALIMANTAN TIMUR,"Chili (red, curly)",50977.53333333333
2023-06-01,KALIMANTAN TIMUR,"Chili (red, large)",54957.24333333334
2023-06-01,KALIMANTAN UTARA,Chili (bird's eye),73536.9325
2023-06-01,KALIMANTAN UTARA,"Chili (bird's eye, green)",80426.135
2023-06-01,KALIMANTAN UTARA,"Chili (bird's eye, red)",66647.725
2023-06-01,KALIMANTAN UTARA,Chili (red),60369.3175
2023-06-01,KALIMANTAN UTARA,"Chili (red, curly)",59914.7725
2023-06-01,KALIMANTAN UTARA,"Chili (red, large)",60823.865000000005
2023-06-01,KEPULAUAN BANGKA BELITUNG,Chili (bird's eye),52068.18333333334
2023-06-01,KEPULAUAN BANGKA BELITUNG,"Chili (bird's eye, green)",53522.7275
2023-06-01,KEPULAUAN BANGKA BELITUNG,"Chili (bird's eye, red)",52471.5925
2023-06-01,KEPULAUAN BANGKA BELITUNG,Chili (red),37801.134999999995
2023-06-01,KEPULAUAN BANGKA BELITUNG,"Chili (red, curly)",37801.134999999995
2023-06-01,KEPULAUAN RIAU,Chili (bird's eye),51497.494
2023-06-01,KEPULAUAN RIAU,"Chili (bird's eye, green)",51497.494
2023-06-01,KEPULAUAN RIAU,Chili (red),39053.636
2023-06-01,KEPULAUAN RIAU,"Chili (red, curly)",39053.636
2023-06-01,LAMPUNG,Chili (bird's eye),36654.9075
2023-06-01,LAMPUNG,"Chili (bird's eye, green)",36709.73
2023-06-01,LAMPUNG,"Chili (bird's eye, red)",38379.785
2023-06-01,LAMPUNG,Chili (red),27656.100000000002
2023-06-01,LAMPUNG,"Chili (red, curly)",28977.872499999998
2023-06-01,LAMPUNG,"Chili (red, large)",36946.97
2023-06-01,MALUKU,Chili (bird's eye),64027.78
2023-06-01,MALUKU,"Chili (bird's eye, green)",36488.095
2023-06-01,MALUKU,"Chili (bird's eye, red)",80238.095
2023-06-01,MALUKU,Chili (red),78869.0475
2023-06-01,MALUKU,"Chili (red, curly)",79404.7625
2023-06-01,MALUKU,"Chili (red, large)",56190.48
2023-06-01,MALUKU UTARA,Chili (bird's eye),45000.0
2023-06-01,MALUKU UTARA,"Chili (bird's eye, green)",45000.0
2023-06-01,MALUKU UTARA,"Chili (bird's eye, red)",70454.55
2023-06-01,MALUKU UTARA,Chili (red),65397.725
2023-06-01,MALUKU UTARA,"Chili (red, curly)",77500.0
2023-06-01,MALUKU UTARA,"Chili (red, large)",53295.45
2023-06-01,NUSA TENGGARA BARAT,Chili (bird's eye),31018.182
2023-06-01,NUSA TENGGARA BARAT,"Chili (bird's eye, green)",21255.6825
2023-06-01,NUSA TENGGARA BARAT,"Chili (bird's eye, red)",37531.818
2023-06-01,NUSA TENGGARA BARAT,Chili (red),33181.816666666666
2023-06-01,NUSA TENGGARA BARAT,"Chili (red, curly)",30640.908000000003
2023-06-01,NUSA TENGGARA BARAT,"Chili (red, large)",31445.453999999998
2023-06-01,NUSA TENGGARA TIMUR,Chili (bird's eye),66507.57666666668
2023-06-01,NUSA TENGGARA TIMUR,"Chili (bird's eye, green)",58325.75833333333
2023-06-01,NUSA TENGGARA TIMUR,"Chili (bird's eye, red)",74689.395
2023-06-01,NUSA TENGGARA TIMUR,Chili (red),57147.726
2023-06-01,NUSA TENGGARA TIMUR,"Chili (red, curly)",57784.09166666667
2023-06-01,NUSA TENGGARA TIMUR,"Chili (red, large)",55303.03166666667
2023-06-01,PAPUA,Chili (bird's eye),74383.11600000001
2023-06-01,PAPUA,"Chili (bird's eye, green)",62440.631428571425
2023-06-01,PAPUA,"Chili (bird's eye, red)",96286.79875
2023-06-01,PAPUA,Chili (red),86492.155
2023-06-01,PAPUA,"Chili (red, curly)",84436.82375
2023-06-01,PAPUA,"Chili (red, large)",94207.655
2023-06-01,PAPUA BARAT,Chili (bird's eye),80511.3625
2023-06-01,PAPUA BARAT,"Chili (bird's eye, red)",80511.3625
2023-06-01,PAPUA BARAT,Chili (red),83068.18
2023-06-01,PAPUA BARAT,"Chili (red, curly)",83806.82
2023-06-01,PAPUA BARAT,"Chili (red, large)",78863.63666666667
2023-06-01,RIAU,Chili (bird's eye),37350.378333333334
2023-06-01,RIAU,"Chili (bird's eye, green)",31168.832857142854
2023-06-01,RIAU,"Chili (bird's eye, red)",43590.91
2023-06-01,RIAU,Chili (red),31007.1025
2023-06-01,RIAU,"Chili (red, curly)",32894.88625
2023-06-01,RIAU,"Chili (red, large)",27628.788333333334
2023-06-01,SULAWESI BARAT,Chili (bird's eye),23750.0
2023-06-01,SULAWESI BARAT,"Chili (bird's eye, green)",22875.0025
2023-06-01,SULAWESI BARAT,"Chili (bird's eye, red)",24625.0
2023-06-01,SULAWESI BARAT,Chili (red),35893.939999999995
2023-06-01,SULAWESI BARAT,"Chili (red, curly)",33920.4525
2023-06-01,SULAWESI BARAT,"Chili (red, large)",36789.775
2023-06-01,SULAWESI SELATAN,Chili (bird's eye),24504.545555555556
2023-06-01,SULAWESI SELATAN,"Chili (bird's eye, green)",21030.6825
2023-06-01,SULAWESI SELATAN,"Chili (bird's eye, red)",25762.627777777776
2023-06-01,SULAWESI SELATAN,Chili (red),31447.4425
2023-06-01,SULAWESI SELATAN,"Chili (red, curly)",31752.271999999997
2023-06-01,SULAWESI SELATAN,"Chili (red, large)",30753.407
2023-06-01,SULAWESI TENGAH,Chili (bird's eye),41534.095
2023-06-01,SULAWESI TENGAH,"Chili (bird's eye, green)",42840.905
2023-06-01,SULAWESI TENGAH,"Chili (bird's eye, red)",40227.275
2023-06-01,SULAWESI TENGAH,Chili (red),46232.955
2023-06-01,SULAWESI TENGAH,"Chili (red, curly)",34784.09
2023-06-01,SULAWESI TENGAH,"Chili (red, large)",57663.635
2023-06-01,SULAWESI TENGGARA,Chili (bird's eye),31636.362500000003
2023-06-01,SULAWESI TENGGARA,"Chili (bird's eye, green)",31488.635000000002
2023-06-01,SULAWESI TENGGARA,"Chili (bird's eye, red)",31784.09
2023-06-01,SULAWESI TENGGARA,Chili (red),46420.45
2023-06-01,SULAWESI TENGGARA,"Chili (red, curly)",50454.5475
2023-06-01,SULAWESI TENGGARA,"Chili (red, large)",55767.045
2023-06-01,SULAWESI UTARA,Chili (bird's eye),37821.97
2023-06-01,SULAWESI UTARA,"Chili (bird's eye, green)",37522.72666666667
2023-06-01,SULAWESI UTARA,"Chili (bird's eye, red)",38121.21
2023-06-01,SULAWESI UTARA,Chili (red),47977.27333333334
2023-06-01,SULAWESI UTARA,"Chili (red, curly)",47977.27333333334
2023-06-01,SUMATERA BARAT,Chili (bird's eye),37840.91
2023-06-01,SUMATERA BARAT,"Chili (bird's eye, green)",33744.3175
2023-06-01,SUMATERA BARAT,Chili (red),32357.955
2023-06-01,SUMATERA BARAT,"Chili (red, curly)",32357.955
2023-06-01,SUMATERA SELATAN,Chili (bird's eye),45901.85333333333
2023-06-01,SUMATERA SELATAN,"Chili (bird's eye, green)",44129.630000000005
2023-06-01,SUMATERA SELATAN,"Chili (bird's eye, red)",47674.073333333334
2023-06-01,SUMATERA SELATAN,Chili (red),43115.74
2023-06-01,SUMATERA SELATAN,"Chili (red, curly)",42020.37
2023-06-01,SUMATERA SELATAN,"Chili (red, large)",44211.11000000001
2023-06-01,SUMATERA UTARA,Chili (bird's eye),25861.364
2023-06-01,SUMATERA UTARA,"Chili (bird's eye, green)",25075.535
2023-06-01,SUMATERA UTARA,"Chili (bird's eye, red)",23176.1375
2023-06-01,SUMATERA UTARA,Chili (red),25159.648333333334
2023-06-01,SUMATERA UTARA,"Chili (red, curly)",25252.263076923075
2023-07-01,ACEH,Chili (bird's eye),34321.865
2023-07-01,ACEH,"Chili (bird's eye, green)",33636.238
2023-07-01,ACEH,Chili (red),37156.62666666667
2023-07-01,BALI,Chili (bird's eye),29386.905
2023-07-01,BALI,"Chili (bird's eye, green)",30922.62
2023-07-01,BALI,"Chili (bird's eye, red)",27851.190000000002
2023-07-01,BALI,Chili (red),27714.2875
2023-07-01,BALI,"Chili (red, large)",25904.7625
2023-07-01,BANTEN,Chili (bird's eye),38055.555
2023-07-01,BANTEN,"Chili (bird's eye, green)",41147.62
2023-07-01,BANTEN,"Chili (bird's eye, red)",35067.46333333333
2023-07-01,BANTEN,Chili (red),38670.63333333333
2023-07-01,BANTEN,"Chili (red, large)",39924.60166666666
2023-07-01,BENGKULU,Chili (bird's eye),32922.223333333335
2023-07-01,BENGKULU,"Chili (bird's eye, green)",36154.759999999995
2023-07-01,BENGKULU,"Chili (bird's eye, red)",26732.1425
2023-07-01,BENGKULU,Chili (red),35663.6925
2023-07-01,BENGKULU,"Chili (red, large)",33726.192500000005
2023-07-01,DAERAH ISTIMEWA YOGYAKARTA,"Chili (bird's eye, green)",38869.05
2023-07-01,DAERAH ISTIMEWA YOGYAKARTA,"Chili (bird's eye, red)",26666.665
2023-07-01,DAERAH ISTIMEWA YOGYAKARTA,Chili (red),34595.24
2023-07-01,DAERAH ISTIMEWA YOGYAKARTA,"Chili (red, large)",41309.525
2023-07-01,DKI JAKARTA,Chili (bird's eye),45333.333333333336
2023-07-01,DKI JAKARTA,"Chili (bird's eye, green)",47250.0
2023-07-01,DKI JAKARTA,"Chili (bird's eye, red)",43416.666666666664
2023-07-01,DKI JAKARTA,Chili (red),46812.5
2023-07-01,DKI JAKARTA,"Chili (red, large)",50958.333333333336
2023-07-01,GORONTALO,Chili (bird's eye),42950.0
2023-07-01,GORONTALO,"Chili (bird's eye, red)",42950.0
2023-07-01,GORONTALO,Chili (red),47125.0
2023-07-01,JAMBI,Chili (bird's eye),37478.125
2023-07-01,JAMBI,"Chili (bird's eye, green)",37125.0
2023-07-01,JAMBI,"Chili (bird's eye, red)",37831.25
2023-07-01,JAMBI,Chili (red),33395.833333333336
2023-07-01,JAMBI,"Chili (red, large)",33358.333333333336
2023-07-01,JAWA BARAT,Chili (bird's eye),39240.851428571434
2023-07-01,JAWA BARAT,"Chili (bird's eye, green)",40947.900588235294
2023-07-01,JAWA BARAT,"Chili (bird's eye, red)",40119.522352941174
2023-07-01,JAWA BARAT,Chili (red),45342.235555555555
2023-07-01,JAWA BARAT,"Chili (red, large)",51004.90833333333
2023-07-01,JAWA TENGAH,Chili (bird's eye),27575.359565217394
2023-07-01,JAWA TENGAH,"Chili (bird's eye, green)",27772.84375
2023-07-01,JAWA TENGAH,"Chili (bird's eye, red)",27889.139166666664
2023-07-01,JAWA TENGAH,Chili (red),29339.432500000003
2023-07-01,JAWA TENGAH,"Chili (red, large)",32745.26125
2023-07-01,JAWA TIMUR,Chili (bird's eye),25241.050000000003
2023-07-01,JAWA TIMUR,"Chili (bird's eye, green)",23593.65411764706
2023-07-01,JAWA TIMUR,"Chili (bird's eye, red)",27525.485625
2023-07-01,JAWA TIMUR,Chili (red),27390.253125
2023-07-01,JAWA TIMUR,"Chili (red, large)",28705.48888888889
2023-07-01,KALIMANTAN BARAT,Chili (bird's eye),51183.59375
2023-07-01,KALIMANTAN BARAT,"Chili (bird's eye, green)",44222.65625
2023-07-01,KALIMANTAN BARAT,"Chili (bird's eye, red)",58144.53125
2023-07-01,KALIMANTAN BARAT,Chili (red),55015.625
2023-07-01,KALIMANTAN BARAT,"Chili (red, large)",53292.96875
2023-07-01,KALIMANTAN SELATAN,Chili (bird's eye),40150.595
2023-07-01,KALIMANTAN SELATAN,"Chili (bird's eye, green)",31285.4175
2023-07-01,KALIMANTAN SELATAN,"Chili (bird's eye, red)",49015.775
2023-07-01,KALIMANTAN SELATAN,Chili (red),49671.13
2023-07-01,KALIMANTAN SELATAN,"Chili (red, large)",50559.8225
2023-07-01,KALIMANTAN TENGAH,Chili (bird's eye),49312.5
2023-07-01,KALIMANTAN TENGAH,"Chili (bird's eye, green)",37916.666666666664
2023-07-01,KALIMANTAN TENGAH,"Chili (bird's eye, red)",58708.333333333336
2023-07-01,KALIMANTAN TENGAH,Chili (red),67416.66666666667
2023-07-01,KALIMANTAN TENGAH,"Chili (red, large)",69666.66666666667
2023-07-01,KALIMANTAN TIMUR,Chili (bird's eye),55532.71333333334
2023-07-01,KALIMANTAN TIMUR,"Chili (bird's eye, green)",65194.81
2023-07-01,KALIMANTAN TIMUR,"Chili (bird's eye, red)",45870.613333333335
2023-07-01,KALIMANTAN TIMUR,Chili (red),54035.08666666667
2023-07-01,KALIMANTAN TIMUR,"Chili (red, large)",53756.458333333336
2023-07-01,KALIMANTAN UTARA,Chili (bird's eye),67953.125
2023-07-01,KALIMANTAN UTARA,"Chili (bird's eye, green)",76468.75
2023-07-01,KALIMANTAN UTARA,"Chili (bird's eye, red)",59437.5
2023-07-01,KALIMANTAN UTARA,Chili (red),65784.375
2023-07-01,KALIMANTAN UTARA,"Chili (red, large)",63937.5
2023-07-01,KEPULAUAN BANGKA BELITUNG,Chili (bird's eye),52612.5
2023-07-01,KEPULAUAN BANGKA BELITUNG,"Chili (bird's eye, green)",52912.5
2023-07-01,KEPULAUAN BANGKA BELITUNG,"Chili (bird's eye, red)",50150.0
2023-07-01,KEPULAUAN BANGKA BELITUNG,Chili (red),44875.0
2023-07-01,KEPULAUAN RIAU,Chili (bird's eye),50095.0
2023-07-01,KEPULAUAN RIAU,"Chili (bird's eye, green)",50095.0
2023-07-01,KEPULAUAN RIAU,Chili (red),47340.0
2023-07-01,LAMPUNG,Chili (bird's eye),34171.875
2023-07-01,LAMPUNG,"Chili (bird's eye, green)",38984.12666666667
2023-07-01,LAMPUNG,"Chili (bird's eye, red)",30797.620000000003
2023-07-01,LAMPUNG,Chili (red),34829.6125
2023-07-01,LAMPUNG,"Chili (red, large)",40595.24
2023-07-01,MALUKU,Chili (bird's eye),81125.0
2023-07-01,MALUKU,"Chili (bird's eye, green)",41250.0
2023-07-01,MALUKU,"Chili (bird's eye, red)",86812.5
2023-07-01,MALUKU,Chili (red),88515.625
2023-07-01,MALUKU,"Chili (red, large)",56500.0
2023-07-01,MALUKU UTARA,Chili (bird's eye),60500.0
2023-07-01,MALUKU UTARA,"Chili (bird's eye, green)",52750.0
2023-07-01,MALUKU UTARA,"Chili (bird's eye, red)",68250.0
2023-07-01,MALUKU UTARA,Chili (red),69125.0
2023-07-01,MALUKU UTARA,"Chili (red, large)",61875.0
2023-07-01,NUSA TENGGARA BARAT,Chili (bird's eye),27894.762
2023-07-01,NUSA TENGGARA BARAT,"Chili (bird's eye, green)",20040.775
2023-07-01,NUSA TENGGARA BARAT,"Chili (bird's eye, red)",33137.858
2023-07-01,NUSA TENGGARA BARAT,Chili (red),30892.559999999998
2023-07-01,NUSA TENGGARA BARAT,"Chili (red, large)",30729.165
2023-07-01,NUSA TENGGARA TIMUR,Chili (bird's eye),67552.08333333333
2023-07-01,NUSA TENGGARA TIMUR,"Chili (bird's eye, green)",62416.666666666664
2023-07-01,NUSA TENGGARA TIMUR,"Chili (bird's eye, red)",72687.5
2023-07-01,NUSA TENGGARA TIMUR,Chili (red),51406.25
2023-07-01,NUSA TENGGARA TIMUR,"Chili (red, large)",52500.0
2023-07-01,PAPUA,Chili (bird's eye),84500.13666666667
2023-07-01,PAPUA,"Chili (bird's eye, green)",65813.23
2023-07-01,PAPUA,"Chili (bird's eye, red)",99607.45625
2023-07-01,PAPUA,Chili (red),77416.26
2023-07-01,PAPUA,"Chili (red, large)",84252.375
2023-07-01,PAPUA BARAT,Chili (bird's eye),85000.0
2023-07-01,PAPUA BARAT,"Chili (bird's eye, red)",85000.0
2023-07-01,PAPUA BARAT,Chili (red),75250.0
2023-07-01,PAPUA BARAT,"Chili (red, large)",74000.0
2023-07-01,RIAU,Chili (bird's eye),39035.416666666664
2023-07-01,RIAU,"Chili (bird's eye, green)",35500.65833333333
2023-07-01,RIAU,"Chili (bird's eye, red)",41181.25
2023-07-01,RIAU,Chili (red),40605.51
2023-07-01,RIAU,"Chili (red, large)",35150.0
2023-07-01,SULAWESI BARAT,Chili (bird's eye),26545.833333333332
2023-07-01,SULAWESI BARAT,"Chili (bird's eye, green)",25400.0
2023-07-01,SULAWESI BARAT,"Chili (bird's eye, red)",27691.666666666668
2023-07-01,SULAWESI BARAT,Chili (red),31762.5
2023-07-01,SULAWESI BARAT,"Chili (red, large)",29191.666666666668
2023-07-01,SULAWESI SELATAN,Chili (bird's eye),26766.071428571428
2023-07-01,SULAWESI SELATAN,"Chili (bird's eye, green)",19762.5
2023-07-01,SULAWESI SELATAN,"Chili (bird's eye, red)",27650.0
2023-07-01,SULAWESI SELATAN,Chili (red),25626.5625
2023-07-01,SULAWESI SELATAN,"Chili (red, large)",23759.375
2023-07-01,SULAWESI TENGAH,Chili (bird's eye),48856.25
2023-07-01,SULAWESI TENGAH,"Chili (bird's eye, green)",49575.0
2023-07-01,SULAWESI TENGAH,"Chili (bird's eye, red)",48137.5
2023-07-01,SULAWESI TENGAH,Chili (red),45490.0
2023-07-01,SULAWESI TENGAH,"Chili (red, large)",55361.25
2023-07-01,SULAWESI TENGGARA,Chili (bird's eye),42518.75
2023-07-01,SULAWESI TENGGARA,"Chili (bird's eye, green)",41968.75
2023-07-01,SULAWESI TENGGARA,"Chili (bird's eye, red)",43068.75
2023-07-01,SULAWESI TENGGARA,Chili (red),41430.833333333336
2023-07-01,SULAWESI TENGGARA,"Chili (red, large)",41051.25
2023-07-01,SULAWESI UTARA,Chili (bird's eye),37172.15
2023-07-01,SULAWESI UTARA,"Chili (bird's eye, green)",31419.296666666665
2023-07-01,SULAWESI UTARA,"Chili (bird's eye, red)",42925.0
2023-07-01,SULAWESI UTARA,Chili (red),44866.666666666664
2023-07-01,SUMATERA BARAT,Chili (bird's eye),37235.293333333335
2023-07-01,SUMATERA BARAT,"Chili (bird's eye, green)",36132.3525
2023-07-01,SUMATERA BARAT,Chili (red),39727.9425
2023-07-01,SUMATERA SELATAN,Chili (bird's eye),44612.5
2023-07-01,SUMATERA SELATAN,"Chili (bird's eye, green)",44783.333333333336
2023-07-01,SUMATERA SELATAN,"Chili (bird's eye, red)",44441.666666666664
2023-07-01,SUMATERA SELATAN,Chili (red),46125.0
2023-07-01,SUMATERA SELATAN,"Chili (red, large)",47125.0
2023-07-01,SUMATERA UTARA,Chili (bird's eye),30382.69230769231
2023-07-01,SUMATERA UTARA,"Chili (bird's eye, green)",29702.083333333332
2023-07-01,SUMATERA UTARA,"Chili (bird's eye, red)",25900.0
2023-07-01,SUMATERA UTARA,Chili (red),34530.0
2023-08-01,ACEH,Chili (bird's eye),39219.547999999995
2023-08-01,ACEH,"Chili (bird's eye, green)",38183.184
2023-08-01,ACEH,Chili (red),47537.878333333334
2023-08-01,BALI,Chili (bird's eye),34923.915
2023-08-01,BALI,"Chili (bird's eye, green)",33983.695
2023-08-01,BALI,"Chili (bird's eye, red)",36690.2175
2023-08-01,BALI,Chili (red),31916.666666666668
2023-08-01,BALI,"Chili (red, large)",29472.825
2023-08-01,BANTEN,Chili (bird's eye),40740.53
2023-08-01,BANTEN,"Chili (bird's eye, green)",35583.331666666665
2023-08-01,BANTEN,"Chili (bird's eye, red)",45897.72666666666
2023-08-01,BANTEN,Chili (red),41800.0
2023-08-01,BANTEN,"Chili (red, large)",40871.21166666667
2023-08-01,BENGKULU,Chili (bird's eye),31047.725
2023-08-01,BENGKULU,"Chili (bird's eye, green)",31857.955
2023-08-01,BENGKULU,"Chili (bird's eye, red)",28917.045
2023-08-01,BENGKULU,Chili (red),33812.5
2023-08-01,BENGKULU,"Chili (red, large)",31812.5
2023-08-01,DAERAH ISTIMEWA YOGYAKARTA,Chili (bird's eye),36056.16
2023-08-01,DAERAH ISTIMEWA YOGYAKARTA,"Chili (bird's eye, green)",34387.165
2023-08-01,DAERAH ISTIMEWA YOGYAKARTA,"Chili (bird's eye, red)",37725.155
2023-08-01,DAERAH ISTIMEWA YOGYAKARTA,Chili (red),35885.354999999996
2023-08-01,DAERAH ISTIMEWA YOGYAKARTA,"Chili (red, large)",36754.655
2023-08-01,DKI JAKARTA,Chili (bird's eye),47689.39333333333
2023-08-01,DKI JAKARTA,"Chili (bird's eye, green)",41363.636666666665
2023-08-01,DKI JAKARTA,"Chili (bird's eye, red)",54015.15
2023-08-01,DKI JAKARTA,Chili (red),45852.27
2023-08-01,DKI JAKARTA,"Chili (red, large)",50833.33666666667
2023-08-01,GORONTALO,Chili (bird's eye),41810.60666666667
2023-08-01,GORONTALO,"Chili (bird's eye, red)",41810.60666666667
2023-08-01,GORONTALO,Chili (red),40170.455
2023-08-01,JAMBI,Chili (bird's eye),39096.5925
2023-08-01,JAMBI,"Chili (bird's eye, green)",34840.90666666667
2023-08-01,JAMBI,"Chili (bird's eye, red)",44505.6825
2023-08-01,JAMBI,Chili (red),37147.7275
2023-08-01,JAMBI,"Chili (red, large)",37750.0
2023-08-01,JAWA BARAT,Chili (bird's eye),42797.154705882356
2023-08-01,JAWA BARAT,"Chili (bird's eye, green)",38296.80117647059
2023-08-01,JAWA BARAT,"Chili (bird's eye, red)",48020.18388888889
2023-08-01,JAWA BARAT,Chili (red),47615.94375
2023-08-01,JAWA BARAT,"Chili (red, large)",51291.69
2023-08-01,JAWA TENGAH,Chili (bird's eye),33083.27652173913
2023-08-01,JAWA TENGAH,"Chili (bird's eye, green)",28998.765833333335
2023-08-01,JAWA TENGAH,"Chili (bird's eye, red)",37539.32
2023-08-01,JAWA TENGAH,Chili (red),34778.00590909091
2023-08-01,JAWA TENGAH,"Chili (red, large)",35258.33434782609
2023-08-01,JAWA TIMUR,Chili (bird's eye),28911.684375
2023-08-01,JAWA TIMUR,"Chili (bird's eye, green)",22697.08235294118
2023-08-01,JAWA TIMUR,"Chili (bird's eye, red)",36604.90066666667
2023-08-01,JAWA TIMUR,Chili (red),30347.535333333337
2023-08-01,JAWA TIMUR,"Chili (red, large)",31622.800000000003
2023-08-01,KALIMANTAN BARAT,Chili (bird's eye),48237.75625
2023-08-01,KALIMANTAN BARAT,"Chili (bird's eye, green)",43007.16875
2023-08-01,KALIMANTAN BARAT,"Chili (bird's eye, red)",53468.34375
2023-08-01,KALIMANTAN BARAT,Chili (red),48823.594
2023-08-01,KALIMANTAN BARAT,"Chili (red, large)",45010.049999999996
2023-08-01,KALIMANTAN SELATAN,Chili (bird's eye),42465.9075
2023-08-01,KALIMANTAN SELATAN,"Chili (bird's eye, green)",32721.59
2023-08-01,KALIMANTAN SELATAN,"Chili (bird's eye, red)",52210.225
2023-08-01,KALIMANTAN SELATAN,Chili (red),43869.315
2023-08-01,KALIMANTAN SELATAN,"Chili (red, large)",42630.682499999995
2023-08-01,KALIMANTAN TENGAH,Chili (bird's eye),49943.185
2023-08-01,KALIMANTAN TENGAH,"Chili (bird's eye, green)",36174.24333333334
2023-08-01,KALIMANTAN TENGAH,"Chili (bird's eye, red)",65303.03
2023-08-01,KALIMANTAN TENGAH,Chili (red),63977.27
2023-08-01,KALIMANTAN TENGAH,"Chili (red, large)",65795.45333333332
2023-08-01,KALIMANTAN TIMUR,Chili (bird's eye),55067.80333333334
2023-08-01,KALIMANTAN TIMUR,"Chili (bird's eye, green)",60023.863333333335
2023-08-01,KALIMANTAN TIMUR,"Chili (bird's eye, red)",50111.74166666667
2023-08-01,KALIMANTAN TIMUR,Chili (red),45548.10666666667
2023-08-01,KALIMANTAN TIMUR,"Chili (red, large)",42170.454000000005
2023-08-01,KALIMANTAN UTARA,Chili (bird's eye),75937.5
2023-08-01,KALIMANTAN UTARA,"Chili (bird's eye, green)",81988.635
2023-08-01,KALIMANTAN UTARA,"Chili (bird's eye, red)",69886.365
2023-08-01,KALIMANTAN UTARA,Chili (red),58196.02
2023-08-01,KALIMANTAN UTARA,"Chili (red, large)",57528.41
2023-08-01,KEPULAUAN BANGKA BELITUNG,Chili (bird's eye),53095.24
2023-08-01,KEPULAUAN BANGKA BELITUNG,"Chili (bird's eye, green)",52064.935
2023-08-01,KEPULAUAN BANGKA BELITUNG,"Chili (bird's eye, red)",54103.8975
2023-08-01,KEPULAUAN BANGKA BELITUNG,Chili (red),45394.479999999996
2023-08-01,KEPULAUAN RIAU,Chili (bird's eye),45747.826
2023-08-01,KEPULAUAN RIAU,"Chili (bird's eye, green)",45747.826
2023-08-01,KEPULAUAN RIAU,Chili (red),51926.085999999996
2023-08-01,LAMPUNG,Chili (bird's eye),36735.795
2023-08-01,LAMPUNG,"Chili (bird's eye, green)",34096.5925
2023-08-01,LAMPUNG,"Chili (bird's eye, red)",39375.0
2023-08-01,LAMPUNG,Chili (red),34401.513333333336
2023-08-01,LAMPUNG,"Chili (red, large)",42583.333333333336
2023-08-01,MALUKU,Chili (bird's eye),75383.52249999999
2023-08-01,MALUKU,"Chili (bird's eye, green)",41250.0
2023-08-01,MALUKU,"Chili (bird's eye, red)",82017.0475
2023-08-01,MALUKU,Chili (red),68480.1125
2023-08-01,MALUKU,"Chili (red, large)",45454.55
2023-08-01,MALUKU UTARA,Chili (bird's eye),53977.27
2023-08-01,MALUKU UTARA,"Chili (bird's eye, green)",53977.27
2023-08-01,MALUKU UTARA,"Chili (bird's eye, red)",55227.27
2023-08-01,MALUKU UTARA,Chili (red),45681.815
2023-08-01,MALUKU UTARA,"Chili (red, large)",46818.18
2023-08-01,NUSA TENGGARA BARAT,Chili (bird's eye),30786.364
2023-08-01,NUSA TENGGARA BARAT,"Chili (bird's eye, green)",20335.225
2023-08-01,NUSA TENGGARA BARAT,"Chili (bird's eye, red)",38031.82
2023-08-01,NUSA TENGGARA BARAT,Chili (red),30677.273999999998
2023-08-01,NUSA TENGGARA BARAT,"Chili (red, large)",30698.8625
2023-08-01,NUSA TENGGARA TIMUR,Chili (bird's eye),67840.91
2023-08-01,NUSA TENGGARA TIMUR,"Chili (bird's eye, green)",59583.335
2023-08-01,NUSA TENGGARA TIMUR,"Chili (bird's eye, red)",76098.48666666666
2023-08-01,NUSA TENGGARA TIMUR,Chili (red),53465.907999999996
2023-08-01,NUSA TENGGARA TIMUR,"Chili (red, large)",51193.181666666664
2023-08-01,PAPUA,Chili (bird's eye),77260.66666666667
2023-08-01,PAPUA,"Chili (bird's eye, green)",61747.3075
2023-08-01,PAPUA,"Chili (bird's eye, red)",96227.0225
2023-08-01,PAPUA,Chili (red),69187.81571428572
2023-08-01,PAPUA,"Chili (red, large)",73311.575
2023-08-01,PAPUA BARAT,Chili (bird's eye),78011.365
2023-08-01,PAPUA BARAT,"Chili (bird's eye, red)",78011.365
2023-08-01,PAPUA BARAT,Chili (red),63948.865
2023-08-01,PAPUA BARAT,"Chili (red, large)",62424.243333333325
2023-08-01,RIAU,Chili (bird's eye),42456.26
2023-08-01,RIAU,"Chili (bird's eye, green)",39873.920000000006
2023-08-01,RIAU,"Chili (bird's eye, red)",48826.57
2023-08-01,RIAU,Chili (red),45379.2625
2023-08-01,RIAU,"Chili (red, large)",43190.83833333333
2023-08-01,SULAWESI BARAT,Chili (bird's eye),33871.21333333333
2023-08-01,SULAWESI BARAT,"Chili (bird's eye, green)",30893.940000000002
2023-08-01,SULAWESI BARAT,"Chili (bird's eye, red)",36848.48333333333
2023-08-01,SULAWESI BARAT,Chili (red),27806.82
2023-08-01,SULAWESI BARAT,"Chili (red, large)",24166.67
2023-08-01,SULAWESI SELATAN,Chili (bird's eye),33413.35125
2023-08-01,SULAWESI SELATAN,"Chili (bird's eye, green)",23488.635000000002
2023-08-01,SULAWESI SELATAN,"Chili (bird's eye, red)",34650.5675
2023-08-01,SULAWESI SELATAN,Chili (red),23240.0575
2023-08-01,SULAWESI SELATAN,"Chili (red, large)",19943.1825
2023-08-01,SULAWESI TENGAH,Chili (bird's eye),47843.75
2023-08-01,SULAWESI TENGAH,"Chili (bird's eye, green)",48687.5
2023-08-01,SULAWESI TENGAH,"Chili (bird's eye, red)",47000.0
2023-08-01,SULAWESI TENGAH,Chili (red),42046.25
2023-08-01,SULAWESI TENGAH,"Chili (red, large)",50213.75
2023-08-01,SULAWESI TENGGARA,Chili (bird's eye),54717.2625
2023-08-01,SULAWESI TENGGARA,"Chili (bird's eye, green)",54285.715
2023-08-01,SULAWESI TENGGARA,"Chili (bird's eye, red)",55148.81
2023-08-01,SULAWESI TENGGARA,Chili (red),34095.240000000005
2023-08-01,SULAWESI TENGGARA,"Chili (red, large)",33672.6175
2023-08-01,SULAWESI UTARA,Chili (bird's eye),35537.88
2023-08-01,SULAWESI UTARA,"Chili (bird's eye, green)",30265.153333333332
2023-08-01,SULAWESI UTARA,"Chili (bird's eye, red)",40810.60666666667
2023-08-01,SULAWESI UTARA,Chili (red),36856.06
2023-08-01,SUMATERA BARAT,Chili (bird's eye),43319.445
2023-08-01,SUMATERA BARAT,"Chili (bird's eye, green)",39104.165
2023-08-01,SUMATERA BARAT,Chili (red),46104.167499999996
2023-08-01,SUMATERA SELATAN,Chili (bird's eye),45799.24
2023-08-01,SUMATERA SELATAN,"Chili (bird's eye, green)",42446.97
2023-08-01,SUMATERA SELATAN,"Chili (bird's eye, red)",49146.97
2023-08-01,SUMATERA SELATAN,Chili (red),48477.27333333334
2023-08-01,SUMATERA SELATAN,"Chili (red, large)",49577.27333333334
2023-08-01,SUMATERA UTARA,Chili (bird's eye),36863.637500000004
2023-08-01,SUMATERA UTARA,"Chili (bird's eye, green)",36856.06166666667
2023-08-01,SUMATERA UTARA,"Chili (bird's eye, red)",33886.3675
2023-08-01,SUMATERA UTARA,Chili (red),42655.30333333334
2023-09-01,ACEH,Chili (bird's eye),44470.264
2023-09-01,ACEH,"Chili (bird's eye, green)",43429.474
2023-09-01,ACEH,Chili (red),47571.05333333334
2023-09-01,BALI,Chili (bird's eye),28044.6425
2023-09-01,BALI,"Chili (bird's eye, green)",30494.0475
2023-09-01,BALI,"Chili (bird's eye, red)",25595.2375
2023-09-01,BALI,Chili (red),32202.38
2023-09-01,BALI,"Chili (red, large)",32785.715
2023-09-01,BANTEN,Chili (bird's eye),37908.333333333336
2023-09-01,BANTEN,"Chili (bird's eye, green)",39370.0
2023-09-01,BANTEN,"Chili (bird's eye, red)",36433.333333333336
2023-09-01,BANTEN,Chili (red),39362.5
2023-09-01,BANTEN,"Chili (red, large)",39954.166666666664
2023-09-01,BENGKULU,Chili (bird's eye),27861.666666666668
2023-09-01,BENGKULU,"Chili (bird's eye, green)",28931.25
2023-09-01,BENGKULU,"Chili (bird's eye, red)",24923.75
2023-09-01,BENGKULU,Chili (red),35196.875
2023-09-01,BENGKULU,"Chili (red, large)",33225.0
2023-09-01,DAERAH ISTIMEWA YOGYAKARTA,"Chili (bird's eye, green)",33342.259999999995
2023-09-01,DAERAH ISTIMEWA YOGYAKARTA,"Chili (bird's eye, red)",29586.309999999998
2023-09-01,DAERAH ISTIMEWA YOGYAKARTA,Chili (red),37464.285
2023-09-01,DAERAH ISTIMEWA YOGYAKARTA,"Chili (red, large)",41973.215
2023-09-01,DKI JAKARTA,Chili (bird's eye),42816.666666666664
2023-09-01,DKI JAKARTA,"Chili (bird's eye, green)",41583.333333333336
2023-09-01,DKI JAKARTA,"Chili (bird's eye, red)",44050.0
2023-09-01,DKI JAKARTA,Chili (red),44500.0
2023-09-01,DKI JAKARTA,"Chili (red, large)",51625.0
2023-09-01,GORONTALO,Chili (bird's eye),34800.0
2023-09-01,GORONTALO,"Chili (bird's eye, red)",34800.0
2023-09-01,GORONTALO,Chili (red),36250.0
2023-09-01,JAMBI,Chili (bird's eye),37635.415
2023-09-01,JAMBI,"Chili (bird's eye, green)",36013.89
2023-09-01,JAMBI,"Chili (bird's eye, red)",39256.942500000005
2023-09-01,JAMBI,Chili (red),34611.1125
2023-09-01,JAMBI,"Chili (red, large)",34685.183333333334
2023-09-01,JAWA BARAT,Chili (bird's eye),38534.496
2023-09-01,JAWA BARAT,"Chili (bird's eye, green)",37832.03125
2023-09-01,JAWA BARAT,"Chili (bird's eye, red)",41130.04388888889
2023-09-01,JAWA BARAT,Chili (red),42794.79529411765
2023-09-01,JAWA BARAT,"Chili (red, large)",44058.99111111111
2023-09-01,JAWA TENGAH,Chili (bird's eye),27201.091249999998
2023-09-01,JAWA TENGAH,"Chili (bird's eye, green)",26089.6825
2023-09-01,JAWA TENGAH,"Chili (bird's eye, red)",28124.895652173913
2023-09-01,JAWA TENGAH,Chili (red),31675.281578947368
2023-09-01,JAWA TENGAH,"Chili (red, large)",33536.79681818182
2023-09-01,JAWA TIMUR,Chili (bird's eye),22610.958666666666
2023-09-01,JAWA TIMUR,"Chili (bird's eye, green)",20416.69941176471
2023-09-01,JAWA TIMUR,"Chili (bird's eye, red)",25287.448666666667
2023-09-01,JAWA TIMUR,Chili (red),27609.24588235294
2023-09-01,JAWA TIMUR,"Chili (red, large)",28395.063333333335
2023-09-01,KALIMANTAN BARAT,Chili (bird's eye),46311.595
2023-09-01,KALIMANTAN BARAT,"Chili (bird's eye, green)",41404.44125
2023-09-01,KALIMANTAN BARAT,"Chili (bird's eye, red)",51218.75
2023-09-01,KALIMANTAN BARAT,Chili (red),56010.7725
2023-09-01,KALIMANTAN BARAT,"Chili (red, large)",56015.79
2023-09-01,KALIMANTAN SELATAN,Chili (bird's eye),35321.875
2023-09-01,KALIMANTAN SELATAN,"Chili (bird's eye, green)",28862.5
2023-09-01,KALIMANTAN SELATAN,"Chili (bird's eye, red)",41781.25
2023-09-01,KALIMANTAN SELATAN,Chili (red),42734.375
2023-09-01,KALIMANTAN SELATAN,"Chili (red, large)",42312.5
2023-09-01,KALIMANTAN TENGAH,"Chili (bird's eye, green)",35791.666666666664
2023-09-01,KALIMANTAN TENGAH,"Chili (bird's eye, red)",58708.333333333336
2023-09-01,KALIMANTAN TENGAH,Chili (red),64312.5
2023-09-01,KALIMANTAN TENGAH,"Chili (red, large)",66125.0
2023-09-01,KALIMANTAN TIMUR,Chili (bird's eye),44408.333333333336
2023-09-01,KALIMANTAN TIMUR,"Chili (bird's eye, green)",56654.166666666664
2023-09-01,KALIMANTAN TIMUR,"Chili (bird's eye, red)",32162.5
2023-09-01,KALIMANTAN TIMUR,Chili (red),43500.0
2023-09-01,KALIMANTAN TIMUR,"Chili (red, large)",43320.0
2023-09-01,KALIMANTAN UTARA,Chili (bird's eye),63640.625
2023-09-01,KALIMANTAN UTARA,"Chili (bird's eye, green)",79375.0
2023-09-01,KALIMANTAN UTARA,"Chili (bird's eye, red)",53062.5
2023-09-01,KALIMANTAN UTARA,Chili (red),55515.625
2023-09-01,KALIMANTAN UTARA,"Chili (red, large)",57343.75
2023-09-01,KEPULAUAN BANGKA BELITUNG,Chili (bird's eye),48937.5
2023-09-01,KEPULAUAN BANGKA BELITUNG,"Chili (bird's eye, green)",50312.5
2023-09-01,KEPULAUAN BANGKA BELITUNG,"Chili (bird's eye, red)",50350.0
2023-09-01,KEPULAUAN BANGKA BELITUNG,Chili (red),47881.25
2023-09-01,KEPULAUAN RIAU,Chili (bird's eye),48314.286
2023-09-01,KEPULAUAN RIAU,"Chili (bird's eye, green)",48314.286
2023-09-01,KEPULAUAN RIAU,Chili (red),49404.76
2023-09-01,LAMPUNG,Chili (bird's eye),31303.125
2023-09-01,LAMPUNG,"Chili (bird's eye, green)",32831.25
2023-09-01,LAMPUNG,"Chili (bird's eye, red)",29775.0
2023-09-01,LAMPUNG,Chili (red),34887.5
2023-09-01,LAMPUNG,"Chili (red, large)",39741.666666666664
2023-09-01,MALUKU,Chili (bird's eye),63732.45333333333
2023-09-01,MALUKU,"Chili (bird's eye, green)",41460.525
2023-09-01,MALUKU,"Chili (bird's eye, red)",76842.1075
2023-09-01,MALUKU,Chili (red),66628.2875
2023-09-01,MALUKU,"Chili (red, large)",49210.53
2023-09-01,MALUKU UTARA,Chili (bird's eye),49013.16
2023-09-01,MALUKU UTARA,"Chili (bird's eye, green)",48026.32
2023-09-01,MALUKU UTARA,"Chili (bird's eye, red)",50000.0
2023-09-01,MALUKU UTARA,Chili (red),44868.42
2023-09-01,MALUKU UTARA,"Chili (red, large)",44736.84
2023-09-01,NUSA TENGGARA BARAT,Chili (bird's eye),21495.0
2023-09-01,NUSA TENGGARA BARAT,"Chili (bird's eye, green)",16943.75
2023-09-01,NUSA TENGGARA BARAT,"Chili (bird's eye, red)",24110.0
2023-09-01,NUSA TENGGARA BARAT,Chili (red),31121.875
2023-09-01,NUSA TENGGARA BARAT,"Chili (red, large)",28555.0
2023-09-01,NUSA TENGGARA TIMUR,Chili (bird's eye),59007.93666666667
2023-09-01,NUSA TENGGARA TIMUR,"Chili (bird's eye, green)",51309.52333333334
2023-09-01,NUSA TENGGARA TIMUR,"Chili (bird's eye, red)",66706.34999999999
2023-09-01,NUSA TENGGARA TIMUR,Chili (red),43611.906
2023-09-01,NUSA TENGGARA TIMUR,"Chili (red, large)",45079.365
2023-09-01,PAPUA,Chili (bird's eye),57437.5
2023-09-01,PAPUA,"Chili (bird's eye, green)",49415.625
2023-09-01,PAPUA,"Chili (bird's eye, red)",68906.25
2023-09-01,PAPUA,Chili (red),58491.07142857143
2023-09-01,PAPUA,"Chili (red, large)",60515.625
2023-09-01,PAPUA BARAT,Chili (bird's eye),64125.0
2023-09-01,PAPUA BARAT,"Chili (bird's eye, red)",64125.0
2023-09-01,PAPUA BARAT,Chili (red),54625.0
2023-09-01,PAPUA BARAT,"Chili (red, large)",52596.15333333333
2023-09-01,RIAU,Chili (bird's eye),42046.42857142857
2023-09-01,RIAU,"Chili (bird's eye, green)",42537.5
2023-09-01,RIAU,"Chili (bird's eye, red)",41256.25
2023-09-01,RIAU,Chili (red),45625.0
2023-09-01,RIAU,"Chili (red, large)",42233.333333333336
2023-09-01,SULAWESI BARAT,Chili (bird's eye),27144.736666666668
2023-09-01,SULAWESI BARAT,"Chili (bird's eye, green)",24254.38666666667
2023-09-01,SULAWESI BARAT,"Chili (bird's eye, red)",30035.09
2023-09-01,SULAWESI BARAT,Chili (red),27802.63
2023-09-01,SULAWESI BARAT,"Chili (red, large)",29877.190000000002
2023-09-01,SULAWESI SELATAN,Chili (bird's eye),19156.743333333332
2023-09-01,SULAWESI SELATAN,"Chili (bird's eye, green)",17023.81
2023-09-01,SULAWESI SELATAN,"Chili (bird's eye, red)",20910.71375
2023-09-01,SULAWESI SELATAN,Chili (red),24251.4875
2023-09-01,SULAWESI SELATAN,"Chili (red, large)",23747.02375
2023-09-01,SULAWESI TENGAH,Chili (bird's eye),46568.75
2023-09-01,SULAWESI TENGAH,"Chili (bird's eye, green)",53187.5
2023-09-01,SULAWESI TENGAH,"Chili (bird's eye, red)",39950.0
2023-09-01,SULAWESI TENGAH,Chili (red),42576.25
2023-09-01,SULAWESI TENGAH,"Chili (red, large)",53192.5
2023-09-01,SULAWESI TENGGARA,Chili (bird's eye),43206.25
2023-09-01,SULAWESI TENGGARA,"Chili (bird's eye, green)",42287.5
2023-09-01,SULAWESI TENGGARA,"Chili (bird's eye, red)",44125.0
2023-09-01,SULAWESI TENGGARA,Chili (red),36250.0
2023-09-01,SULAWESI TENGGARA,"Chili (red, large)",37000.0
2023-09-01,SULAWESI UTARA,Chili (bird's eye),46175.0
2023-09-01,SULAWESI UTARA,"Chili (bird's eye, green)",58716.666666666664
2023-09-01,SULAWESI UTARA,"Chili (bird's eye, red)",33633.333333333336
2023-09-01,SULAWESI UTARA,Chili (red),36700.0
2023-09-01,SUMATERA BARAT,Chili (bird's eye),47734.375
2023-09-01,SUMATERA BARAT,"Chili (bird's eye, green)",43125.0
2023-09-01,SUMATERA BARAT,Chili (red),45046.875
2023-09-01,SUMATERA SELATAN,Chili (bird's eye),42054.166666666664
2023-09-01,SUMATERA SELATAN,"Chili (bird's eye, green)",38683.333333333336
2023-09-01,SUMATERA SELATAN,"Chili (bird's eye, red)",45425.0
2023-09-01,SUMATERA SELATAN,Chili (red),47770.833333333336
2023-09-01,SUMATERA SELATAN,"Chili (red, large)",48941.666666666664
2023-09-01,SUMATERA UTARA,Chili (bird's eye),39795.454545454544
2023-09-01,SUMATERA UTARA,"Chili (bird's eye, green)",39944.230769230766
2023-09-01,SUMATERA UTARA,"Chili (bird's eye, red)",36512.5
2023-09-01,SUMATERA UTARA,Chili (red),44110.416666666664
2023-10-01,ACEH,Chili (bird's eye),42400.791666666664
2023-10-01,ACEH,"Chili (bird's eye, green)",41357.14
2023-10-01,ACEH,Chili (red),39031.82
2023-10-01,BALI,Chili (bird's eye),38845.240000000005
2023-10-01,BALI,"Chili (bird's eye, green)",32333.332499999997
2023-10-01,BALI,"Chili (bird's eye, red)",47250.0
2023-10-01,BALI,Chili (red),33872.1575
2023-10-01,BALI,"Chili (red, large)",33571.4275
2023-10-01,BANTEN,Chili (bird's eye),53476.19
2023-10-01,BANTEN,"Chili (bird's eye, green)",47071.43
2023-10-01,BANTEN,"Chili (bird's eye, red)",59265.87333333333
2023-10-01,BANTEN,Chili (red),47825.756666666675
2023-10-01,BANTEN,"Chili (red, large)",43511.903333333335
2023-10-01,BENGKULU,Chili (bird's eye),33968.880000000005
2023-10-01,BENGKULU,"Chili (bird's eye, green)",33818.75
2023-10-01,BENGKULU,"Chili (bird's eye, red)",32294.375
2023-10-01,BENGKULU,Chili (red),39268.585
2023-10-01,BENGKULU,"Chili (red, large)",37043.75
2023-10-01,DAERAH ISTIMEWA YOGYAKARTA,Chili (bird's eye),45226.19
2023-10-01,DAERAH ISTIMEWA YOGYAKARTA,"Chili (bird's eye, green)",41380.955
2023-10-01,DAERAH ISTIMEWA YOGYAKARTA,"Chili (bird's eye, red)",48785.715
2023-10-01,DAERAH ISTIMEWA YOGYAKARTA,Chili (red),43315.475000000006
2023-10-01,DAERAH ISTIMEWA YOGYAKARTA,"Chili (red, large)",46785.715
2023-10-01,DKI JAKARTA,Chili (bird's eye),56944.44333333333
2023-10-01,DKI JAKARTA,"Chili (bird's eye, green)",49841.27
2023-10-01,DKI JAKARTA,"Chili (bird's eye, red)",64047.61666666667
2023-10-01,DKI JAKARTA,Chili (red),53988.09666666667
2023-10-01,DKI JAKARTA,"Chili (red, large)",56190.47666666666
2023-10-01,GORONTALO,Chili (bird's eye),67992.06333333334
2023-10-01,GORONTALO,"Chili (bird's eye, red)",67992.06333333334
2023-10-01,GORONTALO,Chili (red),49523.81
2023-10-01,JAMBI,Chili (bird's eye),48836.307499999995
2023-10-01,JAMBI,"Chili (bird's eye, green)",40892.86
2023-10-01,JAMBI,"Chili (bird's eye, red)",55678.57
2023-10-01,JAMBI,Chili (red),36527.78
2023-10-01,JAMBI,"Chili (red, large)",37208.335
2023-10-01,JAWA BARAT,Chili (bird's eye),51231.151333333335
2023-10-01,JAWA BARAT,"Chili (bird's eye, green)",45675.77
2023-10-01,JAWA BARAT,"Chili (bird's eye, red)",58171.91882352941
2023-10-01,JAWA BARAT,Chili (red),48823.659999999996
2023-10-01,JAWA BARAT,"Chili (red, large)",48068.45277777778
2023-10-01,JAWA TENGAH,Chili (bird's eye),43918.83045454545
2023-10-01,JAWA TENGAH,"Chili (bird's eye, green)",37289.6825
2023-10-01,JAWA TENGAH,"Chili (bird's eye, red)",50774.32652173913
2023-10-01,JAWA TENGAH,Chili (red),38941.883181818186
2023-10-01,JAWA TENGAH,"Chili (red, large)",39044.51304347826
2023-10-01,JAWA TIMUR,Chili (bird's eye),38205.356875
2023-10-01,JAWA TIMUR,"Chili (bird's eye, green)",30845.938235294114
2023-10-01,JAWA TIMUR,"Chili (bird's eye, red)",48425.66222222222
2023-10-01,JAWA TIMUR,Chili (red),30757.002352941174
2023-10-01,JAWA TIMUR,"Chili (red, large)",30793.651666666665
2023-10-01,KALIMANTAN BARAT,Chili (bird's eye),64180.06
2023-10-01,KALIMANTAN BARAT,"Chili (bird's eye, green)",57922.619999999995
2023-10-01,KALIMANTAN BARAT,"Chili (bird's eye, red)",70437.50125
2023-10-01,KALIMANTAN BARAT,Chili (red),55083.333999999995
2023-10-01,KALIMANTAN BARAT,"Chili (red, large)",51699.40625
2023-10-01,KALIMANTAN SELATAN,Chili (bird's eye),44288.69
2023-10-01,KALIMANTAN SELATAN,"Chili (bird's eye, green)",35214.284999999996
2023-10-01,KALIMANTAN SELATAN,"Chili (bird's eye, red)",53363.095
2023-10-01,KALIMANTAN SELATAN,Chili (red),48324.4025
2023-10-01,KALIMANTAN SELATAN,"Chili (red, large)",45565.479999999996
2023-10-01,KALIMANTAN TENGAH,Chili (bird's eye),63779.759999999995
2023-10-01,KALIMANTAN TENGAH,"Chili (bird's eye, green)",47222.22333333333
2023-10-01,KALIMANTAN TENGAH,"Chili (bird's eye, red)",83730.15999999999
2023-10-01,KALIMANTAN TENGAH,Chili (red),68988.09333333334
2023-10-01,KALIMANTAN TENGAH,"Chili (red, large)",68928.57
2023-10-01,KALIMANTAN TIMUR,Chili (bird's eye),55089.80666666667
2023-10-01,KALIMANTAN TIMUR,"Chili (bird's eye, green)",61584.325000000004
2023-10-01,KALIMANTAN TIMUR,"Chili (bird's eye, red)",49034.325000000004
2023-10-01,KALIMANTAN TIMUR,Chili (red),47867.325
2023-10-01,KALIMANTAN TIMUR,"Chili (red, large)",46929.762
2023-10-01,KALIMANTAN UTARA,Chili (bird's eye),72837.30333333333
2023-10-01,KALIMANTAN UTARA,"Chili (bird's eye, green)",85555.55666666666
2023-10-01,KALIMANTAN UTARA,"Chili (bird's eye, red)",63898.8125
2023-10-01,KALIMANTAN UTARA,Chili (red),58363.095
2023-10-01,KALIMANTAN UTARA,"Chili (red, large)",58005.9525
2023-10-01,KEPULAUAN BANGKA BELITUNG,Chili (bird's eye),62116.072499999995
2023-10-01,KEPULAUAN BANGKA BELITUNG,"Chili (bird's eye, green)",52845.2375
2023-10-01,KEPULAUAN BANGKA BELITUNG,"Chili (bird's eye, red)",68595.23666666666
2023-10-01,KEPULAUAN BANGKA BELITUNG,Chili (red),52303.572499999995
2023-10-01,KEPULAUAN RIAU,Chili (bird's eye),53876.052
2023-10-01,KEPULAUAN RIAU,"Chili (bird's eye, green)",53876.052
2023-10-01,KEPULAUAN RIAU,Chili (red),53980.0
2023-10-01,LAMPUNG,Chili (bird's eye),47026.785
2023-10-01,LAMPUNG,"Chili (bird's eye, green)",46214.28666666666
2023-10-01,LAMPUNG,"Chili (bird's eye, red)",50642.8575
2023-10-01,LAMPUNG,Chili (red),43119.0475
2023-10-01,LAMPUNG,"Chili (red, large)",46666.670000000006
2023-10-01,MALUKU,Chili (bird's eye),89116.07250000001
2023-10-01,MALUKU,"Chili (bird's eye, green)",42892.854999999996
2023-10-01,MALUKU,"Chili (bird's eye, red)",94285.715
2023-10-01,MALUKU,Chili (red),76041.66500000001
2023-10-01,MALUKU,"Chili (red, large)",45000.0
2023-10-01,MALUKU UTARA,Chili (bird's eye),68836.31
2023-10-01,MALUKU UTARA,"Chili (bird's eye, green)",73625.0
2023-10-01,MALUKU UTARA,"Chili (bird's eye, red)",64047.62
2023-10-01,MALUKU UTARA,Chili (red),49755.95
2023-10-01,MALUKU UTARA,"Chili (red, large)",54750.0
2023-10-01,NUSA TENGGARA BARAT,Chili (bird's eye),34094.288
2023-10-01,NUSA TENGGARA BARAT,"Chili (bird's eye, green)",24230.6525
2023-10-01,NUSA TENGGARA BARAT,"Chili (bird's eye, red)",40661.191999999995
2023-10-01,NUSA TENGGARA BARAT,Chili (red),37408.73
2023-10-01,NUSA TENGGARA BARAT,"Chili (red, large)",30909.522000000004
2023-10-01,NUSA TENGGARA TIMUR,Chili (bird's eye),59275.795000000006
2023-10-01,NUSA TENGGARA TIMUR,"Chili (bird's eye, green)",49999.99833333333
2023-10-01,NUSA TENGGARA TIMUR,"Chili (bird's eye, red)",68551.58833333333
2023-10-01,NUSA TENGGARA TIMUR,Chili (red),45339.28333333333
2023-10-01,NUSA TENGGARA TIMUR,"Chili (red, large)",44904.763333333336
2023-10-01,PAPUA,Chili (bird's eye),59507.93666666667
2023-10-01,PAPUA,"Chili (bird's eye, green)",47261.905
2023-10-01,PAPUA,"Chili (bird's eye, red)",70497.02375
2023-10-01,PAPUA,Chili (red),50801.02142857143
2023-10-01,PAPUA,"Chili (red, large)",54375.00125
2023-10-01,PAPUA BARAT,Chili (bird's eye),81011.9075
2023-10-01,PAPUA BARAT,"Chili (bird's eye, red)",81011.9075
2023-10-01,PAPUA BARAT,Chili (red),46279.759999999995
2023-10-01,PAPUA BARAT,"Chili (red, large)",47380.950000000004
2023-10-01,RIAU,Chili (bird's eye),47017.85833333334
2023-10-01,RIAU,"Chili (bird's eye, green)",42781.746666666666
2023-10-01,RIAU,"Chili (bird's eye, red)",59505.9525
2023-10-01,RIAU,Chili (red),44944.94
2023-10-01,RIAU,"Chili (red, large)",40170.635
2023-10-01,SULAWESI BARAT,Chili (bird's eye),39480.16
2023-10-01,SULAWESI BARAT,"Chili (bird's eye, green)",36896.823333333334
2023-10-01,SULAWESI BARAT,"Chili (bird's eye, red)",42063.49333333334
2023-10-01,SULAWESI BARAT,Chili (red),35674.60333333333
2023-10-01,SULAWESI BARAT,"Chili (red, large)",32896.82666666667
2023-10-01,SULAWESI SELATAN,Chili (bird's eye),32737.5
2023-10-01,SULAWESI SELATAN,"Chili (bird's eye, green)",25666.665
2023-10-01,SULAWESI SELATAN,"Chili (bird's eye, red)",36973.213749999995
2023-10-01,SULAWESI SELATAN,Chili (red),29528.125
2023-10-01,SULAWESI SELATAN,"Chili (red, large)",27339.28625
2023-10-01,SULAWESI TENGAH,Chili (bird's eye),73750.0
2023-10-01,SULAWESI TENGAH,"Chili (bird's eye, green)",78452.385
2023-10-01,SULAWESI TENGAH,"Chili (bird's eye, red)",69226.19
2023-10-01,SULAWESI TENGAH,Chili (red),49137.5
2023-10-01,SULAWESI TENGAH,"Chili (red, large)",52750.0
2023-10-01,SULAWESI TENGGARA,Chili (bird's eye),65041.6675
2023-10-01,SULAWESI TENGGARA,"Chili (bird's eye, green)",63452.3825
2023-10-01,SULAWESI TENGGARA,"Chili (bird's eye, red)",66630.9525
2023-10-01,SULAWESI TENGGARA,Chili (red),34226.193333333336
2023-10-01,SULAWESI TENGGARA,"Chili (red, large)",31011.9075
2023-10-01,SULAWESI UTARA,Chili (bird's eye),75007.93666666666
2023-10-01,SULAWESI UTARA,"Chili (bird's eye, green)",76428.56999999999
2023-10-01,SULAWESI UTARA,"Chili (bird's eye, red)",71158.73
2023-10-01,SULAWESI UTARA,Chili (red),52182.54
2023-10-01,SUMATERA BARAT,Chili (bird's eye),43715.2775
2023-10-01,SUMATERA BARAT,"Chili (bird's eye, green)",44100.0
2023-10-01,SUMATERA BARAT,Chili (red),46575.29
2023-10-01,SUMATERA SELATAN,Chili (bird's eye),49043.65333333333
2023-10-01,SUMATERA SELATAN,"Chili (bird's eye, green)",43690.47666666666
2023-10-01,SUMATERA SELATAN,"Chili (bird's eye, red)",54396.82666666666
2023-10-01,SUMATERA SELATAN,Chili (red),52349.20333333333
2023-10-01,SUMATERA SELATAN,"Chili (red, large)",53457.13999999999
2023-10-01,SUMATERA UTARA,Chili (bird's eye),42724.206666666665
2023-10-01,SUMATERA UTARA,"Chili (bird's eye, green)",42619.04833333333
2023-10-01,SUMATERA UTARA,"Chili (bird's eye, red)",42351.1925
2023-10-01,SUMATERA UTARA,Chili (red),38266.233636363635
2023-11-01,ACEH,Chili (bird's eye),62375.0
2023-11-01,ACEH,"Chili (bird's eye, green)",61631.81799999999
2023-11-01,ACEH,Chili (red),58859.092000000004
2023-11-01,BALI,Chili (bird's eye),57903.4075
2023-11-01,BALI,"Chili (bird's eye, green)",43369.3175
2023-11-01,BALI,"Chili (bird's eye, red)",72437.5
2023-11-01,BALI,Chili (red),53704.54666666667
2023-11-01,BALI,"Chili (red, large)",52823.865
2023-11-01,BANTEN,Chili (bird's eye),77484.84833333333
2023-11-01,BANTEN,"Chili (bird's eye, green)",61482.9525
2023-11-01,BANTEN,"Chili (bird's eye, red)",93727.27333333333
2023-11-01,BANTEN,Chili (red),74846.595
2023-11-01,BANTEN,"Chili (red, large)",67746.21166666667
2023-11-01,BENGKULU,Chili (bird's eye),58013.75
2023-11-01,BENGKULU,"Chili (bird's eye, green)",63918.75
2023-11-01,BENGKULU,"Chili (bird's eye, red)",55750.0
2023-11-01,BENGKULU,Chili (red),70903.125
2023-11-01,BENGKULU,"Chili (red, large)",68200.0
2023-11-01,DAERAH ISTIMEWA YOGYAKARTA,Chili (bird's eye),69994.32
2023-11-01,DAERAH ISTIMEWA YOGYAKARTA,"Chili (bird's eye, green)",62556.82
2023-11-01,DAERAH ISTIMEWA YOGYAKARTA,"Chili (bird's eye, red)",77431.82
2023-11-01,DAERAH ISTIMEWA YOGYAKARTA,Chili (red),60255.68
2023-11-01,DAERAH ISTIMEWA YOGYAKARTA,"Chili (red, large)",57102.27
2023-11-01,DKI JAKARTA,Chili (bird's eye),84810.60666666667
2023-11-01,DKI JAKARTA,"Chili (bird's eye, green)",68295.45333333334
2023-11-01,DKI JAKARTA,"Chili (bird's eye, red)",101325.75666666667
2023-11-01,DKI JAKARTA,Chili (red),73721.595
2023-11-01,DKI JAKARTA,"Chili (red, large)",74848.48333333334
2023-11-01,GORONTALO,Chili (bird's eye),83295.45333333332
2023-11-01,GORONTALO,"Chili (bird's eye, red)",83295.45333333332
2023-11-01,GORONTALO,Chili (red),63030.30333333334
2023-11-01,JAMBI,Chili (bird's eye),73833.33499999999
2023-11-01,JAMBI,"Chili (bird's eye, green)",58083.335
2023-11-01,JAMBI,"Chili (bird's eye, red)",88107.1425
2023-11-01,JAMBI,Chili (red),66170.63333333333
2023-11-01,JAMBI,"Chili (red, large)",66198.40999999999
2023-11-01,JAWA BARAT,Chili (bird's eye),75753.24571428572
2023-11-01,JAWA BARAT,"Chili (bird's eye, green)",62313.92
2023-11-01,JAWA BARAT,"Chili (bird's eye, red)",91031.56611111111
2023-11-01,JAWA BARAT,Chili (red),75644.38529411764
2023-11-01,JAWA BARAT,"Chili (red, large)",70463.38388888889
2023-11-01,JAWA TENGAH,Chili (bird's eye),70332.25142857143
2023-11-01,JAWA TENGAH,"Chili (bird's eye, green)",58189.43875
2023-11-01,JAWA TENGAH,"Chili (bird's eye, red)",82528.93695652173
2023-11-01,JAWA TENGAH,Chili (red),65143.81727272727
2023-11-01,JAWA TENGAH,"Chili (red, large)",62624.23291666667
2023-11-01,JAWA TIMUR,Chili (bird's eye),64546.97066666667
2023-11-01,JAWA TIMUR,"Chili (bird's eye, green)",52390.37529411765
2023-11-01,JAWA TIMUR,"Chili (bird's eye, red)",76065.65666666668
2023-11-01,JAWA TIMUR,Chili (red),57782.67125
2023-11-01,JAWA TIMUR,"Chili (red, large)",56871.21222222222
2023-11-01,KALIMANTAN BARAT,Chili (bird's eye),65906.7925
2023-11-01,KALIMANTAN BARAT,"Chili (bird's eye, green)",58591.45125
2023-11-01,KALIMANTAN BARAT,"Chili (bird's eye, red)",73222.13125
2023-11-01,KALIMANTAN BARAT,Chili (red),55315.840000000004
2023-11-01,KALIMANTAN BARAT,"Chili (red, large)",49183.055714285714
2023-11-01,KALIMANTAN SELATAN,Chili (bird's eye),59903.4075
2023-11-01,KALIMANTAN SELATAN,"Chili (bird's eye, green)",44874.9975
2023-11-01,KALIMANTAN SELATAN,"Chili (bird's eye, red)",74931.82
2023-11-01,KALIMANTAN SELATAN,Chili (red),61474.432499999995
2023-11-01,KALIMANTAN SELATAN,"Chili (red, large)",57011.365000000005
2023-11-01,KALIMANTAN TENGAH,Chili (bird's eye),80795.45499999999
2023-11-01,KALIMANTAN TENGAH,"Chili (bird's eye, green)",63409.09
2023-11-01,KALIMANTAN TENGAH,"Chili (bird's eye, red)",106212.12
2023-11-01,KALIMANTAN TENGAH,Chili (red),88200.75666666667
2023-11-01,KALIMANTAN TENGAH,"Chili (red, large)",87045.45333333332
2023-11-01,KALIMANTAN TIMUR,Chili (bird's eye),73178.02833333334
2023-11-01,KALIMANTAN TIMUR,"Chili (bird's eye, green)",69818.18166666666
2023-11-01,KALIMANTAN TIMUR,"Chili (bird's eye, red)",76537.88
2023-11-01,KALIMANTAN TIMUR,Chili (red),67625.0
2023-11-01,KALIMANTAN TIMUR,"Chili (red, large)",63428.02833333333
2023-11-01,KALIMANTAN UTARA,Chili (bird's eye),102380.05
2023-11-01,KALIMANTAN UTARA,"Chili (bird's eye, green)",108546.17666666668
2023-11-01,KALIMANTAN UTARA,"Chili (bird's eye, red)",100017.5875
2023-11-01,KALIMANTAN UTARA,Chili (red),71784.3625
2023-11-01,KALIMANTAN UTARA,"Chili (red, large)",70600.64749999999
2023-11-01,KEPULAUAN BANGKA BELITUNG,Chili (bird's eye),87916.67
2023-11-01,KEPULAUAN BANGKA BELITUNG,"Chili (bird's eye, green)",66823.86499999999
2023-11-01,KEPULAUAN BANGKA BELITUNG,"Chili (bird's eye, red)",102893.94333333334
2023-11-01,KEPULAUAN BANGKA BELITUNG,Chili (red),86716.7225
2023-11-01,KEPULAUAN RIAU,Chili (bird's eye),71764.286
2023-11-01,KEPULAUAN RIAU,"Chili (bird's eye, green)",71764.286
2023-11-01,KEPULAUAN RIAU,Chili (red),79511.905
2023-11-01,LAMPUNG,Chili (bird's eye),75630.6825
2023-11-01,LAMPUNG,"Chili (bird's eye, green)",66375.0
2023-11-01,LAMPUNG,"Chili (bird's eye, red)",84886.3625
2023-11-01,LAMPUNG,Chili (red),77542.6125
2023-11-01,LAMPUNG,"Chili (red, large)",77499.99666666666
2023-11-01,MALUKU,Chili (bird's eye),100625.0
2023-11-01,MALUKU,"Chili (bird's eye, green)",49772.725
2023-11-01,MALUKU,"Chili (bird's eye, red)",121306.8175
2023-11-01,MALUKU,Chili (red),84417.615
2023-11-01,MALUKU,"Chili (red, large)",48863.64
2023-11-01,MALUKU UTARA,Chili (bird's eye),71964.285
2023-11-01,MALUKU UTARA,"Chili (bird's eye, green)",69545.45
2023-11-01,MALUKU UTARA,"Chili (bird's eye, red)",75454.55
2023-11-01,MALUKU UTARA,Chili (red),47678.57
2023-11-01,MALUKU UTARA,"Chili (red, large)",51250.0
2023-11-01,NUSA TENGGARA BARAT,Chili (bird's eye),55288.636
2023-11-01,NUSA TENGGARA BARAT,"Chili (bird's eye, green)",40642.045
2023-11-01,NUSA TENGGARA BARAT,"Chili (bird's eye, red)",65086.364
2023-11-01,NUSA TENGGARA BARAT,Chili (red),48571.97
2023-11-01,NUSA TENGGARA BARAT,"Chili (red, large)",49818.182499999995
2023-11-01,NUSA TENGGARA TIMUR,Chili (bird's eye),67785.22833333333
2023-11-01,NUSA TENGGARA TIMUR,"Chili (bird's eye, green)",53257.575000000004
2023-11-01,NUSA TENGGARA TIMUR,"Chili (bird's eye, red)",82312.87833333334
2023-11-01,NUSA TENGGARA TIMUR,Chili (red),55102.272
2023-11-01,NUSA TENGGARA TIMUR,"Chili (red, large)",54375.0
2023-11-01,PAPUA,Chili (bird's eye),63219.698333333334
2023-11-01,PAPUA,"Chili (bird's eye, green)",50028.41125
2023-11-01,PAPUA,"Chili (bird's eye, red)",80147.72625
2023-11-01,PAPUA,Chili (red),48417.20714285714
2023-11-01,PAPUA,"Chili (red, large)",56235.795
2023-11-01,PAPUA BARAT,Chili (bird's eye),65454.545
2023-11-01,PAPUA BARAT,"Chili (bird's eye, red)",65454.545
2023-11-01,PAPUA BARAT,Chili (red),40772.72666666666
2023-11-01,PAPUA BARAT,"Chili (red, large)",38750.0
2023-11-01,RIAU,Chili (bird's eye),68768.94
2023-11-01,RIAU,"Chili (bird's eye, green)",64211.03857142857
2023-11-01,RIAU,"Chili (bird's eye, red)",82670.455
2023-11-01,RIAU,Chili (red),69693.18
2023-11-01,RIAU,"Chili (red, large)",64996.21166666667
2023-11-01,SULAWESI BARAT,Chili (bird's eye),53200.76
2023-11-01,SULAWESI BARAT,"Chili (bird's eye, green)",48181.81666666667
2023-11-01,SULAWESI BARAT,"Chili (bird's eye, red)",58219.700000000004
2023-11-01,SULAWESI BARAT,"Chili (red, large)",47090.909999999996
2023-11-01,SULAWESI SELATAN,Chili (bird's eye),62660.509999999995
2023-11-01,SULAWESI SELATAN,"Chili (bird's eye, green)",41681.82
2023-11-01,SULAWESI SELATAN,"Chili (bird's eye, red)",65553.97624999999
2023-11-01,SULAWESI SELATAN,Chili (red),48438.9225
2023-11-01,SULAWESI SELATAN,"Chili (red, large)",45727.27375
2023-11-01,SULAWESI TENGAH,Chili (bird's eye),89034.09
2023-11-01,SULAWESI TENGAH,"Chili (bird's eye, green)",88181.82
2023-11-01,SULAWESI TENGAH,"Chili (bird's eye, red)",89886.36
2023-11-01,SULAWESI TENGAH,Chili (red),59656.82
2023-11-01,SULAWESI TENGAH,"Chili (red, large)",62017.045
2023-11-01,SULAWESI TENGGARA,Chili (bird's eye),94411.9325
2023-11-01,SULAWESI TENGGARA,"Chili (bird's eye, green)",90653.41
2023-11-01,SULAWESI TENGGARA,"Chili (bird's eye, red)",98170.4525
2023-11-01,SULAWESI TENGGARA,Chili (red),59062.5
2023-11-01,SULAWESI TENGGARA,"Chili (red, large)",55113.636666666665
2023-11-01,SULAWESI UTARA,Chili (bird's eye),86041.66666666667
2023-11-01,SULAWESI UTARA,"Chili (bird's eye, green)",86136.36499999999
2023-11-01,SULAWESI UTARA,"Chili (bird's eye, red)",84628.78666666667
2023-11-01,SULAWESI UTARA,Chili (red),52598.486666666664
2023-11-01,SUMATERA BARAT,Chili (bird's eye),70421.56666666667
2023-11-01,SUMATERA BARAT,"Chili (bird's eye, green)",67421.0525
2023-11-01,SUMATERA BARAT,Chili (red),74029.4125
2023-11-01,SUMATERA SELATAN,Chili (bird's eye),70835.23000000001
2023-11-01,SUMATERA SELATAN,"Chili (bird's eye, green)",64265.149999999994
2023-11-01,SUMATERA SELATAN,"Chili (bird's eye, red)",77871.21333333333
2023-11-01,SUMATERA SELATAN,Chili (red),74803.03000000001
2023-11-01,SUMATERA SELATAN,"Chili (red, large)",75675.75666666667
2023-11-01,SUMATERA UTARA,Chili (bird's eye),63970.16875
2023-11-01,SUMATERA UTARA,"Chili (bird's eye, green)",63289.77166666667
2023-11-01,SUMATERA UTARA,"Chili (bird's eye, red)",60738.634999999995
2023-11-01,SUMATERA UTARA,Chili (red),57236.74166666667
2023-12-01,ACEH,Chili (bird's eye),58409.21166666667
2023-12-01,ACEH,"Chili (bird's eye, green)",57271.93333333333
2023-12-01,ACEH,Chili (red),50382.895
2023-12-01,BALI,Chili (bird's eye),60285.08666666667
2023-12-01,BALI,"Chili (bird's eye, green)",45467.105
2023-12-01,BALI,"Chili (bird's eye, red)",72703.94750000001
2023-12-01,BALI,Chili (red),65174.3425
2023-12-01,BALI,"Chili (red, large)",63578.945
2023-12-01,BANTEN,Chili (bird's eye),70469.3
2023-12-01,BANTEN,"Chili (bird's eye, green)",44175.43666666667
2023-12-01,BANTEN,"Chili (bird's eye, red)",96763.15833333333
2023-12-01,BANTEN,Chili (red),81473.68
2023-12-01,BANTEN,"Chili (red, large)",81705.262
2023-12-01,BENGKULU,Chili (bird's eye),53258.509999999995
2023-12-01,BENGKULU,"Chili (bird's eye, green)",54625.895000000004
2023-12-01,BENGKULU,"Chili (bird's eye, red)",57671.5775
2023-12-01,BENGKULU,Chili (red),68994.0475
2023-12-01,BENGKULU,"Chili (red, large)",66310.12
2023-12-01,DAERAH ISTIMEWA YOGYAKARTA,Chili (bird's eye),66546.05
2023-12-01,DAERAH ISTIMEWA YOGYAKARTA,"Chili (bird's eye, green)",53486.845
2023-12-01,DAERAH ISTIMEWA YOGYAKARTA,"Chili (bird's eye, red)",79605.265
2023-12-01,DAERAH ISTIMEWA YOGYAKARTA,Chili (red),73848.68
2023-12-01,DAERAH ISTIMEWA YOGYAKARTA,"Chili (red, large)",84473.685
2023-12-01,DKI JAKARTA,Chili (bird's eye),83596.48999999999
2023-12-01,DKI JAKARTA,"Chili (bird's eye, green)",61929.823333333334
2023-12-01,DKI JAKARTA,"Chili (bird's eye, red)",105263.15999999999
2023-12-01,DKI JAKARTA,Chili (red),95855.26333333332
2023-12-01,DKI JAKARTA,"Chili (red, large)",101622.81
2023-12-01,GORONTALO,Chili (bird's eye),129903.51
2023-12-01,GORONTALO,"Chili (bird's eye, red)",129903.51
2023-12-01,GORONTALO,Chili (red),85000.0
2023-12-01,JAMBI,Chili (bird's eye),63269.7375
2023-12-01,JAMBI,"Chili (bird's eye, green)",41565.79
2023-12-01,JAMBI,"Chili (bird's eye, red)",82934.21
2023-12-01,JAMBI,Chili (red),60592.105
2023-12-01,JAMBI,"Chili (red, large)",61243.42
2023-12-01,JAWA BARAT,Chili (bird's eye),72781.955
2023-12-01,JAWA BARAT,"Chili (bird's eye, green)",48608.55375
2023-12-01,JAWA BARAT,"Chili (bird's eye, red)",94352.94117647059
2023-12-01,JAWA BARAT,Chili (red),90128.07066666667
2023-12-01,JAWA BARAT,"Chili (red, large)",93985.38111111111
2023-12-01,JAWA TENGAH,Chili (bird's eye),66034.81523809524
2023-12-01,JAWA TENGAH,"Chili (bird's eye, green)",48696.468260869566
2023-12-01,JAWA TENGAH,"Chili (bird's eye, red)",83807.8
2023-12-01,JAWA TENGAH,Chili (red),67119.667
2023-12-01,JAWA TENGAH,"Chili (red, large)",70452.12041666666
2023-12-01,JAWA TIMUR,Chili (bird's eye),59713.43882352941
2023-12-01,JAWA TIMUR,"Chili (bird's eye, green)",39586.90823529411
2023-12-01,JAWA TIMUR,"Chili (bird's eye, red)",78470.58882352941
2023-12-01,JAWA TIMUR,Chili (red),68705.06642857143
2023-12-01,JAWA TIMUR,"Chili (red, large)",69264.68944444443
2023-12-01,KALIMANTAN BARAT,Chili (bird's eye),58036.183750000004
2023-12-01,KALIMANTAN BARAT,"Chili (bird's eye, green)",51036.1825
2023-12-01,KALIMANTAN BARAT,"Chili (bird's eye, red)",65036.1825
2023-12-01,KALIMANTAN BARAT,Chili (red),52769.738333333335
2023-12-01,KALIMANTAN BARAT,"Chili (red, large)",46648.0275
2023-12-01,KALIMANTAN SELATAN,Chili (bird's eye),62052.63
2023-12-01,KALIMANTAN SELATAN,"Chili (bird's eye, green)",40552.6325
2023-12-01,KALIMANTAN SELATAN,"Chili (bird's eye, red)",83552.63
2023-12-01,KALIMANTAN SELATAN,Chili (red),60098.685
2023-12-01,KALIMANTAN SELATAN,"Chili (red, large)",59802.6325
2023-12-01,KALIMANTAN TENGAH,Chili (bird's eye),78134.13500000001
2023-12-01,KALIMANTAN TENGAH,"Chili (bird's eye, green)",65423.98
2023-12-01,KALIMANTAN TENGAH,"Chili (bird's eye, red)",104632.06666666667
2023-12-01,KALIMANTAN TENGAH,Chili (red),98665.93333333333
2023-12-01,KALIMANTAN TENGAH,"Chili (red, large)",100475.14333333333
2023-12-01,KALIMANTAN TIMUR,Chili (bird's eye),83618.465
2023-12-01,KALIMANTAN TIMUR,"Chili (bird's eye, green)",70215.48833333333
2023-12-01,KALIMANTAN TIMUR,"Chili (bird's eye, red)",97021.44166666667
2023-12-01,KALIMANTAN TIMUR,Chili (red),76404.29666666668
2023-12-01,KALIMANTAN TIMUR,"Chili (red, large)",81959.236
2023-12-01,KALIMANTAN UTARA,Chili (bird's eye),126982.45666666667
2023-12-01,KALIMANTAN UTARA,"Chili (bird's eye, green)",125572.3675
2023-12-01,KALIMANTAN UTARA,"Chili (bird's eye, red)",132401.315
2023-12-01,KALIMANTAN UTARA,Chili (red),102467.105
2023-12-01,KALIMANTAN UTARA,"Chili (red, large)",102993.42
2023-12-01,KEPULAUAN BANGKA BELITUNG,Chili (bird's eye),78802.63
2023-12-01,KEPULAUAN BANGKA BELITUNG,"Chili (bird's eye, green)",66322.37
2023-12-01,KEPULAUAN BANGKA BELITUNG,"Chili (bird's eye, red)",97881.5775
2023-12-01,KEPULAUAN BANGKA BELITUNG,Chili (red),90526.3125
2023-12-01,KEPULAUAN RIAU,Chili (bird's eye),57416.66799999999
2023-12-01,KEPULAUAN RIAU,"Chili (bird's eye, green)",57416.66799999999
2023-12-01,KEPULAUAN RIAU,Chili (red),71953.70333333332
2023-12-01,LAMPUNG,Chili (bird's eye),68559.21
2023-12-01,LAMPUNG,"Chili (bird's eye, green)",50421.0525
2023-12-01,LAMPUNG,"Chili (bird's eye, red)",86697.3675
2023-12-01,LAMPUNG,Chili (red),70035.08666666667
2023-12-01,LAMPUNG,"Chili (red, large)",84429.82333333333
2023-12-01,MALUKU,Chili (bird's eye),114868.42
2023-12-01,MALUKU,"Chili (bird's eye, green)",54210.53
2023-12-01,MALUKU,"Chili (bird's eye, red)",136315.79
2023-12-01,MALUKU,Chili (red),85592.1025
2023-12-01,MALUKU,"Chili (red, large)",65789.47
2023-12-01,MALUKU UTARA,Chili (bird's eye),132631.575
2023-12-01,MALUKU UTARA,"Chili (bird's eye, green)",135789.47
2023-12-01,MALUKU UTARA,"Chili (bird's eye, red)",129473.68
2023-12-01,MALUKU UTARA,Chili (red),91052.63
2023-12-01,MALUKU UTARA,"Chili (red, large)",92105.26
2023-12-01,NUSA TENGGARA BARAT,Chili (bird's eye),58042.10600000001
2023-12-01,NUSA TENGGARA BARAT,"Chili (bird's eye, green)",40355.265
2023-12-01,NUSA TENGGARA BARAT,"Chili (bird's eye, red)",69800.0
2023-12-01,NUSA TENGGARA BARAT,Chili (red),62963.815
2023-12-01,NUSA TENGGARA BARAT,"Chili (red, large)",61657.89599999999
2023-12-01,NUSA TENGGARA TIMUR,Chili (bird's eye),92905.70166666668
2023-12-01,NUSA TENGGARA TIMUR,"Chili (bird's eye, green)",62894.736666666664
2023-12-01,NUSA TENGGARA TIMUR,"Chili (bird's eye, red)",122916.665
2023-12-01,NUSA TENGGARA TIMUR,Chili (red),71710.52666666667
2023-12-01,NUSA TENGGARA TIMUR,"Chili (red, large)",71666.66833333333
2023-12-01,PAPUA,Chili (bird's eye),81578.94571428571
2023-12-01,PAPUA,"Chili (bird's eye, green)",59407.89375
2023-12-01,PAPUA,"Chili (bird's eye, red)",103305.9225
2023-12-01,PAPUA,Chili (red),63462.72
2023-12-01,PAPUA,"Chili (red, large)",70756.57875
2023-12-01,PAPUA BARAT,Chili (bird's eye),91973.685
2023-12-01,PAPUA BARAT,"Chili (bird's eye, red)",91973.685
2023-12-01,PAPUA BARAT,Chili (red),53289.4725
2023-12-01,PAPUA BARAT,"Chili (red, large)",49368.42
2023-12-01,RIAU,Chili (bird's eye),62879.53200000001
2023-12-01,RIAU,"Chili (bird's eye, green)",55731.62142857142
2023-12-01,RIAU,"Chili (bird's eye, red)",77151.315
2023-12-01,RIAU,Chili (red),67868.2375
2023-12-01,RIAU,"Chili (red, large)",60249.99833333333
2023-12-01,SULAWESI BARAT,Chili (bird's eye),78837.72
2023-12-01,SULAWESI BARAT,"Chili (bird's eye, green)",71657.89333333333
2023-12-01,SULAWESI BARAT,"Chili (bird's eye, red)",86017.54333333333
2023-12-01,SULAWESI BARAT,Chili (red),56052.63
2023-12-01,SULAWESI BARAT,"Chili (red, large)",58491.23
2023-12-01,SULAWESI SELATAN,Chili (bird's eye),75872.44857142857
2023-12-01,SULAWESI SELATAN,"Chili (bird's eye, green)",38035.715
2023-12-01,SULAWESI SELATAN,"Chili (bird's eye, red)",83666.66625
2023-12-01,SULAWESI SELATAN,Chili (red),57290.1775
2023-12-01,SULAWESI SELATAN,"Chili (red, large)",56523.81125
2023-12-01,SULAWESI TENGAH,Chili (bird's eye),130855.26000000001
2023-12-01,SULAWESI TENGAH,"Chili (bird's eye, green)",122763.155
2023-12-01,SULAWESI TENGAH,"Chili (bird's eye, red)",138947.37
2023-12-01,SULAWESI TENGAH,Chili (red),70775.0
2023-12-01,SULAWESI TENGAH,"Chili (red, large)",77523.685
2023-12-01,SULAWESI TENGGARA,Chili (bird's eye),130014.88
2023-12-01,SULAWESI TENGGARA,"Chili (bird's eye, green)",125029.76250000001
2023-12-01,SULAWESI TENGGARA,"Chili (bird's eye, red)",135000.0
2023-12-01,SULAWESI TENGGARA,Chili (red),70416.67
2023-12-01,SULAWESI TENGGARA,"Chili (red, large)",69583.335
2023-12-01,SULAWESI UTARA,Chili (bird's eye),104824.56
2023-12-01,SULAWESI UTARA,"Chili (bird's eye, green)",73157.895
2023-12-01,SULAWESI UTARA,"Chili (bird's eye, red)",136140.35
2023-12-01,SULAWESI UTARA,Chili (red),92394.73666666668
2023-12-01,SUMATERA BARAT,Chili (bird's eye),58555.556666666664
2023-12-01,SUMATERA BARAT,"Chili (bird's eye, green)",55395.835
2023-12-01,SUMATERA BARAT,Chili (red),76208.33499999999
2023-12-01,SUMATERA SELATAN,Chili (bird's eye),64815.79
2023-12-01,SUMATERA SELATAN,"Chili (bird's eye, green)",57377.193333333336
2023-12-01,SUMATERA SELATAN,"Chili (bird's eye, red)",81763.15666666666
2023-12-01,SUMATERA SELATAN,Chili (red),74302.63
2023-12-01,SUMATERA SELATAN,"Chili (red, large)",74752.62999999999
2023-12-01,SUMATERA UTARA,Chili (bird's eye),55449.76181818182
2023-12-01,SUMATERA UTARA,"Chili (bird's eye, green)",55813.5975
2023-12-01,SUMATERA UTARA,"Chili (bird's eye, red)",48835.5275
2023-12-01,SUMATERA UTARA,Chili (red),51664.47416666666
2024-01-01,ACEH,Chili (bird's eye),51268.52
2024-01-01,ACEH,"Chili (bird's eye, green)",52466.66799999999
2024-01-01,ACEH,Chili (red),30263.89
2024-01-01,BALI,Chili (bird's eye),47712.96333333334
2024-01-01,BALI,"Chili (bird's eye, green)",40333.332500000004
2024-01-01,BALI,"Chili (bird's eye, red)",52236.1125
2024-01-01,BALI,Chili (red),54326.3875
2024-01-01,BALI,"Chili (red, large)",50986.11
2024-01-01,BANTEN,Chili (bird's eye),53273.14666666667
2024-01-01,BANTEN,"Chili (bird's eye, green)",34138.8875
2024-01-01,BANTEN,"Chili (bird's eye, red)",71759.25833333333
2024-01-01,BANTEN,Chili (red),69648.14666666667
2024-01-01,BANTEN,"Chili (red, large)",67577.778
2024-01-01,BENGKULU,Chili (bird's eye),38638.89
2024-01-01,BENGKULU,"Chili (bird's eye, green)",33027.7775
2024-01-01,BENGKULU,"Chili (bird's eye, red)",42776.3875
2024-01-01,BENGKULU,Chili (red),50513.89
2024-01-01,BENGKULU,"Chili (red, large)",47680.557499999995
2024-01-01,DAERAH ISTIMEWA YOGYAKARTA,Chili (bird's eye),49444.44
2024-01-01,DAERAH ISTIMEWA YOGYAKARTA,"Chili (bird's eye, green)",43333.335
2024-01-01,DAERAH ISTIMEWA YOGYAKARTA,"Chili (bird's eye, red)",62777.775
2024-01-01,DAERAH ISTIMEWA YOGYAKARTA,Chili (red),66805.555
2024-01-01,DAERAH ISTIMEWA YOGYAKARTA,"Chili (red, large)",74583.33499999999
2024-01-01,DKI JAKARTA,Chili (bird's eye),68750.0
2024-01-01,DKI JAKARTA,"Chili (bird's eye, green)",46041.666666666664
2024-01-01,DKI JAKARTA,"Chili (bird's eye, red)",84791.66666666667
2024-01-01,DKI JAKARTA,Chili (red),84739.58333333333
2024-01-01,DKI JAKARTA,"Chili (red, large)",88541.66666666667
2024-01-01,GORONTALO,Chili (bird's eye),61907.40666666667
2024-01-01,GORONTALO,"Chili (bird's eye, red)",61907.40666666667
2024-01-01,GORONTALO,Chili (red),39861.115
2024-01-01,JAMBI,Chili (bird's eye),47263.89
2024-01-01,JAMBI,"Chili (bird's eye, green)",31555.56
2024-01-01,JAMBI,"Chili (bird's eye, red)",62374.9975
2024-01-01,JAMBI,Chili (red),52916.666666666664
2024-01-01,JAMBI,"Chili (red, large)",53152.7775
2024-01-01,JAWA BARAT,Chili (bird's eye),57889.881428571425
2024-01-01,JAWA BARAT,"Chili (bird's eye, green)",38557.1894117647
2024-01-01,JAWA BARAT,"Chili (bird's eye, red)",76660.49333333333
2024-01-01,JAWA BARAT,Chili (red),72676.4705882353
2024-01-01,JAWA BARAT,"Chili (red, large)",74555.555
2024-01-01,JAWA TENGAH,Chili (bird's eye),48709.259047619045
2024-01-01,JAWA TENGAH,"Chili (bird's eye, green)",35941.20375
2024-01-01,JAWA TENGAH,"Chili (bird's eye, red)",63038.647391304345
2024-01-01,JAWA TENGAH,Chili (red),61159.59590909092
2024-01-01,JAWA TENGAH,"Chili (red, large)",62486.95652173913
2024-01-01,JAWA TIMUR,Chili (bird's eye),42950.49117647059
2024-01-01,JAWA TIMUR,"Chili (bird's eye, green)",29490.195882352942
2024-01-01,JAWA TIMUR,"Chili (bird's eye, red)",55148.038823529416
2024-01-01,JAWA TIMUR,Chili (red),52320.138125
2024-01-01,JAWA TIMUR,"Chili (red, large)",53209.567777777775
2024-01-01,KALIMANTAN BARAT,Chili (bird's eye),47824.21875
2024-01-01,KALIMANTAN BARAT,"Chili (bird's eye, green)",44046.875
2024-01-01,KALIMANTAN BARAT,"Chili (bird's eye, red)",51601.5625
2024-01-01,KALIMANTAN BARAT,Chili (red),50812.5
2024-01-01,KALIMANTAN BARAT,"Chili (red, large)",47039.0625
2024-01-01,KALIMANTAN SELATAN,Chili (bird's eye),53180.557499999995
2024-01-01,KALIMANTAN SELATAN,"Chili (bird's eye, green)",37180.555
2024-01-01,KALIMANTAN SELATAN,"Chili (bird's eye, red)",69180.555
2024-01-01,KALIMANTAN SELATAN,Chili (red),51458.335
2024-01-01,KALIMANTAN SELATAN,"Chili (red, large)",54791.665
2024-01-01,KALIMANTAN TENGAH,Chili (bird's eye),54166.665
2024-01-01,KALIMANTAN TENGAH,"Chili (bird's eye, green)",45000.0
2024-01-01,KALIMANTAN TENGAH,"Chili (bird's eye, red)",70555.55666666666
2024-01-01,KALIMANTAN TENGAH,Chili (red),75416.66666666667
2024-01-01,KALIMANTAN TENGAH,"Chili (red, large)",80277.77666666667
2024-01-01,KALIMANTAN TIMUR,Chili (bird's eye),62882.93666666667
2024-01-01,KALIMANTAN TIMUR,"Chili (bird's eye, green)",57169.31333333333
2024-01-01,KALIMANTAN TIMUR,"Chili (bird's eye, red)",68293.65
2024-01-01,KALIMANTAN TIMUR,Chili (red),61625.9925
2024-01-01,KALIMANTAN TIMUR,"Chili (red, large)",70462.96333333333
2024-01-01,KALIMANTAN UTARA,Chili (bird's eye),114852.43
2024-01-01,KALIMANTAN UTARA,"Chili (bird's eye, green)",124184.0275
2024-01-01,KALIMANTAN UTARA,"Chili (bird's eye, red)",105520.8325
2024-01-01,KALIMANTAN UTARA,Chili (red),81848.9575
2024-01-01,KALIMANTAN UTARA,"Chili (red, large)",82925.345
2024-01-01,KEPULAUAN BANGKA BELITUNG,Chili (bird's eye),75902.775
2024-01-01,KEPULAUAN BANGKA BELITUNG,"Chili (bird's eye, green)",63125.0
2024-01-01,KEPULAUAN BANGKA BELITUNG,"Chili (bird's eye, red)",79513.8875
2024-01-01,KEPULAUAN BANGKA BELITUNG,Chili (red),76625.0
2024-01-01,KEPULAUAN RIAU,Chili (bird's eye),54533.33200000001
2024-01-01,KEPULAUAN RIAU,"Chili (bird's eye, green)",54533.33200000001
2024-01-01,KEPULAUAN RIAU,Chili (red),61259.26
2024-01-01,LAMPUNG,Chili (bird's eye),51645.832500000004
2024-01-01,LAMPUNG,"Chili (bird's eye, green)",38069.4425
2024-01-01,LAMPUNG,"Chili (bird's eye, red)",65222.22
2024-01-01,LAMPUNG,Chili (red),63851.85333333333
2024-01-01,LAMPUNG,"Chili (red, large)",69185.18666666666
2024-01-01,MALUKU,Chili (bird's eye),133194.445
2024-01-01,MALUKU,"Chili (bird's eye, green)",62500.0
2024-01-01,MALUKU,"Chili (bird's eye, red)",140972.2225
2024-01-01,MALUKU,Chili (red),85277.7775
2024-01-01,MALUKU,"Chili (red, large)",70000.0
2024-01-01,MALUKU UTARA,Chili (bird's eye),158888.89
2024-01-01,MALUKU UTARA,"Chili (bird's eye, green)",111111.11
2024-01-01,MALUKU UTARA,"Chili (bird's eye, red)",158888.89
2024-01-01,MALUKU UTARA,Chili (red),90972.225
2024-01-01,MALUKU UTARA,"Chili (red, large)",78055.56
2024-01-01,NUSA TENGGARA BARAT,Chili (bird's eye),38772.221999999994
2024-01-01,NUSA TENGGARA BARAT,"Chili (bird's eye, green)",24569.445
2024-01-01,NUSA TENGGARA BARAT,"Chili (bird's eye, red)",47611.114
2024-01-01,NUSA TENGGARA BARAT,Chili (red),61351.85333333333
2024-01-01,NUSA TENGGARA BARAT,"Chili (red, large)",60011.11
2024-01-01,NUSA TENGGARA TIMUR,Chili (bird's eye),109282.40833333333
2024-01-01,NUSA TENGGARA TIMUR,"Chili (bird's eye, green)",69722.22333333333
2024-01-01,NUSA TENGGARA TIMUR,"Chili (bird's eye, red)",148842.59333333335
2024-01-01,NUSA TENGGARA TIMUR,Chili (red),70500.0
2024-01-01,NUSA TENGGARA TIMUR,"Chili (red, large)",75462.96333333333
2024-01-01,PAPUA,Chili (bird's eye),88444.44428571429
2024-01-01,PAPUA,"Chili (bird's eye, green)",64325.39571428572
2024-01-01,PAPUA,"Chili (bird's eye, red)",119291.66625000001
2024-01-01,PAPUA,Chili (red),71892.36
2024-01-01,PAPUA,"Chili (red, large)",78055.555
2024-01-01,PAPUA BARAT,Chili (bird's eye),80694.4425
2024-01-01,PAPUA BARAT,"Chili (bird's eye, green)",45000.0
2024-01-01,PAPUA BARAT,"Chili (bird's eye, red)",80833.3325
2024-01-01,PAPUA BARAT,Chili (red),59861.1125
2024-01-01,PAPUA BARAT,"Chili (red, large)",68888.89
2024-01-01,RIAU,Chili (bird's eye),55040.2775
2024-01-01,RIAU,"Chili (bird's eye, green)",49159.7225
2024-01-01,RIAU,"Chili (bird's eye, red)",58442.0125
2024-01-01,RIAU,Chili (red),49829.6
2024-01-01,RIAU,"Chili (red, large)",41457.174999999996
2024-01-01,SULAWESI BARAT,Chili (bird's eye),57907.40666666667
2024-01-01,SULAWESI BARAT,"Chili (bird's eye, green)",54148.14666666667
2024-01-01,SULAWESI BARAT,"Chili (bird's eye, red)",61666.666666666664
2024-01-01,SULAWESI BARAT,Chili (red),44236.115
2024-01-01,SULAWESI BARAT,"Chili (red, large)",43888.88999999999
2024-01-01,SULAWESI SELATAN,Chili (bird's eye),60803.125
2024-01-01,SULAWESI SELATAN,"Chili (bird's eye, green)",35125.0
2024-01-01,SULAWESI SELATAN,"Chili (bird's eye, red)",63693.75
2024-01-01,SULAWESI SELATAN,Chili (red),41550.0
2024-01-01,SULAWESI SELATAN,"Chili (red, large)",40487.5
2024-01-01,SULAWESI TENGAH,Chili (bird's eye),86736.11499999999
2024-01-01,SULAWESI TENGAH,"Chili (bird's eye, green)",81388.88500000001
2024-01-01,SULAWESI TENGAH,"Chili (bird's eye, red)",92083.33499999999
2024-01-01,SULAWESI TENGAH,Chili (red),51022.225
2024-01-01,SULAWESI TENGAH,"Chili (red, large)",60902.775
2024-01-01,SULAWESI TENGGARA,Chili (bird's eye),126843.75
2024-01-01,SULAWESI TENGGARA,"Chili (bird's eye, green)",122812.5
2024-01-01,SULAWESI TENGGARA,"Chili (bird's eye, red)",130875.0
2024-01-01,SULAWESI TENGGARA,Chili (red),63166.666666666664
2024-01-01,SULAWESI TENGGARA,"Chili (red, large)",63687.5
2024-01-01,SULAWESI UTARA,Chili (bird's eye),58037.03666666666
2024-01-01,SULAWESI UTARA,"Chili (bird's eye, green)",49796.29666666667
2024-01-01,SULAWESI UTARA,"Chili (bird's eye, red)",66277.78
2024-01-01,SULAWESI UTARA,Chili (red),53055.556666666664
2024-01-01,SUMATERA BARAT,Chili (bird's eye),49023.81
2024-01-01,SUMATERA BARAT,"Chili (bird's eye, green)",46578.125
2024-01-01,SUMATERA BARAT,Chili (red),44696.4275
2024-01-01,SUMATERA SELATAN,Chili (bird's eye),56666.67
2024-01-01,SUMATERA SELATAN,"Chili (bird's eye, green)",45500.0
2024-01-01,SUMATERA SELATAN,"Chili (bird's eye, red)",68870.37
2024-01-01,SUMATERA SELATAN,Chili (red),56925.926666666666
2024-01-01,SUMATERA SELATAN,"Chili (red, large)",56925.926666666666
2024-01-01,SUMATERA UTARA,Chili (bird's eye),48808.02333333334
2024-01-01,SUMATERA UTARA,"Chili (bird's eye, green)",51338.38272727272
2024-01-01,SUMATERA UTARA,"Chili (bird's eye, red)",40527.775
2024-01-01,SUMATERA UTARA,Chili (red),40605.0925
2024-02-01,ACEH,Chili (bird's eye),40000.0
2024-02-01,ACEH,"Chili (bird's eye, green)",41250.0
2024-02-01,ACEH,Chili (red),37500.0
2024-02-01,BALI,Chili (bird's eye),34305.556666666664
2024-02-01,BALI,"Chili (bird's eye, green)",31625.0
2024-02-01,BALI,"Chili (bird's eye, red)",38111.11
2024-02-01,BALI,Chili (red),72479.1675
2024-02-01,BALI,"Chili (red, large)",72333.3325
2024-02-01,DAERAH ISTIMEWA YOGYAKARTA,Chili (bird's eye),42083.33
2024-02-01,DAERAH ISTIMEWA YOGYAKARTA,"Chili (bird's eye, green)",44166.665
2024-02-01,DAERAH ISTIMEWA YOGYAKARTA,"Chili (bird's eye, red)",40833.335
2024-02-01,DAERAH ISTIMEWA YOGYAKARTA,Chili (red),73333.33499999999
2024-02-01,DAERAH ISTIMEWA YOGYAKARTA,"Chili (red, large)",84166.66500000001
2024-02-01,JAWA TENGAH,Chili (bird's eye),37125.0
2024-02-01,JAWA TENGAH,"Chili (bird's eye, green)",31350.0
2024-02-01,JAWA TENGAH,"Chili (bird's eye, red)",42025.0
2024-02-01,JAWA TENGAH,Chili (red),65616.66733333333
2024-02-01,JAWA TENGAH,"Chili (red, large)",72175.92555555556
2024-02-01,JAWA TIMUR,Chili (bird's eye),37611.11
2024-02-01,JAWA TIMUR,"Chili (bird's eye, green)",30466.666000000005
2024-02-01,JAWA TIMUR,"Chili (bird's eye, red)",43611.111666666664
2024-02-01,JAWA TIMUR,Chili (red),62833.335
2024-02-01,JAWA TIMUR,"Chili (red, large)",70277.77833333334
2024-02-01,KEPULAUAN BANGKA BELITUNG,Chili (bird's eye),67437.5
2024-02-01,KEPULAUAN BANGKA BELITUNG,"Chili (bird's eye, green)",60000.0
2024-02-01,KEPULAUAN BANGKA BELITUNG,"Chili (bird's eye, red)",76812.5
2024-02-01,KEPULAUAN BANGKA BELITUNG,Chili (red),75000.0
2024-02-01,SULAWESI SELATAN,"Chili (bird's eye, green)",20000.0
2024-02-01,SULAWESI SELATAN,"Chili (bird's eye, red)",26843.75
2024-02-01,SULAWESI SELATAN,"Chili (red, large)",46593.75
2024-02-01,SULAWESI TENGGARA,Chili (bird's eye),67291.66500000001
2024-02-01,SULAWESI TENGGARA,"Chili (bird's eye, green)",64583.33
2024-02-01,SULAWESI TENGGARA,"Chili (bird's eye, red)",69999.9975
2024-02-01,SULAWESI TENGGARA,"Chili (red, large)",48750.0
2024-02-01,SUMATERA BARAT,Chili (bird's eye),59888.88999999999
2024-02-01,SUMATERA BARAT,"Chili (bird's eye, green)",59250.0
2024-02-01,SUMATERA BARAT,Chili (red),56916.667499999996
2024-02-01,SUMATERA UTARA,Chili (bird's eye),49750.0
2024-02-01,SUMATERA UTARA,"Chili (bird's eye, green)",47952.380000000005
2024-02-01,SUMATERA UTARA,Chili (red),46187.5
2024-03-01,ACEH,Chili (bird's eye),49375.0
2024-03-01,ACEH,"Chili (bird's eye, green)",49375.0
2024-03-01,ACEH,Chili (red),51125.0
2024-03-01,BALI,Chili (bird's eye),37833.333333333336
2024-03-01,BALI,"Chili (bird's eye, green)",45000.0
2024-03-01,BALI,"Chili (bird's eye, red)",33166.666666666664
2024-03-01,BALI,Chili (red),39625.0
2024-03-01,BALI,"Chili (red, large)",42500.0
2024-03-01,DAERAH ISTIMEWA YOGYAKARTA,"Chili (bird's eye, green)",41875.0
2024-03-01,DAERAH ISTIMEWA YOGYAKARTA,"Chili (bird's eye, red)",48125.0
2024-03-01,DAERAH ISTIMEWA YOGYAKARTA,Chili (red),60000.0
2024-03-01,DAERAH ISTIMEWA YOGYAKARTA,"Chili (red, large)",71250.0
2024-03-01,JAWA TENGAH,Chili (bird's eye),30475.0
2024-03-01,JAWA TENGAH,"Chili (bird's eye, green)",24109.375
2024-03-01,JAWA TENGAH,"Chili (bird's eye, red)",35833.333333333336
2024-03-01,JAWA TENGAH,Chili (red),37441.666666666664
2024-03-01,JAWA TENGAH,"Chili (red, large)",40964.28571428572
2024-03-01,JAWA TIMUR,Chili (bird's eye),34750.0
2024-03-01,JAWA TIMUR,"Chili (bird's eye, green)",26950.0
2024-03-01,JAWA TIMUR,"Chili (bird's eye, red)",40208.333333333336
2024-03-01,JAWA TIMUR,Chili (red),47250.0
2024-03-01,JAWA TIMUR,"Chili (red, large)",52583.333333333336
2024-03-01,MALUKU UTARA,Chili (bird's eye),51250.0
2024-03-01,MALUKU UTARA,"Chili (bird's eye, green)",40000.0
2024-03-01,MALUKU UTARA,"Chili (bird's eye, red)",62500.0
2024-03-01,MALUKU UTARA,Chili (red),45000.0
2024-03-01,MALUKU UTARA,"Chili (red, large)",35000.0
2024-03-01,NUSA TENGGARA BARAT,Chili (bird's eye),28250.0
2024-03-01,NUSA TENGGARA BARAT,"Chili (bird's eye, green)",21875.0
2024-03-01,NUSA TENGGARA BARAT,"Chili (bird's eye, red)",33000.0
2024-03-01,NUSA TENGGARA BARAT,Chili (red),38900.0
2024-03-01,NUSA TENGGARA BARAT,"Chili (red, large)",40375.0
2024-03-01,SULAWESI TENGGARA,Chili (bird's eye),68156.25
2024-03-01,SULAWESI TENGGARA,"Chili (bird's eye, green)",65687.5
2024-03-01,SULAWESI TENGGARA,"Chili (bird's eye, red)",70625.0
2024-03-01,SULAWESI TENGGARA,Chili (red),57500.0
2024-03-01,SULAWESI TENGGARA,"Chili (red, large)",64687.5
2024-03-01,SUMATERA BARAT,Chili (bird's eye),71375.0
2024-03-01,SUMATERA BARAT,"Chili (bird's eye, green)",71375.0
2024-03-01,SUMATERA BARAT,Chili (red),78250.0
2024-03-01,SUMATERA UTARA,Chili (bird's eye),61541.666666666664
2024-03-01,SUMATERA UTARA,"Chili (bird's eye, green)",61541.666666666664
2024-03-01,SUMATERA UTARA,Chili (red),56916.666666666664
2024-04-01,BALI,Chili (bird's eye),40375.0
2024-04-01,BALI,"Chili (bird's eye, green)",43750.0
2024-04-01,BALI,"Chili (bird's eye, red)",37687.5
2024-04-01,BALI,Chili (red),44937.5
2024-04-01,BALI,"Chili (red, large)",45687.5
2024-04-01,DAERAH ISTIMEWA YOGYAKARTA,Chili (bird's eye),40000.0
2024-04-01,DAERAH ISTIMEWA YOGYAKARTA,"Chili (bird's eye, green)",42500.0
2024-04-01,DAERAH ISTIMEWA YOGYAKARTA,"Chili (bird's eye, red)",37500.0
2024-04-01,DAERAH ISTIMEWA YOGYAKARTA,Chili (red),43750.0
2024-04-01,DAERAH ISTIMEWA YOGYAKARTA,"Chili (red, large)",50000.0
2024-04-01,JAWA TENGAH,Chili (bird's eye),29484.375
2024-04-01,JAWA TENGAH,"Chili (bird's eye, green)",23968.75
2024-04-01,JAWA TENGAH,"Chili (bird's eye, red)",35000.0
2024-04-01,JAWA TENGAH,Chili (red),38600.0
2024-04-01,JAWA TENGAH,"Chili (red, large)",39416.666666666664
2024-04-01,JAWA TIMUR,Chili (bird's eye),28250.0
2024-04-01,JAWA TIMUR,"Chili (bird's eye, green)",25100.0
2024-04-01,JAWA TIMUR,"Chili (bird's eye, red)",30750.0
2024-04-01,JAWA TIMUR,Chili (red),38125.0
2024-04-01,JAWA TIMUR,"Chili (red, large)",43833.333333333336
2024-04-01,NUSA TENGGARA BARAT,Chili (bird's eye),30750.0
2024-04-01,NUSA TENGGARA BARAT,"Chili (bird's eye, green)",21375.0
2024-04-01,NUSA TENGGARA BARAT,"Chili (bird's eye, red)",36400.0
2024-04-01,NUSA TENGGARA BARAT,Chili (red),40416.666666666664
2024-04-01,NUSA TENGGARA BARAT,"Chili (red, large)",40000.0
2024-04-01,PAPUA BARAT,Chili (bird's eye),80000.0
2024-04-01,PAPUA BARAT,"Chili (bird's eye, red)",90000.0
2024-04-01,PAPUA BARAT,Chili (red),83333.33333333333
2024-04-01,PAPUA BARAT,"Chili (red, large)",73333.33333333333
2024-04-01,SUMATERA BARAT,Chili (bird's eye),57333.333333333336
2024-04-01,SUMATERA BARAT,"Chili (bird's eye, green)",54250.0
2024-04-01,SUMATERA BARAT,Chili (red),54000.0
2024-04-01,SUMATERA UTARA,Chili (bird's eye),56000.0
2024-04-01,SUMATERA UTARA,"Chili (bird's eye, green)",56500.0
2024-04-01,SUMATERA UTARA,Chili (red),51083.333333333336
2024-05-01,BALI,Chili (bird's eye),34233.333333333336
2024-05-01,BALI,"Chili (bird's eye, green)",39000.0
2024-05-01,BALI,"Chili (bird's eye, red)",26693.75
2024-05-01,BALI,Chili (red),47671.875
2024-05-01,BALI,"Chili (red, large)",50250.0
2024-05-01,DAERAH ISTIMEWA YOGYAKARTA,"Chili (bird's eye, green)",38500.0
2024-05-01,DAERAH ISTIMEWA YOGYAKARTA,"Chili (bird's eye, red)",34000.0
2024-05-01,DAERAH ISTIMEWA YOGYAKARTA,Chili (red),50625.0
2024-05-01,DAERAH ISTIMEWA YOGYAKARTA,"Chili (red, large)",58750.0
2024-05-01,JAWA TENGAH,Chili (bird's eye),23725.0
2024-05-01,JAWA TENGAH,"Chili (bird's eye, green)",18902.083125
2024-05-01,JAWA TENGAH,"Chili (bird's eye, red)",28133.333749999998
2024-05-01,JAWA TENGAH,Chili (red),41616.07142857143
2024-05-01,JAWA TENGAH,"Chili (red, large)",44125.000625
2024-05-01,JAWA TIMUR,Chili (bird's eye),20133.333333333332
2024-05-01,JAWA TIMUR,"Chili (bird's eye, green)",17260.0
2024-05-01,JAWA TIMUR,"Chili (bird's eye, red)",22950.0
2024-05-01,JAWA TIMUR,Chili (red),46462.5
2024-05-01,JAWA TIMUR,"Chili (red, large)",51650.0
2024-05-01,KALIMANTAN TIMUR,Chili (bird's eye),58125.0
2024-05-01,KALIMANTAN TIMUR,"Chili (bird's eye, green)",63750.0
2024-05-01,KALIMANTAN TIMUR,"Chili (bird's eye, red)",52500.0
2024-05-01,KALIMANTAN TIMUR,Chili (red),60625.0
2024-05-01,KALIMANTAN TIMUR,"Chili (red, large)",67500.0
2024-05-01,NUSA TENGGARA BARAT,Chili (bird's eye),28630.0
2024-05-01,NUSA TENGGARA BARAT,"Chili (bird's eye, green)",21625.0
2024-05-01,NUSA TENGGARA BARAT,"Chili (bird's eye, red)",33360.0
2024-05-01,NUSA TENGGARA BARAT,Chili (red),45500.0
2024-05-01,NUSA TENGGARA BARAT,"Chili (red, large)",48750.0
2024-05-01,NUSA TENGGARA TIMUR,Chili (bird's eye),72716.66666666667
2024-05-01,NUSA TENGGARA TIMUR,"Chili (bird's eye, green)",66233.33333333333
2024-05-01,NUSA TENGGARA TIMUR,"Chili (bird's eye, red)",79200.0
2024-05-01,NUSA TENGGARA TIMUR,Chili (red),49375.0
2024-05-01,NUSA TENGGARA TIMUR,"Chili (red, large)",53333.333333333336
2024-05-01,SULAWESI SELATAN,Chili (bird's eye),39562.5
2024-05-01,SULAWESI SELATAN,"Chili (bird's eye, green)",24250.0
2024-05-01,SULAWESI SELATAN,"Chili (bird's eye, red)",44100.0
2024-05-01,SULAWESI SELATAN,Chili (red),27850.0
2024-05-01,SULAWESI SELATAN,"Chili (red, large)",26000.0
2024-05-01,SULAWESI TENGGARA,Chili (bird's eye),57187.5
2024-05-01,SULAWESI TENGGARA,"Chili (bird's eye, green)",55625.0
2024-05-01,SULAWESI TENGGARA,"Chili (bird's eye, red)",58750.0
2024-05-01,SULAWESI TENGGARA,"Chili (red, large)",48125.0
2024-05-01,SUMATERA BARAT,Chili (bird's eye),50555.556666666664
2024-05-01,SUMATERA BARAT,"Chili (bird's eye, green)",48041.667499999996
2024-05-01,SUMATERA BARAT,Chili (red),60916.665
2024-05-01,SUMATERA UTARA,Chili (bird's eye),44650.0
2024-05-01,SUMATERA UTARA,"Chili (bird's eye, green)",41940.0
2024-05-01,SUMATERA UTARA,Chili (red),50450.0
